read_name,ground_truth_chimeric,ground_truth_backbone,pipeline_detected_chimeric,pipeline_classified_backbone,classification,ground_truth_refs,detected_refs,ground_truth_category
read_000000,1,0,1,0,TP,chr20|ref_rep_cap,ref_rep_cap|chr20,chimeric
read_000001,1,0,1,0,TP,chrX|ref_rep_cap|chr22,ref_rep_cap|chrX,chimeric
read_000002,1,0,1,0,TP,CMV-eGFP-HA-T2A-fLuc|chr18,CMV-eGFP-HA-T2A-fLuc|chr18,chimeric
read_000003,1,0,1,0,TP,ref_rep_cap|chr4|ref_helper|chrM,chrM|ref_helper|ref_rep_cap,chimeric
read_000004,1,0,1,0,TP,chrX|ref_rep_cap|chr20,chrX|chr20|ref_rep_cap,chimeric
read_000005,1,0,1,0,TP,ref_helper|chr5,ref_helper|chr5,chimeric
read_000006,1,0,1,0,TP,ref_helper|chr2,ref_helper|chr2,chimeric
read_000007,1,0,1,0,TP,chr5|CMV-eGFP-HA-T2A-fLuc|chr21|ref_helper,chr5|ref_helper|CMV-eGFP-HA-T2A-fLuc|chr21,chimeric
read_000008,1,0,1,0,TP,chr5|CMV-eGFP-HA-T2A-fLuc|chr6,chr5|chr6|CMV-eGFP-HA-T2A-fLuc,chimeric
read_000009,1,0,1,0,TP,CMV-eGFP-HA-T2A-fLuc|chr13|ref_helper|chr2,chr2|CMV-eGFP-HA-T2A-fLuc|chr13,chimeric
read_000010,1,0,1,0,TP,chr8|ref_rep_cap|chr17,chr17|ref_rep_cap|chr8,chimeric
read_000011,1,0,1,0,TP,CMV-eGFP-HA-T2A-fLuc|chr22,CMV-eGFP-HA-T2A-fLuc|chr22,chimeric
read_000012,1,0,1,0,TP,chr8|ref_rep_cap,chr8|ref_rep_cap,chimeric
read_000013,1,0,1,0,TP,chr22|CMV-eGFP-HA-T2A-fLuc|chr15|ref_helper,chr15|CMV-eGFP-HA-T2A-fLuc|chr22|ref_helper,chimeric
read_000014,1,0,1,0,TP,chrX|CMV-eGFP-HA-T2A-fLuc,CMV-eGFP-HA-T2A-fLuc|chrX,chimeric
read_000015,1,0,0,0,FN,chr9|CMV-eGFP-HA-T2A-fLuc|ref_rep_cap|chr2,,chimeric
read_000016,1,0,1,0,TP,chr11|ref_rep_cap|chr5,chr11|ref_rep_cap|chr5,chimeric
read_000017,1,0,1,0,TP,chr22|ref_rep_cap|chr18|ref_helper,ref_rep_cap|chr18|ref_helper,chimeric
read_000018,1,0,0,0,FN,chr18|ref_helper|chr15,,chimeric
read_000019,1,0,1,0,TP,CMV-eGFP-HA-T2A-fLuc|chr22,chr22|CMV-eGFP-HA-T2A-fLuc,chimeric
read_000020,1,0,1,0,TP,chrY|CMV-eGFP-HA-T2A-fLuc,CMV-eGFP-HA-T2A-fLuc|chrY,chimeric
read_000021,1,0,1,0,TP,chrM|CMV-eGFP-HA-T2A-fLuc|chr1,chrM|CMV-eGFP-HA-T2A-fLuc|chr1,chimeric
read_000022,1,0,1,0,TP,chr5|CMV-eGFP-HA-T2A-fLuc,CMV-eGFP-HA-T2A-fLuc|chr5,chimeric
read_000023,1,0,1,0,TP,chr19|ref_rep_cap|chr5,chr19|ref_rep_cap|chr5,chimeric
read_000024,1,0,1,0,TP,chr18|ref_helper|chr20|ref_helper,chr20|ref_helper|chr18,chimeric
read_000025,1,0,1,0,TP,chr10|ref_rep_cap|chr18|ref_helper,ref_helper|chr10|ref_rep_cap|chr18,chimeric
read_000026,1,0,1,0,TP,ref_helper|chr22,chr22|ref_helper,chimeric
read_000027,1,0,1,0,TP,chr15|ref_helper|chrM|ref_rep_cap,ref_rep_cap|chrM|ref_helper|chr15,chimeric
read_000028,1,0,1,0,TP,chr1|CMV-eGFP-HA-T2A-fLuc|chr14|CMV-eGFP-HA-T2A-fLuc,chr1|CMV-eGFP-HA-T2A-fLuc,chimeric
read_000029,1,0,1,0,TP,chrM|CMV-eGFP-HA-T2A-fLuc,chrM|CMV-eGFP-HA-T2A-fLuc,chimeric
read_000030,1,0,1,0,TP,CMV-eGFP-HA-T2A-fLuc|chr4,chr4|CMV-eGFP-HA-T2A-fLuc,chimeric
read_000031,1,0,1,0,TP,chr1|ref_rep_cap|chr12,chr1|ref_rep_cap|chr12,chimeric
read_000032,1,0,1,0,TP,ref_helper|chrX,ref_helper|chrX,chimeric
read_000033,1,0,1,0,TP,chr11|ref_helper|CMV-eGFP-HA-T2A-fLuc|chr7,chr7|chr11|CMV-eGFP-HA-T2A-fLuc|ref_helper,chimeric
read_000034,1,0,0,0,FN,ref_rep_cap|chrY,,chimeric
read_000035,1,0,1,0,TP,CMV-eGFP-HA-T2A-fLuc|chr16,CMV-eGFP-HA-T2A-fLuc|chr16,chimeric
read_000036,1,0,1,0,TP,chr8|ref_helper|chr7|ref_rep_cap,ref_helper|chr7|chr8|ref_rep_cap,chimeric
read_000037,1,0,0,0,FN,ref_rep_cap|chr5,,chimeric
read_000038,1,0,1,0,TP,CMV-eGFP-HA-T2A-fLuc|chr8|ref_rep_cap|chr5,ref_rep_cap|chr5,chimeric
read_000039,1,0,1,0,TP,chr21|ref_helper|chr11,chr21|chr11|ref_helper,chimeric
read_000040,1,0,1,0,TP,chr4|ref_helper,ref_helper|chr4,chimeric
read_000041,1,0,1,0,TP,ref_rep_cap|chr13,chr13|ref_rep_cap,chimeric
read_000042,1,0,1,0,TP,CMV-eGFP-HA-T2A-fLuc|chrX,chrX|CMV-eGFP-HA-T2A-fLuc,chimeric
read_000043,1,0,1,0,TP,chr12|ref_helper|CMV-eGFP-HA-T2A-fLuc,ref_helper|chr12|CMV-eGFP-HA-T2A-fLuc,chimeric
read_000044,1,0,1,0,TP,chr22|ref_helper|chr17|CMV-eGFP-HA-T2A-fLuc,CMV-eGFP-HA-T2A-fLuc|chr17|ref_helper|chr22,chimeric
read_000045,1,0,1,0,TP,ref_helper|chr3|ref_rep_cap|chr1,chr1|ref_rep_cap|chr3|ref_helper,chimeric
read_000046,1,0,1,0,TP,chr10|ref_helper,ref_helper|chr10,chimeric
read_000047,1,0,1,0,TP,chr4|CMV-eGFP-HA-T2A-fLuc,CMV-eGFP-HA-T2A-fLuc|chr4,chimeric
read_000048,1,0,1,0,TP,CMV-eGFP-HA-T2A-fLuc|chr1|ref_helper|chrX,chrX|CMV-eGFP-HA-T2A-fLuc|ref_helper|chr1,chimeric
read_000049,1,0,1,0,TP,chr3|ref_rep_cap|chr9|ref_helper,chr3|chr9|ref_rep_cap|ref_helper,chimeric
read_000050,1,0,1,0,TP,chr12|CMV-eGFP-HA-T2A-fLuc|chr8,chr12|CMV-eGFP-HA-T2A-fLuc|chr8,chimeric
read_000051,1,0,1,0,TP,CMV-eGFP-HA-T2A-fLuc|chrM|ref_rep_cap|chrY,CMV-eGFP-HA-T2A-fLuc|ref_rep_cap|chrM,chimeric
read_000052,1,0,1,0,TP,CMV-eGFP-HA-T2A-fLuc|chr17,chr17|CMV-eGFP-HA-T2A-fLuc,chimeric
read_000053,1,0,0,0,FN,chrY|CMV-eGFP-HA-T2A-fLuc|chr3|CMV-eGFP-HA-T2A-fLuc,,chimeric
read_000054,1,0,1,0,TP,chr19|CMV-eGFP-HA-T2A-fLuc|chr6|ref_helper,chr19|ref_helper|CMV-eGFP-HA-T2A-fLuc|chr6,chimeric
read_000055,1,0,1,0,TP,chr10|ref_rep_cap|chr6,chr6|chr10|ref_rep_cap,chimeric
read_000056,1,0,1,0,TP,chr21|ref_rep_cap|chr11|ref_rep_cap,chr21|ref_rep_cap|chr11|ref_rep_cap,chimeric
read_000057,1,0,1,0,TP,ref_helper|CMV-eGFP-HA-T2A-fLuc|chr2,CMV-eGFP-HA-T2A-fLuc|chr2,chimeric
read_000058,1,0,1,0,TP,ref_helper|chr11,ref_helper|chr11,chimeric
read_000059,1,0,1,0,TP,ref_helper|chrM,ref_helper|chrM,chimeric
read_000060,1,0,1,0,TP,chr1|ref_rep_cap,chr1|ref_rep_cap,chimeric
read_000061,1,0,1,0,TP,CMV-eGFP-HA-T2A-fLuc|chr2|ref_helper|chr13,chr13|CMV-eGFP-HA-T2A-fLuc|ref_helper|chr2,chimeric
read_000062,1,0,1,0,TP,ref_helper|chr5,chr5|ref_helper,chimeric
read_000063,1,0,1,0,TP,chr21|ref_helper|chr6,ref_helper|chr6,chimeric
read_000064,1,0,1,0,TP,chr8|ref_rep_cap|chr5|CMV-eGFP-HA-T2A-fLuc,chr8|CMV-eGFP-HA-T2A-fLuc|ref_rep_cap|chr5,chimeric
read_000065,1,0,1,0,TP,chr6|CMV-eGFP-HA-T2A-fLuc|chr8|CMV-eGFP-HA-T2A-fLuc,chr6|CMV-eGFP-HA-T2A-fLuc|chr8|CMV-eGFP-HA-T2A-fLuc,chimeric
read_000066,1,0,1,0,TP,chr1|ref_rep_cap|chr3,chr1|ref_rep_cap|chr3,chimeric
read_000067,1,0,1,0,TP,chrY|ref_rep_cap|chrY|CMV-eGFP-HA-T2A-fLuc,ref_rep_cap|CMV-eGFP-HA-T2A-fLuc,chimeric
read_000068,1,0,1,0,TP,ref_rep_cap|chr6,ref_rep_cap|chr6,chimeric
read_000069,1,0,1,0,TP,ref_rep_cap|chr19,chr19|ref_rep_cap,chimeric
read_000070,1,0,1,0,TP,chr21|ref_rep_cap|chr4,chr4|ref_rep_cap,chimeric
read_000071,1,0,1,0,TP,chr5|ref_rep_cap|CMV-eGFP-HA-T2A-fLuc|chr5,chr5|ref_rep_cap|CMV-eGFP-HA-T2A-fLuc|chr5,chimeric
read_000072,1,0,1,0,TP,chr17|ref_helper|chr12|ref_helper,chr17|ref_helper|chr12|ref_helper,chimeric
read_000073,1,0,1,0,TP,chr11|ref_rep_cap|CMV-eGFP-HA-T2A-fLuc|chr15,chr15|CMV-eGFP-HA-T2A-fLuc|ref_rep_cap|chr11,chimeric
read_000074,1,0,1,0,TP,ref_helper|chr1|CMV-eGFP-HA-T2A-fLuc|chr6,chr6|chr1|CMV-eGFP-HA-T2A-fLuc|ref_helper,chimeric
read_000075,1,0,1,0,TP,CMV-eGFP-HA-T2A-fLuc|chr3,chr3|CMV-eGFP-HA-T2A-fLuc,chimeric
read_000076,1,0,0,0,FN,chr14|ref_helper|chr20,,chimeric
read_000077,1,0,1,0,TP,CMV-eGFP-HA-T2A-fLuc|chr15|ref_helper|chr5,CMV-eGFP-HA-T2A-fLuc|chr15|ref_helper|chr5,chimeric
read_000078,1,0,1,0,TP,chr21|ref_helper|chr22,ref_helper|chr21,chimeric
read_000079,1,0,1,0,TP,chr13|CMV-eGFP-HA-T2A-fLuc,chr13|CMV-eGFP-HA-T2A-fLuc,chimeric
read_000080,1,0,1,0,TP,CMV-eGFP-HA-T2A-fLuc|chr4|ref_helper|chr5,chr4|CMV-eGFP-HA-T2A-fLuc|chr5,chimeric
read_000081,1,0,1,0,TP,chr4|ref_rep_cap,chr4|ref_rep_cap,chimeric
read_000082,1,0,0,0,FN,chr18|CMV-eGFP-HA-T2A-fLuc|chr10|ref_helper,,chimeric
read_000083,1,0,1,0,TP,chr7|ref_rep_cap|chr6,ref_rep_cap|chr7|chr6,chimeric
read_000084,1,0,1,0,TP,chr2|ref_rep_cap|chr7,ref_rep_cap|chr2|chr7,chimeric
read_000085,1,0,1,0,TP,chr7|ref_rep_cap|chr2,ref_rep_cap|chr7|chr2,chimeric
read_000086,1,0,1,0,TP,chr21|ref_helper,chr21|ref_helper,chimeric
read_000087,1,0,1,0,TP,CMV-eGFP-HA-T2A-fLuc|chr7|CMV-eGFP-HA-T2A-fLuc|chrY,CMV-eGFP-HA-T2A-fLuc|chr7|CMV-eGFP-HA-T2A-fLuc,chimeric
read_000088,1,0,1,0,TP,chr17|ref_helper|chr19,chr17|chr19|ref_helper,chimeric
read_000089,1,0,1,0,TP,chr2|CMV-eGFP-HA-T2A-fLuc|chr22,CMV-eGFP-HA-T2A-fLuc|chr2,chimeric
read_000090,1,0,1,0,TP,ref_helper|chr14,chr14|ref_helper,chimeric
read_000091,1,0,1,0,TP,CMV-eGFP-HA-T2A-fLuc|chr12,chr12|CMV-eGFP-HA-T2A-fLuc,chimeric
read_000092,1,0,1,0,TP,ref_rep_cap|chr2,ref_rep_cap|chr2,chimeric
read_000093,1,0,1,0,TP,chr17|ref_rep_cap|chr21,chr17|ref_rep_cap|chr21,chimeric
read_000094,1,0,1,0,TP,ref_rep_cap|chr10|CMV-eGFP-HA-T2A-fLuc|chr14,chr14|ref_rep_cap|chr10|CMV-eGFP-HA-T2A-fLuc,chimeric
read_000095,1,0,1,0,TP,CMV-eGFP-HA-T2A-fLuc|chr16,chr16|CMV-eGFP-HA-T2A-fLuc,chimeric
read_000096,1,0,1,0,TP,chr20|ref_rep_cap,chr20|ref_rep_cap,chimeric
read_000097,1,0,1,0,TP,chr3|ref_rep_cap,chr3|ref_rep_cap,chimeric
read_000098,1,0,1,0,TP,ref_helper|CMV-eGFP-HA-T2A-fLuc|chr20,chr20|ref_helper|CMV-eGFP-HA-T2A-fLuc,chimeric
read_000099,1,0,1,0,TP,chr15|CMV-eGFP-HA-T2A-fLuc|chr8,chr8|CMV-eGFP-HA-T2A-fLuc|chr15,chimeric
read_000100,1,0,1,0,TP,ref_rep_cap|chr20|CMV-eGFP-HA-T2A-fLuc|chr20,chr20|ref_rep_cap|chr20|CMV-eGFP-HA-T2A-fLuc,chimeric
read_000101,1,0,1,0,TP,ref_helper|chr16,ref_helper|chr16,chimeric
read_000102,1,0,1,0,TP,chr9|ref_helper|chrY,ref_helper|chrY,chimeric
read_000103,1,0,1,0,TP,chr12|CMV-eGFP-HA-T2A-fLuc|chr15|ref_helper,chr12|CMV-eGFP-HA-T2A-fLuc|ref_helper,chimeric
read_000104,1,0,1,0,TP,ref_rep_cap|chr12|ref_helper|chr5,chr12|ref_helper|ref_rep_cap|chr5,chimeric
read_000105,1,0,1,0,TP,chr3|CMV-eGFP-HA-T2A-fLuc|chr18,chr3|CMV-eGFP-HA-T2A-fLuc|chr18,chimeric
read_000106,1,0,0,0,FN,chrY|CMV-eGFP-HA-T2A-fLuc,,chimeric
read_000107,1,0,1,0,TP,chr12|ref_rep_cap|chr3|ref_rep_cap,ref_rep_cap|ref_rep_cap|chr3|chr12,chimeric
read_000108,1,0,1,0,TP,chr7|ref_helper,ref_helper|chr7,chimeric
read_000109,1,0,1,0,TP,chr16|ref_rep_cap,chr16|ref_rep_cap,chimeric
read_000110,1,0,1,0,TP,chr22|ref_rep_cap|chr11,chr22|ref_rep_cap|chr11,chimeric
read_000111,1,0,1,0,TP,chr2|CMV-eGFP-HA-T2A-fLuc|chr18,chr2|CMV-eGFP-HA-T2A-fLuc|chr18,chimeric
read_000112,1,0,1,0,TP,chrX|CMV-eGFP-HA-T2A-fLuc|chr7|ref_helper,chr7|CMV-eGFP-HA-T2A-fLuc|chrX|ref_helper,chimeric
read_000113,1,0,1,0,TP,chr19|CMV-eGFP-HA-T2A-fLuc|chr2,chr19|CMV-eGFP-HA-T2A-fLuc|chr2,chimeric
read_000114,1,0,1,0,TP,chr17|ref_rep_cap|chrX,chrX|chr17|ref_rep_cap,chimeric
read_000115,1,0,1,0,TP,ref_rep_cap|chr12,chr12|ref_rep_cap,chimeric
read_000116,1,0,1,0,TP,chr13|CMV-eGFP-HA-T2A-fLuc|chr19,chr19|chr13|CMV-eGFP-HA-T2A-fLuc,chimeric
read_000117,1,0,0,0,FN,chr10|ref_helper,,chimeric
read_000118,1,0,1,0,TP,chr22|CMV-eGFP-HA-T2A-fLuc|chr14|CMV-eGFP-HA-T2A-fLuc,CMV-eGFP-HA-T2A-fLuc|chr14|CMV-eGFP-HA-T2A-fLuc,chimeric
read_000119,1,0,1,0,TP,CMV-eGFP-HA-T2A-fLuc|chr2,chr2|CMV-eGFP-HA-T2A-fLuc,chimeric
read_000120,1,0,1,0,TP,chr19|ref_rep_cap,ref_rep_cap|chr19,chimeric
read_000121,1,0,1,0,TP,chr10|CMV-eGFP-HA-T2A-fLuc|chr1,chr1|CMV-eGFP-HA-T2A-fLuc|chr10,chimeric
read_000122,1,0,1,0,TP,chr13|CMV-eGFP-HA-T2A-fLuc|chr19,CMV-eGFP-HA-T2A-fLuc|chr19,chimeric
read_000123,1,0,1,0,TP,chr14|ref_rep_cap,chr14|ref_rep_cap,chimeric
read_000124,1,0,1,0,TP,chr13|ref_helper|chr15,chr15|ref_helper|chr13,chimeric
read_000125,1,0,1,0,TP,chr4|ref_helper|chr4,ref_helper|chr4|chr4,chimeric
read_000126,1,0,1,0,TP,chr15|ref_rep_cap,ref_rep_cap|chr15,chimeric
read_000127,1,0,1,0,TP,CMV-eGFP-HA-T2A-fLuc|chr7|ref_helper|chr15,chr15|ref_helper,chimeric
read_000128,1,0,1,0,TP,chrM|ref_helper|chr2,chrM|ref_helper|chr2,chimeric
read_000129,1,0,1,0,TP,chr22|ref_helper,ref_helper|chr22,chimeric
read_000130,1,0,1,0,TP,chr16|ref_rep_cap,ref_rep_cap|chr16,chimeric
read_000131,1,0,1,0,TP,chrX|ref_helper|chr11|ref_helper,chrX|chr11|ref_helper,chimeric
read_000132,1,0,1,0,TP,chr17|ref_rep_cap,chr17|ref_rep_cap,chimeric
read_000133,1,0,0,0,FN,ref_helper|chr20,,chimeric
read_000134,1,0,0,0,FN,chr15|ref_helper,,chimeric
read_000135,1,0,1,0,TP,chr6|ref_rep_cap|chr20,chr20|ref_rep_cap|chr6,chimeric
read_000136,1,0,1,0,TP,CMV-eGFP-HA-T2A-fLuc|chr10|ref_helper|chr8,chr8|ref_helper|chr10|CMV-eGFP-HA-T2A-fLuc,chimeric
read_000137,1,0,1,0,TP,chr18|CMV-eGFP-HA-T2A-fLuc|chr22|CMV-eGFP-HA-T2A-fLuc,chr18|CMV-eGFP-HA-T2A-fLuc|CMV-eGFP-HA-T2A-fLuc,chimeric
read_000138,1,0,1,0,TP,chr5|ref_rep_cap|chr5,chr5|ref_rep_cap|chr5,chimeric
read_000139,1,0,1,0,TP,ref_helper|chr1,chr1|ref_helper,chimeric
read_000140,1,0,1,0,TP,chr8|CMV-eGFP-HA-T2A-fLuc|chr9,chr8|chr9,chimeric
read_000141,1,0,1,0,TP,ref_rep_cap|chr8,ref_rep_cap|chr8,chimeric
read_000142,1,0,1,0,TP,ref_rep_cap|chr19,ref_rep_cap|chr19,chimeric
read_000143,1,0,1,0,TP,chr12|ref_helper,ref_helper|chr12,chimeric
read_000144,1,0,1,0,TP,CMV-eGFP-HA-T2A-fLuc|chr11,chr11|CMV-eGFP-HA-T2A-fLuc,chimeric
read_000145,1,0,1,0,TP,ref_helper|chr18,chr18|ref_helper,chimeric
read_000146,1,0,1,0,TP,chr20|ref_helper|chr14|ref_helper,ref_helper|chr14|ref_helper|chr20,chimeric
read_000147,1,0,1,0,TP,chr5|CMV-eGFP-HA-T2A-fLuc|ref_rep_cap|chr22,chr5|chr22|CMV-eGFP-HA-T2A-fLuc|ref_rep_cap,chimeric
read_000148,1,0,1,0,TP,chr12|CMV-eGFP-HA-T2A-fLuc|chr17,CMV-eGFP-HA-T2A-fLuc|chr12|chr17,chimeric
read_000149,1,0,1,0,TP,chr20|ref_rep_cap|chr10|ref_rep_cap,ref_rep_cap|ref_rep_cap|chr10|chr20,chimeric
read_000150,1,0,0,0,FN,ref_helper|chr20,,chimeric
read_000151,1,0,1,0,TP,chr12|CMV-eGFP-HA-T2A-fLuc|chr12|ref_helper,chr12|CMV-eGFP-HA-T2A-fLuc,chimeric
read_000152,1,0,1,0,TP,chr1|CMV-eGFP-HA-T2A-fLuc|chr15,chr15|chr1|CMV-eGFP-HA-T2A-fLuc,chimeric
read_000153,1,0,1,0,TP,chr8|ref_helper,ref_helper|chr8,chimeric
read_000154,1,0,1,0,TP,chrX|ref_rep_cap|chr13,ref_rep_cap|chrX|chr13,chimeric
read_000155,1,0,1,0,TP,chr6|ref_rep_cap,chr6|ref_rep_cap,chimeric
read_000156,1,0,1,0,TP,ref_rep_cap|chr1|ref_rep_cap,chr1|ref_rep_cap|ref_rep_cap,chimeric
read_000157,1,0,0,0,FN,chr2|CMV-eGFP-HA-T2A-fLuc,,chimeric
read_000158,1,0,1,0,TP,chr2|CMV-eGFP-HA-T2A-fLuc|chr13|ref_rep_cap,ref_rep_cap|chr13|CMV-eGFP-HA-T2A-fLuc|chr2,chimeric
read_000159,1,0,1,0,TP,chr2|ref_rep_cap|chr9,ref_rep_cap|chr9|chr2,chimeric
read_000160,1,0,1,0,TP,ref_helper|chr12|ref_rep_cap|chr4,ref_rep_cap|chr4,chimeric
read_000161,1,0,1,0,TP,CMV-eGFP-HA-T2A-fLuc|chr6,chr6|CMV-eGFP-HA-T2A-fLuc,chimeric
read_000162,1,0,1,0,TP,chr21|ref_rep_cap|chr18|CMV-eGFP-HA-T2A-fLuc,ref_rep_cap|chr18,chimeric
read_000163,1,0,1,0,TP,CMV-eGFP-HA-T2A-fLuc|chr16|ref_helper|chr12,chr12|ref_helper|chr16,chimeric
read_000164,1,0,1,0,TP,chr21|ref_helper|chr3,chr21|chr3|ref_helper,chimeric
read_000165,1,0,1,0,TP,chr21|CMV-eGFP-HA-T2A-fLuc|chr11,CMV-eGFP-HA-T2A-fLuc|chr21|chr11,chimeric
read_000166,1,0,1,0,TP,chr1|ref_helper|chr19|ref_rep_cap,chr19|chr1|ref_rep_cap,chimeric
read_000167,1,0,1,0,TP,chr2|CMV-eGFP-HA-T2A-fLuc|chr9,chr9|chr2|CMV-eGFP-HA-T2A-fLuc,chimeric
read_000168,1,0,0,0,FN,chr5|ref_helper,,chimeric
read_000169,1,0,1,0,TP,CMV-eGFP-HA-T2A-fLuc|chr5|ref_helper|chr12,chr12|CMV-eGFP-HA-T2A-fLuc|chr5|ref_helper,chimeric
read_000170,1,0,1,0,TP,chr7|ref_helper|chr3,chr3|ref_helper|chr7,chimeric
read_000171,1,0,1,0,TP,ref_rep_cap|chr11|ref_rep_cap|chr3,ref_rep_cap|chr11|ref_rep_cap|chr3,chimeric
read_000172,1,0,1,0,TP,chr18|ref_rep_cap,chr18|ref_rep_cap,chimeric
read_000173,1,0,1,0,TP,ref_rep_cap|chr9,chr9|ref_rep_cap,chimeric
read_000174,1,0,1,0,TP,chrX|ref_helper|chr9|ref_helper,ref_helper|chrX|ref_helper,chimeric
read_000175,1,0,1,0,TP,chrX|ref_helper,ref_helper|chrX,chimeric
read_000176,1,0,1,0,TP,CMV-eGFP-HA-T2A-fLuc|chr7,chr7|CMV-eGFP-HA-T2A-fLuc,chimeric
read_000177,1,0,1,0,TP,chr9|ref_rep_cap|chr18,chr8|ref_rep_cap|chr18,chimeric
read_000178,1,0,1,0,TP,chr13|ref_rep_cap|chrM,ref_rep_cap|chr13|chrM,chimeric
read_000179,1,0,1,0,TP,CMV-eGFP-HA-T2A-fLuc|chr9,chr9|CMV-eGFP-HA-T2A-fLuc,chimeric
read_000180,1,0,1,0,TP,ref_rep_cap|chr20,chr20|ref_rep_cap,chimeric
read_000181,1,0,1,0,TP,chr14|ref_rep_cap,ref_rep_cap|chr14,chimeric
read_000182,1,0,1,0,TP,ref_helper|chr3,chr3|ref_helper,chimeric
read_000183,1,0,1,0,TP,chr13|ref_rep_cap|chr9,chr13|ref_rep_cap|chr9,chimeric
read_000184,1,0,1,0,TP,chr6|ref_rep_cap,ref_rep_cap|chr6,chimeric
read_000185,1,0,1,0,TP,ref_rep_cap|chr22,chr22|ref_rep_cap,chimeric
read_000186,1,0,1,0,TP,chr20|ref_helper|chr21|ref_helper,chr20|ref_helper,chimeric
read_000187,1,0,1,0,TP,ref_rep_cap|chr1|CMV-eGFP-HA-T2A-fLuc|chrM,ref_rep_cap|CMV-eGFP-HA-T2A-fLuc|chr1|chrM,chimeric
read_000188,1,0,1,0,TP,chr13|ref_rep_cap|chr7,ref_rep_cap|chr7,chimeric
read_000189,1,0,1,0,TP,ref_rep_cap|chr10,chr10|ref_rep_cap,chimeric
read_000190,1,0,1,0,TP,ref_rep_cap|chrY,chrY|ref_rep_cap,chimeric
read_000191,1,0,1,0,TP,ref_helper|chr22,chr22|ref_helper,chimeric
read_000192,1,0,1,0,TP,CMV-eGFP-HA-T2A-fLuc|chr12,chr12|CMV-eGFP-HA-T2A-fLuc,chimeric
read_000193,1,0,1,0,TP,chr1|CMV-eGFP-HA-T2A-fLuc|chr3,chr3|CMV-eGFP-HA-T2A-fLuc|chr1,chimeric
read_000194,1,0,1,0,TP,ref_helper|chr13|ref_helper|chr12,chr12|ref_helper|ref_helper,chimeric
read_000195,1,0,1,0,TP,chr11|ref_helper|chr10,ref_helper|chr10,chimeric
read_000196,1,0,1,0,TP,chr16|ref_rep_cap,chr16|ref_rep_cap,chimeric
read_000197,1,0,1,0,TP,chr11|CMV-eGFP-HA-T2A-fLuc,CMV-eGFP-HA-T2A-fLuc|chr11,chimeric
read_000198,1,0,1,0,TP,chr2|ref_helper|chrM,chr2|ref_helper|chrM,chimeric
read_000199,1,0,1,0,TP,ref_helper|chr13|ref_rep_cap|chr3,ref_helper|ref_rep_cap|chr13|chr3,chimeric
read_000200,1,0,1,0,TP,chr1|ref_helper|chr16,chr1|chr16|ref_helper,chimeric
read_000201,1,0,1,0,TP,ref_rep_cap|chr21,chr21|ref_rep_cap,chimeric
read_000202,1,0,1,0,TP,chr5|CMV-eGFP-HA-T2A-fLuc|chr10|ref_helper,chr5|CMV-eGFP-HA-T2A-fLuc|chr10|ref_helper,chimeric
read_000203,1,0,1,0,TP,CMV-eGFP-HA-T2A-fLuc|chr17|CMV-eGFP-HA-T2A-fLuc|chr12,chr12|CMV-eGFP-HA-T2A-fLuc|chr17|CMV-eGFP-HA-T2A-fLuc,chimeric
read_000204,1,0,1,0,TP,chr7|ref_rep_cap|chr19,ref_rep_cap|chr19|chr7,chimeric
read_000205,1,0,1,0,TP,ref_helper|chr20,chr20|ref_helper,chimeric
read_000206,1,0,1,0,TP,chr20|ref_rep_cap,ref_rep_cap|chr20,chimeric
read_000207,1,0,1,0,TP,chr14|ref_helper|chr16,ref_helper|chr16,chimeric
read_000208,1,0,1,0,TP,chrM|CMV-eGFP-HA-T2A-fLuc,chrM|CMV-eGFP-HA-T2A-fLuc,chimeric
read_000209,1,0,1,0,TP,chr6|ref_helper|chr20,chr6|ref_helper|chr20,chimeric
read_000210,1,0,1,0,TP,chr12|CMV-eGFP-HA-T2A-fLuc,chr12|CMV-eGFP-HA-T2A-fLuc,chimeric
read_000211,1,0,1,0,TP,chr11|ref_helper,ref_helper|chr11,chimeric
read_000212,1,0,1,0,TP,chrM|ref_helper|chr13,ref_helper|chrM|chr13,chimeric
read_000213,1,0,1,0,TP,chrM|ref_helper|chr11,chr11|ref_helper|chrM,chimeric
read_000214,1,0,1,0,TP,chr22|CMV-eGFP-HA-T2A-fLuc,chr22|CMV-eGFP-HA-T2A-fLuc,chimeric
read_000215,1,0,1,0,TP,chr3|CMV-eGFP-HA-T2A-fLuc|chr2,chr2|CMV-eGFP-HA-T2A-fLuc|chr3,chimeric
read_000216,1,0,1,0,TP,chr8|ref_rep_cap|chr4,chr4|chr8|ref_rep_cap,chimeric
read_000217,1,0,1,0,TP,chrM|CMV-eGFP-HA-T2A-fLuc|chr5,chrM|CMV-eGFP-HA-T2A-fLuc|chr5,chimeric
read_000218,1,0,1,0,TP,chr20|ref_rep_cap|chrX,ref_rep_cap|chr20|chrX,chimeric
read_000219,1,0,1,0,TP,chr14|CMV-eGFP-HA-T2A-fLuc|chr12,CMV-eGFP-HA-T2A-fLuc|chr14|chr12,chimeric
read_000220,1,0,1,0,TP,chr6|ref_helper,chr6|ref_helper,chimeric
read_000221,1,0,1,0,TP,chr16|ref_helper|chrY,chrY|chr16,chimeric
read_000222,1,0,1,0,TP,ref_helper|chr2|ref_rep_cap|chr20,chr20|chr2|ref_rep_cap|ref_helper,chimeric
read_000223,1,0,1,0,TP,chr18|CMV-eGFP-HA-T2A-fLuc|chr11,chr11|CMV-eGFP-HA-T2A-fLuc,chimeric
read_000224,1,0,1,0,TP,chr15|ref_helper|chr13|ref_helper,ref_helper|chr13|ref_helper|chr15,chimeric
read_000225,1,0,1,0,TP,chr17|ref_helper|chr13,ref_helper|chr17,chimeric
read_000226,1,0,1,0,TP,chr21|ref_rep_cap|chr5,chr21|ref_rep_cap|chr5,chimeric
read_000227,1,0,1,0,TP,chr1|ref_rep_cap,chr1|ref_rep_cap,chimeric
read_000228,1,0,1,0,TP,ref_helper|chr22|CMV-eGFP-HA-T2A-fLuc|chr5,chr22|CMV-eGFP-HA-T2A-fLuc|ref_helper|chr5,chimeric
read_000229,1,0,1,0,TP,ref_helper|chr22|CMV-eGFP-HA-T2A-fLuc|chr6,CMV-eGFP-HA-T2A-fLuc|chr22|chr6|ref_helper,chimeric
read_000230,1,0,0,0,FN,chr8|ref_helper,,chimeric
read_000231,1,0,1,0,TP,ref_rep_cap|chrM,ref_rep_cap|chrM,chimeric
read_000232,1,0,1,0,TP,ref_rep_cap|chr17|ref_helper|chr9,chr17|ref_helper|ref_rep_cap,chimeric
read_000233,1,0,1,0,TP,chr18|ref_rep_cap|chr6,ref_rep_cap|chr6|chr18,chimeric
read_000234,1,0,1,0,TP,CMV-eGFP-HA-T2A-fLuc|chr12|ref_rep_cap,CMV-eGFP-HA-T2A-fLuc|chr12|ref_rep_cap,chimeric
read_000235,1,0,1,0,TP,chr11|ref_rep_cap|chr18,chr18|chr11|ref_rep_cap,chimeric
read_000236,1,0,1,0,TP,chr4|ref_helper|chr2|ref_helper,chr2|ref_helper|chr4|ref_helper,chimeric
read_000237,1,0,1,0,TP,chr18|CMV-eGFP-HA-T2A-fLuc|chr6,CMV-eGFP-HA-T2A-fLuc|chr6,chimeric
read_000238,1,0,1,0,TP,chrY|ref_rep_cap|chrX|ref_helper,ref_helper|ref_rep_cap,chimeric
read_000239,1,0,1,0,TP,chr17|CMV-eGFP-HA-T2A-fLuc,CMV-eGFP-HA-T2A-fLuc|chr17,chimeric
read_000240,1,0,1,0,TP,chr7|ref_rep_cap,ref_rep_cap|chr7,chimeric
read_000241,1,0,1,0,TP,ref_helper|chr20|ref_helper|chrM,ref_helper|ref_helper|chr20|chrM,chimeric
read_000242,1,0,0,0,FN,CMV-eGFP-HA-T2A-fLuc|chr16,,chimeric
read_000243,1,0,1,0,TP,chr19|CMV-eGFP-HA-T2A-fLuc|chr3|CMV-eGFP-HA-T2A-fLuc,CMV-eGFP-HA-T2A-fLuc|chr3|CMV-eGFP-HA-T2A-fLuc,chimeric
read_000244,1,0,1,0,TP,ref_rep_cap|CMV-eGFP-HA-T2A-fLuc|chr9,chr9|CMV-eGFP-HA-T2A-fLuc|ref_rep_cap,chimeric
read_000245,1,0,1,0,TP,chr12|CMV-eGFP-HA-T2A-fLuc|chr11|ref_helper,chr11|CMV-eGFP-HA-T2A-fLuc|chr12|ref_helper,chimeric
read_000246,1,0,1,0,TP,CMV-eGFP-HA-T2A-fLuc|chr21|ref_helper|chr3,ref_helper|chr3|CMV-eGFP-HA-T2A-fLuc,chimeric
read_000247,1,0,1,0,TP,ref_rep_cap|chr1,ref_rep_cap|chr1,chimeric
read_000248,1,0,1,0,TP,chr16|ref_helper,ref_helper|chr16,chimeric
read_000249,1,0,1,0,TP,chr18|ref_rep_cap|chr10,chr18|ref_rep_cap|chr10,chimeric
read_000250,1,0,1,0,TP,ref_helper|chrY|ref_helper|chr2,ref_helper|chrY|ref_helper|chr2,chimeric
read_000251,1,0,1,0,TP,chr22|ref_rep_cap|chr3,ref_rep_cap|chr3,chimeric
read_000252,1,0,1,0,TP,CMV-eGFP-HA-T2A-fLuc|chr21,CMV-eGFP-HA-T2A-fLuc|chr21,chimeric
read_000253,1,0,1,0,TP,ref_rep_cap|chrM|CMV-eGFP-HA-T2A-fLuc|chr11,chrM|CMV-eGFP-HA-T2A-fLuc|chr11|ref_rep_cap,chimeric
read_000254,1,0,1,0,TP,chr8|ref_helper|chr20,chr8|chr20|ref_helper,chimeric
read_000255,1,0,1,0,TP,chr17|ref_rep_cap|chr14,ref_rep_cap|chr17,chimeric
read_000256,1,0,1,0,TP,chr20|CMV-eGFP-HA-T2A-fLuc|ref_helper|chr15,ref_helper|CMV-eGFP-HA-T2A-fLuc|chr20|chr15,chimeric
read_000257,1,0,1,0,TP,chr4|CMV-eGFP-HA-T2A-fLuc|chr16,chr4|chr16|CMV-eGFP-HA-T2A-fLuc,chimeric
read_000258,1,0,1,0,TP,CMV-eGFP-HA-T2A-fLuc|chr13,chr13|CMV-eGFP-HA-T2A-fLuc,chimeric
read_000259,1,0,1,0,TP,CMV-eGFP-HA-T2A-fLuc|chr20,chr20|CMV-eGFP-HA-T2A-fLuc,chimeric
read_000260,1,0,1,0,TP,chrX|ref_rep_cap|chr14,chrX|ref_rep_cap,chimeric
read_000261,1,0,1,0,TP,chr22|ref_rep_cap|chr19|CMV-eGFP-HA-T2A-fLuc,CMV-eGFP-HA-T2A-fLuc|chr22|chr19|ref_rep_cap,chimeric
read_000262,1,0,1,0,TP,CMV-eGFP-HA-T2A-fLuc|chrM,CMV-eGFP-HA-T2A-fLuc|chrM,chimeric
read_000263,1,0,1,0,TP,chr14|CMV-eGFP-HA-T2A-fLuc|chrM,chr14|chrM|CMV-eGFP-HA-T2A-fLuc,chimeric
read_000264,1,0,1,0,TP,CMV-eGFP-HA-T2A-fLuc|chr8,chr8|CMV-eGFP-HA-T2A-fLuc,chimeric
read_000265,1,0,1,0,TP,ref_helper|chr21,ref_helper|chr21,chimeric
read_000266,1,0,1,0,TP,CMV-eGFP-HA-T2A-fLuc|chr22|ref_helper|chr6,chr6|chr22|ref_helper|CMV-eGFP-HA-T2A-fLuc,chimeric
read_000267,1,0,1,0,TP,chr8|CMV-eGFP-HA-T2A-fLuc|chr3,chr3|chr8|CMV-eGFP-HA-T2A-fLuc,chimeric
read_000268,1,0,1,0,TP,ref_helper|chr10|ref_helper,ref_helper|ref_helper|chr10,chimeric
read_000269,1,0,1,0,TP,chrM|CMV-eGFP-HA-T2A-fLuc,chrM|CMV-eGFP-HA-T2A-fLuc,chimeric
read_000270,1,0,1,0,TP,chr12|CMV-eGFP-HA-T2A-fLuc|chr7,CMV-eGFP-HA-T2A-fLuc|chr12|chr7,chimeric
read_000271,1,0,1,0,TP,CMV-eGFP-HA-T2A-fLuc|chr17|ref_helper|chr11,chr11|ref_helper|chr17|CMV-eGFP-HA-T2A-fLuc,chimeric
read_000272,1,0,1,0,TP,chr18|ref_rep_cap,chr18|ref_rep_cap,chimeric
read_000273,1,0,1,0,TP,chr15|ref_helper,chr15|ref_helper,chimeric
read_000274,1,0,1,0,TP,chrY|CMV-eGFP-HA-T2A-fLuc|chr12,chr12|CMV-eGFP-HA-T2A-fLuc,chimeric
read_000275,1,0,1,0,TP,chr6|CMV-eGFP-HA-T2A-fLuc,CMV-eGFP-HA-T2A-fLuc|chr6,chimeric
read_000276,1,0,1,0,TP,CMV-eGFP-HA-T2A-fLuc|chrX,chrX|CMV-eGFP-HA-T2A-fLuc,chimeric
read_000277,1,0,1,0,TP,chr21|ref_helper|chr19|CMV-eGFP-HA-T2A-fLuc,chr19|ref_helper|CMV-eGFP-HA-T2A-fLuc,chimeric
read_000278,1,0,1,0,TP,ref_rep_cap|chr18,chr18|ref_rep_cap,chimeric
read_000279,1,0,1,0,TP,chr7|ref_helper|chr17|ref_rep_cap,ref_rep_cap|chr17|ref_helper|chr7,chimeric
read_000280,1,0,1,0,TP,chr11|ref_helper|chr5,ref_helper|chr11|chr5,chimeric
read_000281,1,0,1,0,TP,chr21|ref_rep_cap|chr6|ref_rep_cap,chr21|ref_rep_cap|ref_rep_cap|chr6,chimeric
read_000282,1,0,1,0,TP,chr14|CMV-eGFP-HA-T2A-fLuc,chr14|CMV-eGFP-HA-T2A-fLuc,chimeric
read_000283,1,0,1,0,TP,ref_helper|chr17|ref_rep_cap|chr10,chr17|ref_rep_cap|chr10|ref_helper,chimeric
read_000284,1,0,1,0,TP,chrM|CMV-eGFP-HA-T2A-fLuc,CMV-eGFP-HA-T2A-fLuc|chrM,chimeric
read_000285,1,0,1,0,TP,chr1|CMV-eGFP-HA-T2A-fLuc|chr5,chr1|CMV-eGFP-HA-T2A-fLuc|chr5,chimeric
read_000286,1,0,1,0,TP,chrX|ref_rep_cap,ref_rep_cap|chrX,chimeric
read_000287,1,0,1,0,TP,ref_rep_cap|chr20,chr20|ref_rep_cap,chimeric
read_000288,1,0,1,0,TP,chr11|ref_helper|chr3|ref_helper,chr11|ref_helper,chimeric
read_000289,1,0,1,0,TP,chr8|CMV-eGFP-HA-T2A-fLuc|chr4,chr8|CMV-eGFP-HA-T2A-fLuc|chr4,chimeric
read_000290,1,0,1,0,TP,ref_helper|chr2,chr2|ref_helper,chimeric
read_000291,1,0,1,0,TP,CMV-eGFP-HA-T2A-fLuc|chrY|ref_helper|chr11,CMV-eGFP-HA-T2A-fLuc|chr11|ref_helper,chimeric
read_000292,1,0,1,0,TP,chr4|ref_helper|chr17|ref_helper,chr17|ref_helper|chr4|ref_helper,chimeric
read_000293,1,0,1,0,TP,ref_rep_cap|chr14|ref_helper,ref_helper|ref_rep_cap,chimeric
read_000294,1,0,1,0,TP,ref_helper|chr5|ref_helper|chr17,chr17|ref_helper,chimeric
read_000295,1,0,1,0,TP,chr22|ref_rep_cap|chr16,chr16|ref_rep_cap,chimeric
read_000296,1,0,1,0,TP,CMV-eGFP-HA-T2A-fLuc|chr12,chr12|CMV-eGFP-HA-T2A-fLuc,chimeric
read_000297,1,0,1,0,TP,ref_rep_cap|chrX|ref_rep_cap,ref_rep_cap|chrX|ref_rep_cap,chimeric
read_000298,1,0,1,0,TP,chr3|ref_helper|chr4,chr4|ref_helper|chr3,chimeric
read_000299,1,0,1,0,TP,ref_rep_cap|chr16|CMV-eGFP-HA-T2A-fLuc|chr22,chr22|chr16|CMV-eGFP-HA-T2A-fLuc|ref_rep_cap,chimeric
read_000300,1,0,1,0,TP,ref_helper|chr8|ref_rep_cap|chr5,chr8|ref_rep_cap|chr5|ref_helper,chimeric
read_000301,1,0,0,0,FN,chr5|ref_helper|chr8|CMV-eGFP-HA-T2A-fLuc,,chimeric
read_000302,1,0,1,0,TP,ref_rep_cap|chr15,ref_rep_cap|chr15,chimeric
read_000303,1,0,1,0,TP,CMV-eGFP-HA-T2A-fLuc|chr22|ref_helper|chr8,chr8|ref_helper,chimeric
read_000304,1,0,1,0,TP,CMV-eGFP-HA-T2A-fLuc|chr12,chr12|CMV-eGFP-HA-T2A-fLuc,chimeric
read_000305,1,0,1,0,TP,chrX|CMV-eGFP-HA-T2A-fLuc|chr14,chr14|CMV-eGFP-HA-T2A-fLuc|chrX,chimeric
read_000306,1,0,1,0,TP,chr21|ref_rep_cap|chr2,ref_rep_cap|chr2,chimeric
read_000307,1,0,1,0,TP,CMV-eGFP-HA-T2A-fLuc|chr11|CMV-eGFP-HA-T2A-fLuc|chrX,chr11|CMV-eGFP-HA-T2A-fLuc|chrX|CMV-eGFP-HA-T2A-fLuc,chimeric
read_000308,1,0,1,0,TP,chr13|ref_helper,chr13|ref_helper,chimeric
read_000309,1,0,1,0,TP,chr7|ref_rep_cap|chr8,chr8|chr7|ref_rep_cap,chimeric
read_000310,1,0,1,0,TP,ref_rep_cap|chr7,chr7|ref_rep_cap,chimeric
read_000311,1,0,1,0,TP,chrM|CMV-eGFP-HA-T2A-fLuc|chrY,chrM|CMV-eGFP-HA-T2A-fLuc,chimeric
read_000312,1,0,1,0,TP,ref_helper|chr22|CMV-eGFP-HA-T2A-fLuc|chr10,chr22|CMV-eGFP-HA-T2A-fLuc|ref_helper|chr10,chimeric
read_000313,1,0,0,0,FN,ref_rep_cap|chrY,,chimeric
read_000314,1,0,1,0,TP,chr13|ref_helper,chr13|ref_helper,chimeric
read_000315,1,0,1,0,TP,chr16|CMV-eGFP-HA-T2A-fLuc|chr20,chr20|CMV-eGFP-HA-T2A-fLuc|chr16,chimeric
read_000316,1,0,1,0,TP,chr10|ref_helper|chr13|ref_helper,ref_helper|chr13|ref_helper|chr10,chimeric
read_000317,1,0,1,0,TP,ref_rep_cap|chr22|ref_rep_cap|chr4,chr4|ref_rep_cap|chr22|ref_rep_cap,chimeric
read_000318,1,0,0,0,FN,chrX|ref_helper|chr12,,chimeric
read_000319,1,0,1,0,TP,chr5|ref_rep_cap|chr21,ref_rep_cap|chr5,chimeric
read_000320,1,0,1,0,TP,chr3|ref_rep_cap|chr17,chr17|chr3|ref_rep_cap,chimeric
read_000321,1,0,1,0,TP,chrM|ref_helper|chr5,chr5|ref_helper|chrM,chimeric
read_000322,1,0,1,0,TP,chr21|ref_rep_cap,chr21|ref_rep_cap,chimeric
read_000323,1,0,1,0,TP,chr7|ref_rep_cap|CMV-eGFP-HA-T2A-fLuc|chr6,CMV-eGFP-HA-T2A-fLuc|ref_rep_cap|chr7,chimeric
read_000324,1,0,1,0,TP,ref_rep_cap|chr15,chr15|ref_rep_cap,chimeric
read_000325,1,0,1,0,TP,chr3|ref_rep_cap,chr3|ref_rep_cap,chimeric
read_000326,1,0,1,0,TP,chr12|CMV-eGFP-HA-T2A-fLuc|chr5|CMV-eGFP-HA-T2A-fLuc,CMV-eGFP-HA-T2A-fLuc|chr12|chr5,chimeric
read_000327,1,0,1,0,TP,chr7|ref_rep_cap|chr20,chr7|chr20|ref_rep_cap,chimeric
read_000328,1,0,1,0,TP,chr20|ref_rep_cap|chr22,ref_rep_cap|chr20,chimeric
read_000329,1,0,1,0,TP,chrX|CMV-eGFP-HA-T2A-fLuc|chr2|ref_rep_cap,CMV-eGFP-HA-T2A-fLuc|chr2|ref_rep_cap|chrX,chimeric
read_000330,1,0,1,0,TP,chr9|CMV-eGFP-HA-T2A-fLuc|chr6|ref_rep_cap,ref_rep_cap|chr6|CMV-eGFP-HA-T2A-fLuc|chr9,chimeric
read_000331,1,0,1,0,TP,chr15|ref_helper|chr19,chr15|chr19|ref_helper,chimeric
read_000332,1,0,1,0,TP,CMV-eGFP-HA-T2A-fLuc|chrX,chrX|CMV-eGFP-HA-T2A-fLuc,chimeric
read_000333,1,0,1,0,TP,chr2|ref_helper|chr14,ref_helper|chr2|chr14,chimeric
read_000334,1,0,1,0,TP,chr12|CMV-eGFP-HA-T2A-fLuc,CMV-eGFP-HA-T2A-fLuc|chr12,chimeric
read_000335,1,0,1,0,TP,chr10|CMV-eGFP-HA-T2A-fLuc|chrY|CMV-eGFP-HA-T2A-fLuc,chr10|CMV-eGFP-HA-T2A-fLuc|CMV-eGFP-HA-T2A-fLuc,chimeric
read_000336,1,0,1,0,TP,ref_rep_cap|chr16|CMV-eGFP-HA-T2A-fLuc|chr22,chr22|CMV-eGFP-HA-T2A-fLuc|chr16|ref_rep_cap,chimeric
read_000337,1,0,1,0,TP,ref_rep_cap|chr22|CMV-eGFP-HA-T2A-fLuc,CMV-eGFP-HA-T2A-fLuc|chr22|ref_rep_cap,chimeric
read_000338,1,0,1,0,TP,chr22|ref_helper|chr22,ref_helper|chr22,chimeric
read_000339,1,0,1,0,TP,ref_helper|chr4|ref_rep_cap,ref_helper|chr4|ref_rep_cap,chimeric
read_000340,1,0,1,0,TP,chr18|CMV-eGFP-HA-T2A-fLuc|chr6,chr6|chr18|CMV-eGFP-HA-T2A-fLuc,chimeric
read_000341,1,0,1,0,TP,ref_helper|chr21,chr21|ref_helper,chimeric
read_000342,1,0,1,0,TP,CMV-eGFP-HA-T2A-fLuc|chr20|ref_helper|chr3,CMV-eGFP-HA-T2A-fLuc|chr3|ref_helper|chr20,chimeric
read_000343,1,0,1,0,TP,chr18|ref_rep_cap|chr20,chr18|ref_rep_cap|chr20,chimeric
read_000344,1,0,1,0,TP,CMV-eGFP-HA-T2A-fLuc|chr1,CMV-eGFP-HA-T2A-fLuc|chr1,chimeric
read_000345,1,0,1,0,TP,chr19|ref_rep_cap|chr5|ref_rep_cap,ref_rep_cap|chr5|ref_rep_cap|chr19,chimeric
read_000346,1,0,1,0,TP,chr17|CMV-eGFP-HA-T2A-fLuc,CMV-eGFP-HA-T2A-fLuc|chr17,chimeric
read_000347,1,0,1,0,TP,ref_helper|chr17,chr17|ref_helper,chimeric
read_000348,1,0,1,0,TP,CMV-eGFP-HA-T2A-fLuc|chr12|ref_rep_cap|chr2,chr2|chr12|ref_rep_cap|CMV-eGFP-HA-T2A-fLuc,chimeric
read_000349,1,0,1,0,TP,chr4|ref_helper,chr4|ref_helper,chimeric
read_000350,1,0,1,0,TP,chr16|ref_rep_cap|chr19,ref_rep_cap|chr19|chr16,chimeric
read_000351,1,0,1,0,TP,chrM|ref_helper|chr12|ref_rep_cap,chrM|ref_rep_cap|ref_helper|chr12,chimeric
read_000352,1,0,1,0,TP,ref_helper|chr20,ref_helper|chr20,chimeric
read_000353,1,0,1,0,TP,ref_rep_cap|chr1|CMV-eGFP-HA-T2A-fLuc|chr12,ref_rep_cap|chr1|CMV-eGFP-HA-T2A-fLuc|chr12,chimeric
read_000354,1,0,1,0,TP,chr20|ref_helper|chr17|CMV-eGFP-HA-T2A-fLuc,CMV-eGFP-HA-T2A-fLuc|chr17|ref_helper|chr20,chimeric
read_000355,1,0,1,0,TP,chr22|ref_rep_cap|chrM,chr22|ref_rep_cap|chrM,chimeric
read_000356,1,0,1,0,TP,CMV-eGFP-HA-T2A-fLuc|chr11,chr11|CMV-eGFP-HA-T2A-fLuc,chimeric
read_000357,1,0,1,0,TP,chr15|ref_rep_cap|chr2,chr15|ref_rep_cap|chr2,chimeric
read_000358,1,0,1,0,TP,chr9|ref_helper|chr5|ref_rep_cap,chr9|chr5|ref_helper|ref_rep_cap,chimeric
read_000359,1,0,1,0,TP,ref_helper|chr2|CMV-eGFP-HA-T2A-fLuc|chrX,CMV-eGFP-HA-T2A-fLuc|chr2|ref_helper,chimeric
read_000360,1,0,1,0,TP,ref_helper|chr1,chr1|ref_helper,chimeric
read_000361,1,0,1,0,TP,chr3|ref_rep_cap|chr13|ref_rep_cap,chr3|ref_rep_cap|chr13|ref_rep_cap,chimeric
read_000362,1,0,1,0,TP,chr13|ref_rep_cap|chr11,ref_rep_cap|chr13|chr11,chimeric
read_000363,1,0,1,0,TP,chrY|ref_rep_cap|chrM|ref_rep_cap,chrY|chrM|ref_rep_cap|ref_rep_cap,chimeric
read_000364,1,0,1,0,TP,chr10|ref_helper|chrM|ref_helper,ref_helper|ref_helper|chrM|chr10,chimeric
read_000365,1,0,1,0,TP,CMV-eGFP-HA-T2A-fLuc|chr22|ref_helper|chrY,chrY|ref_helper|CMV-eGFP-HA-T2A-fLuc,chimeric
read_000366,1,0,1,0,TP,chrM|ref_helper|chr3,ref_helper|chr3|chrM,chimeric
read_000367,1,0,1,0,TP,chr20|CMV-eGFP-HA-T2A-fLuc|chr4,CMV-eGFP-HA-T2A-fLuc|chr4|chr20,chimeric
read_000368,1,0,1,0,TP,chr3|ref_helper|chrX,chr3|ref_helper|chrX,chimeric
read_000369,1,0,1,0,TP,ref_rep_cap|chr7,ref_rep_cap|chr7,chimeric
read_000370,1,0,1,0,TP,chr16|ref_rep_cap|chr18|ref_rep_cap,ref_rep_cap|chr18|ref_rep_cap|chr16,chimeric
read_000371,1,0,1,0,TP,chr11|ref_rep_cap|chr18,chr11|ref_rep_cap|chr18,chimeric
read_000372,1,0,1,0,TP,ref_rep_cap|chr16|ref_helper|chr11,chr11|ref_helper|chr16|ref_rep_cap,chimeric
read_000373,1,0,1,0,TP,chr1|ref_rep_cap|chr8|CMV-eGFP-HA-T2A-fLuc,CMV-eGFP-HA-T2A-fLuc|chr8,chimeric
read_000374,1,0,1,0,TP,chr12|ref_helper|chr14,chr12|chr14,chimeric
read_000375,1,0,1,0,TP,chr20|ref_rep_cap,chr20|ref_rep_cap,chimeric
read_000376,1,0,0,0,FN,CMV-eGFP-HA-T2A-fLuc|chr22,,chimeric
read_000377,1,0,1,0,TP,CMV-eGFP-HA-T2A-fLuc|chr16|CMV-eGFP-HA-T2A-fLuc|chr18,CMV-eGFP-HA-T2A-fLuc|CMV-eGFP-HA-T2A-fLuc|chr16,chimeric
read_000378,1,0,1,0,TP,ref_rep_cap|chr3,ref_rep_cap|chr3,chimeric
read_000379,1,0,1,0,TP,ref_rep_cap|chr5,ref_rep_cap|chr5,chimeric
read_000380,1,0,1,0,TP,chr17|ref_rep_cap|chr12|CMV-eGFP-HA-T2A-fLuc,CMV-eGFP-HA-T2A-fLuc|ref_rep_cap|chr12|chr17,chimeric
read_000381,1,0,1,0,TP,chr11|ref_helper|chr6,chr11|chr6|ref_helper,chimeric
read_000382,1,0,0,0,FN,ref_rep_cap|chr13,,chimeric
read_000383,1,0,1,0,TP,chr4|ref_helper,chr4|ref_helper,chimeric
read_000384,1,0,1,0,TP,chr6|ref_rep_cap|chr15,chr6|ref_rep_cap|chr15,chimeric
read_000385,1,0,1,0,TP,ref_helper|chr5|CMV-eGFP-HA-T2A-fLuc,CMV-eGFP-HA-T2A-fLuc|chr5|ref_helper,chimeric
read_000386,1,0,1,0,TP,chr19|CMV-eGFP-HA-T2A-fLuc|chr2,chr19|CMV-eGFP-HA-T2A-fLuc|chr2,chimeric
read_000387,1,0,1,0,TP,ref_rep_cap|chr16|ref_rep_cap|chr15,ref_rep_cap|chr16|ref_rep_cap|chr15,chimeric
read_000388,1,0,1,0,TP,CMV-eGFP-HA-T2A-fLuc|chr12,chr12|CMV-eGFP-HA-T2A-fLuc,chimeric
read_000389,1,0,1,0,TP,ref_rep_cap|chr17,chr17|ref_rep_cap,chimeric
read_000390,1,0,1,0,TP,chr14|CMV-eGFP-HA-T2A-fLuc|chrX,CMV-eGFP-HA-T2A-fLuc|chr14|chrX,chimeric
read_000391,1,0,1,0,TP,chr4|ref_helper|chr8,chr8|ref_helper|chr4,chimeric
read_000392,1,0,1,0,TP,chr18|ref_helper|chr15,ref_helper|chr18,chimeric
read_000393,1,0,1,0,TP,chr14|ref_helper,chr14|ref_helper,chimeric
read_000394,1,0,1,0,TP,ref_rep_cap|chr5|CMV-eGFP-HA-T2A-fLuc|chr22,chr22|chr5|CMV-eGFP-HA-T2A-fLuc|ref_rep_cap,chimeric
read_000395,1,0,1,0,TP,chr16|CMV-eGFP-HA-T2A-fLuc|chr15,chr16|chr15|CMV-eGFP-HA-T2A-fLuc,chimeric
read_000396,1,0,1,0,TP,chrM|ref_helper,chrM|ref_helper,chimeric
read_000397,1,0,1,0,TP,ref_helper|chr19,ref_helper|chr19,chimeric
read_000398,1,0,1,0,TP,chr7|ref_rep_cap|chrY|ref_rep_cap,ref_rep_cap|chr7|chrY|ref_rep_cap,chimeric
read_000399,1,0,1,0,TP,CMV-eGFP-HA-T2A-fLuc|chrX,chrX|CMV-eGFP-HA-T2A-fLuc,chimeric
read_000400,1,0,1,0,TP,chr21|ref_rep_cap|chrM,chr21|chrM|ref_rep_cap,chimeric
read_000401,1,0,1,0,TP,ref_helper|chr2,chr2|ref_helper,chimeric
read_000402,1,0,1,0,TP,chr20|ref_helper|chr17|CMV-eGFP-HA-T2A-fLuc,chr20|ref_helper|chr17|CMV-eGFP-HA-T2A-fLuc,chimeric
read_000403,1,0,1,0,TP,chrX|ref_rep_cap,chrX|ref_rep_cap,chimeric
read_000404,1,0,1,0,TP,CMV-eGFP-HA-T2A-fLuc|chr2,chr2|CMV-eGFP-HA-T2A-fLuc,chimeric
read_000405,1,0,1,0,TP,chr22|CMV-eGFP-HA-T2A-fLuc,CMV-eGFP-HA-T2A-fLuc|chr22,chimeric
read_000406,1,0,1,0,TP,chr4|ref_helper|chr17,ref_helper|chr17|chr4,chimeric
read_000407,1,0,1,0,TP,chr18|ref_helper,ref_helper|chr18,chimeric
read_000408,1,0,1,0,TP,ref_helper|chrM,chrM|ref_helper,chimeric
read_000409,1,0,1,0,TP,chr3|CMV-eGFP-HA-T2A-fLuc|chr14,chr14|CMV-eGFP-HA-T2A-fLuc|chr3,chimeric
read_000410,1,0,1,0,TP,ref_rep_cap|chr3,chr3|ref_rep_cap,chimeric
read_000411,1,0,1,0,TP,chr5|ref_rep_cap|chrX,ref_rep_cap|chr5|chrX,chimeric
read_000412,1,0,1,0,TP,ref_helper|chr9|CMV-eGFP-HA-T2A-fLuc|chr22,ref_helper|chr22|chr9|CMV-eGFP-HA-T2A-fLuc,chimeric
read_000413,1,0,0,0,FN,chr7|ref_helper,,chimeric
read_000414,1,0,1,0,TP,chr12|ref_rep_cap|chr1,ref_rep_cap|chr1|chr12,chimeric
read_000415,1,0,1,0,TP,ref_helper|chr21|ref_rep_cap|chr8,ref_rep_cap|chr21|chr8,chimeric
read_000416,1,0,1,0,TP,ref_helper|chr3|ref_helper,ref_helper|chr3|ref_helper,chimeric
read_000417,1,0,1,0,TP,chr14|ref_helper|chr19,chr19|ref_helper|chr14,chimeric
read_000418,1,0,0,0,FN,ref_rep_cap|chrY,,chimeric
read_000419,1,0,1,0,TP,chr2|ref_rep_cap,ref_rep_cap|chr2,chimeric
read_000420,1,0,1,0,TP,chr1|ref_rep_cap|chr12|CMV-eGFP-HA-T2A-fLuc,CMV-eGFP-HA-T2A-fLuc|chr1|chr12|ref_rep_cap,chimeric
read_000421,1,0,1,0,TP,chr8|CMV-eGFP-HA-T2A-fLuc|chr3|ref_rep_cap,chr8|chr3|CMV-eGFP-HA-T2A-fLuc|ref_rep_cap,chimeric
read_000422,1,0,1,0,TP,chr1|ref_rep_cap,chr1|ref_rep_cap,chimeric
read_000423,1,0,1,0,TP,chrX|ref_helper|chr1|ref_rep_cap,chrX|chr1|ref_helper|ref_rep_cap,chimeric
read_000424,1,0,1,0,TP,chr13|ref_helper,ref_helper|chr13,chimeric
read_000425,1,0,1,0,TP,chr5|ref_helper,ref_helper|chr5,chimeric
read_000426,1,0,1,0,TP,ref_rep_cap|chr13|ref_helper|chrY,ref_rep_cap|ref_helper|chr13|chrY,chimeric
read_000427,1,0,1,0,TP,CMV-eGFP-HA-T2A-fLuc|ref_helper|chr19,chr19|ref_helper|CMV-eGFP-HA-T2A-fLuc,chimeric
read_000428,1,0,1,0,TP,chrX|CMV-eGFP-HA-T2A-fLuc|chr8|ref_rep_cap,chrX|CMV-eGFP-HA-T2A-fLuc|chr8|ref_rep_cap,chimeric
read_000429,1,0,1,0,TP,ref_helper|chr13,ref_helper|chr13,chimeric
read_000430,1,0,1,0,TP,chr17|ref_rep_cap|chr16,ref_rep_cap|chr17|chr16,chimeric
read_000431,1,0,1,0,TP,chr22|ref_helper|chr22|ref_rep_cap,ref_helper|chr22|ref_rep_cap,chimeric
read_000432,1,0,1,0,TP,chr4|ref_rep_cap|chr17|ref_rep_cap,chr4|ref_rep_cap,chimeric
read_000433,1,0,1,0,TP,chr19|ref_rep_cap,ref_rep_cap|chr19,chimeric
read_000434,1,0,1,0,TP,chrX|ref_rep_cap|chr6|ref_helper,ref_rep_cap|chrX|chr6,chimeric
read_000435,1,0,1,0,TP,chr12|ref_helper,ref_helper|chr12,chimeric
read_000436,1,0,1,0,TP,chr1|ref_rep_cap|chr8|ref_helper,chr1|ref_rep_cap|chr8|ref_helper,chimeric
read_000437,1,0,1,0,TP,chr20|ref_helper,ref_helper|chr20,chimeric
read_000438,1,0,1,0,TP,chr3|CMV-eGFP-HA-T2A-fLuc|ref_rep_cap,chr3|ref_rep_cap|CMV-eGFP-HA-T2A-fLuc,chimeric
read_000439,1,0,1,0,TP,chr1|CMV-eGFP-HA-T2A-fLuc,chr1|CMV-eGFP-HA-T2A-fLuc,chimeric
read_000440,1,0,1,0,TP,CMV-eGFP-HA-T2A-fLuc|chr1|ref_helper,CMV-eGFP-HA-T2A-fLuc|chr1|ref_helper,chimeric
read_000441,1,0,1,0,TP,CMV-eGFP-HA-T2A-fLuc|chr3|CMV-eGFP-HA-T2A-fLuc|chr5,chr5|CMV-eGFP-HA-T2A-fLuc|CMV-eGFP-HA-T2A-fLuc|chr3,chimeric
read_000442,1,0,1,0,TP,chr4|CMV-eGFP-HA-T2A-fLuc|chr20|ref_rep_cap,chr4|chr20|CMV-eGFP-HA-T2A-fLuc|ref_rep_cap,chimeric
read_000443,1,0,1,0,TP,ref_helper|chr14|CMV-eGFP-HA-T2A-fLuc|chrM,chr14|CMV-eGFP-HA-T2A-fLuc|chrM|ref_helper,chimeric
read_000444,1,0,1,0,TP,chr7|ref_helper|CMV-eGFP-HA-T2A-fLuc,chr7|CMV-eGFP-HA-T2A-fLuc|ref_helper,chimeric
read_000445,1,0,1,0,TP,chr9|ref_helper|chrX|ref_helper,ref_helper|chr9,chimeric
read_000446,1,0,1,0,TP,chr20|CMV-eGFP-HA-T2A-fLuc,chr20|CMV-eGFP-HA-T2A-fLuc,chimeric
read_000447,1,0,0,0,FN,ref_rep_cap|chrY,,chimeric
read_000448,1,0,1,0,TP,ref_helper|chr11,ref_helper|chr11,chimeric
read_000449,1,0,1,0,TP,ref_helper|chr3,ref_helper|chr3,chimeric
read_000450,1,0,1,0,TP,CMV-eGFP-HA-T2A-fLuc|chr16|ref_rep_cap|chr9,CMV-eGFP-HA-T2A-fLuc|ref_rep_cap|chr16|chr9,chimeric
read_000451,1,0,1,0,TP,chr13|CMV-eGFP-HA-T2A-fLuc|chr2,chr2|CMV-eGFP-HA-T2A-fLuc|chr13,chimeric
read_000452,1,0,1,0,TP,chr9|CMV-eGFP-HA-T2A-fLuc,CMV-eGFP-HA-T2A-fLuc|chr9,chimeric
read_000453,1,0,1,0,TP,chr21|CMV-eGFP-HA-T2A-fLuc|chr9|CMV-eGFP-HA-T2A-fLuc,CMV-eGFP-HA-T2A-fLuc|chr21,chimeric
read_000454,1,0,1,0,TP,chr3|ref_helper,chr3|ref_helper,chimeric
read_000455,1,0,1,0,TP,chr16|CMV-eGFP-HA-T2A-fLuc|chr19,chr16|chr19|CMV-eGFP-HA-T2A-fLuc,chimeric
read_000456,1,0,1,0,TP,ref_helper|CMV-eGFP-HA-T2A-fLuc|chr19|CMV-eGFP-HA-T2A-fLuc,CMV-eGFP-HA-T2A-fLuc|ref_helper|chr19|CMV-eGFP-HA-T2A-fLuc,chimeric
read_000457,1,0,1,0,TP,ref_rep_cap|chr6,ref_rep_cap|chr6,chimeric
read_000458,1,0,1,0,TP,chr2|ref_rep_cap|chr9|ref_rep_cap,ref_rep_cap|chr2|chr9|ref_rep_cap,chimeric
read_000459,1,0,1,0,TP,chr10|CMV-eGFP-HA-T2A-fLuc|chr21|ref_rep_cap,ref_rep_cap|CMV-eGFP-HA-T2A-fLuc|chr10,chimeric
read_000460,1,0,0,0,FN,chrY|CMV-eGFP-HA-T2A-fLuc,,chimeric
read_000461,1,0,1,0,TP,CMV-eGFP-HA-T2A-fLuc|chrM|ref_rep_cap|chr22,CMV-eGFP-HA-T2A-fLuc|ref_rep_cap|chrM|chr22,chimeric
read_000462,1,0,1,0,TP,chr9|ref_helper|chr5,ref_helper|chr9|chr5,chimeric
read_000463,1,0,1,0,TP,chr20|CMV-eGFP-HA-T2A-fLuc|chr17,chr20|CMV-eGFP-HA-T2A-fLuc|chr17,chimeric
read_000464,1,0,1,0,TP,chrX|ref_rep_cap,ref_rep_cap|chrX,chimeric
read_000465,1,0,1,0,TP,chr13|CMV-eGFP-HA-T2A-fLuc|ref_rep_cap,CMV-eGFP-HA-T2A-fLuc|ref_rep_cap,chimeric
read_000466,1,0,1,0,TP,CMV-eGFP-HA-T2A-fLuc|chr19|ref_helper|chr12,chr12|chr19|ref_helper|CMV-eGFP-HA-T2A-fLuc,chimeric
read_000467,1,0,1,0,TP,chr19|ref_helper|chrM,chrM|chr19|ref_helper,chimeric
read_000468,1,0,1,0,TP,ref_helper|chr10|CMV-eGFP-HA-T2A-fLuc|chr22,chr22|CMV-eGFP-HA-T2A-fLuc|chr10|ref_helper,chimeric
read_000469,1,0,1,0,TP,chr2|CMV-eGFP-HA-T2A-fLuc,chr2|CMV-eGFP-HA-T2A-fLuc,chimeric
read_000470,1,0,1,0,TP,chr22|ref_rep_cap|chr21|ref_rep_cap,ref_rep_cap|chr22|ref_rep_cap,chimeric
read_000471,1,0,1,0,TP,chr22|ref_helper|chr19,chr19|chr22|ref_helper,chimeric
read_000472,1,0,0,0,FN,chrX|ref_rep_cap,,chimeric
read_000473,1,0,1,0,TP,chr8|ref_helper|chr8,chr8|ref_helper|chr8,chimeric
read_000474,1,0,1,0,TP,chr9|ref_rep_cap,ref_rep_cap|chr9,chimeric
read_000475,1,0,1,0,TP,chrY|CMV-eGFP-HA-T2A-fLuc|chrM,CMV-eGFP-HA-T2A-fLuc|chrM,chimeric
read_000476,1,0,1,0,TP,chr2|ref_rep_cap,ref_rep_cap|chr2,chimeric
read_000477,1,0,1,0,TP,chr19|ref_rep_cap|chr18,ref_rep_cap|chr18|chr19,chimeric
read_000478,1,0,1,0,TP,chr10|CMV-eGFP-HA-T2A-fLuc|chr6,chr6|chr10|CMV-eGFP-HA-T2A-fLuc,chimeric
read_000479,1,0,1,0,TP,chr12|CMV-eGFP-HA-T2A-fLuc|chr4|ref_rep_cap,chr12|ref_rep_cap|CMV-eGFP-HA-T2A-fLuc|chr4,chimeric
read_000480,1,0,1,0,TP,CMV-eGFP-HA-T2A-fLuc|chr17|CMV-eGFP-HA-T2A-fLuc,CMV-eGFP-HA-T2A-fLuc|CMV-eGFP-HA-T2A-fLuc|chr17,chimeric
read_000481,1,0,1,0,TP,chr6|CMV-eGFP-HA-T2A-fLuc|chr7,CMV-eGFP-HA-T2A-fLuc|chr7|chr6,chimeric
read_000482,1,0,1,0,TP,CMV-eGFP-HA-T2A-fLuc|chr20,chr20|CMV-eGFP-HA-T2A-fLuc,chimeric
read_000483,1,0,1,0,TP,ref_rep_cap|chrM,chrM|ref_rep_cap,chimeric
read_000484,1,0,1,0,TP,ref_rep_cap|chr5,chr5|ref_rep_cap,chimeric
read_000485,1,0,1,0,TP,chr19|ref_rep_cap|chr8|ref_helper,chr19|chr8|ref_rep_cap|ref_helper,chimeric
read_000486,1,0,1,0,TP,chr6|ref_helper|chr17,ref_helper|chr6|chr17,chimeric
read_000487,1,0,1,0,TP,chr20|ref_helper|chrX,chr20|ref_helper|chrX,chimeric
read_000488,1,0,1,0,TP,ref_helper|chr16|ref_helper|chr5,ref_helper|chr5,chimeric
read_000489,1,0,1,0,TP,chr5|ref_helper|chr3,ref_helper|chr5|chr3,chimeric
read_000490,1,0,1,0,TP,chr8|ref_helper,ref_helper|chr8,chimeric
read_000491,1,0,1,0,TP,chr7|ref_rep_cap|chr13,ref_rep_cap|chr13|chr7,chimeric
read_000492,1,0,1,0,TP,ref_helper|chr14,chr14|ref_helper,chimeric
read_000493,1,0,1,0,TP,chr10|CMV-eGFP-HA-T2A-fLuc|chrY|ref_helper,chr10|chrY|CMV-eGFP-HA-T2A-fLuc,chimeric
read_000494,1,0,1,0,TP,ref_rep_cap|chr4,ref_rep_cap|chr4,chimeric
read_000495,1,0,1,0,TP,chrY|ref_rep_cap|chr16|ref_rep_cap,chr16|ref_rep_cap|ref_rep_cap,chimeric
read_000496,1,0,1,0,TP,chr12|CMV-eGFP-HA-T2A-fLuc|ref_rep_cap|chr13,chr13|ref_rep_cap,chimeric
read_000497,1,0,0,0,FN,ref_rep_cap|chrY|ref_rep_cap,,chimeric
read_000498,1,0,1,0,TP,chr18|CMV-eGFP-HA-T2A-fLuc|chr15|ref_rep_cap,chr15|chr18|CMV-eGFP-HA-T2A-fLuc,chimeric
read_000499,1,0,1,0,TP,ref_helper|chr18|CMV-eGFP-HA-T2A-fLuc|chr1,CMV-eGFP-HA-T2A-fLuc|chr18,chimeric
read_000500,1,0,1,0,TP,chr15|ref_helper,ref_helper|chr15,chimeric
read_000501,1,0,1,0,TP,chr3|ref_helper,ref_helper|chr3,chimeric
read_000502,1,0,1,0,TP,chr5|ref_rep_cap|chr10|CMV-eGFP-HA-T2A-fLuc,ref_rep_cap|chr5,chimeric
read_000503,1,0,1,0,TP,chrX|ref_rep_cap|chr2,chr2|ref_rep_cap|chrX,chimeric
read_000504,1,0,1,0,TP,ref_rep_cap|chr7|ref_helper|chr6,ref_helper|chr7|chr6|ref_rep_cap,chimeric
read_000505,1,0,1,0,TP,chr16|ref_rep_cap|chrM|CMV-eGFP-HA-T2A-fLuc,CMV-eGFP-HA-T2A-fLuc|chrM|ref_rep_cap|chr16,chimeric
read_000506,1,0,1,0,TP,chr10|CMV-eGFP-HA-T2A-fLuc,chr10|CMV-eGFP-HA-T2A-fLuc,chimeric
read_000507,0,1,0,0,TN,CMV-eGFP-HA-T2A-fLuc,,backbone
read_000508,0,1,0,1,TN,CMV-eGFP-HA-T2A-fLuc,,backbone
read_000509,0,1,0,1,TN,CMV-eGFP-HA-T2A-fLuc,,backbone
read_000510,0,1,0,1,TN,CMV-eGFP-HA-T2A-fLuc,,backbone
read_000511,0,1,0,1,TN,CMV-eGFP-HA-T2A-fLuc,,backbone
read_000512,0,1,0,1,TN,CMV-eGFP-HA-T2A-fLuc,,backbone
read_000513,0,1,0,1,TN,CMV-eGFP-HA-T2A-fLuc,,backbone
read_000514,0,1,0,1,TN,CMV-eGFP-HA-T2A-fLuc,,backbone
read_000515,0,1,0,1,TN,CMV-eGFP-HA-T2A-fLuc,,backbone
read_000516,0,1,0,1,TN,CMV-eGFP-HA-T2A-fLuc,,backbone
read_000517,0,1,0,1,TN,CMV-eGFP-HA-T2A-fLuc,,backbone
read_000518,0,1,0,1,TN,CMV-eGFP-HA-T2A-fLuc,,backbone
read_000519,0,1,0,1,TN,CMV-eGFP-HA-T2A-fLuc,,backbone
read_000520,0,1,0,1,TN,CMV-eGFP-HA-T2A-fLuc,,backbone
read_000521,0,1,0,1,TN,CMV-eGFP-HA-T2A-fLuc,,backbone
read_000522,0,1,0,1,TN,CMV-eGFP-HA-T2A-fLuc,,backbone
read_000523,0,1,0,1,TN,CMV-eGFP-HA-T2A-fLuc,,backbone
read_000524,0,1,0,1,TN,CMV-eGFP-HA-T2A-fLuc,,backbone
read_000525,0,1,0,1,TN,CMV-eGFP-HA-T2A-fLuc,,backbone
read_000526,0,1,0,1,TN,CMV-eGFP-HA-T2A-fLuc,,backbone
read_000527,0,1,0,1,TN,CMV-eGFP-HA-T2A-fLuc,,backbone
read_000528,0,1,0,0,TN,CMV-eGFP-HA-T2A-fLuc,,backbone
read_000529,0,1,0,1,TN,CMV-eGFP-HA-T2A-fLuc,,backbone
read_000530,0,1,0,1,TN,CMV-eGFP-HA-T2A-fLuc,,backbone
read_000531,0,1,0,1,TN,CMV-eGFP-HA-T2A-fLuc,,backbone
read_000532,0,1,0,1,TN,CMV-eGFP-HA-T2A-fLuc,,backbone
read_000533,0,1,0,1,TN,CMV-eGFP-HA-T2A-fLuc,,backbone
read_000534,0,1,0,0,TN,CMV-eGFP-HA-T2A-fLuc,,backbone
read_000535,0,1,0,1,TN,CMV-eGFP-HA-T2A-fLuc,,backbone
read_000536,0,1,0,1,TN,CMV-eGFP-HA-T2A-fLuc,,backbone
read_000537,0,1,0,1,TN,CMV-eGFP-HA-T2A-fLuc,,backbone
read_000538,0,1,0,1,TN,CMV-eGFP-HA-T2A-fLuc,,backbone
read_000539,0,1,0,1,TN,CMV-eGFP-HA-T2A-fLuc,,backbone
read_000540,0,1,0,1,TN,CMV-eGFP-HA-T2A-fLuc,,backbone
read_000541,0,1,0,1,TN,CMV-eGFP-HA-T2A-fLuc,,backbone
read_000542,0,1,0,1,TN,CMV-eGFP-HA-T2A-fLuc,,backbone
read_000543,0,1,0,1,TN,CMV-eGFP-HA-T2A-fLuc,,backbone
read_000544,0,1,0,1,TN,CMV-eGFP-HA-T2A-fLuc,,backbone
read_000545,0,1,0,1,TN,CMV-eGFP-HA-T2A-fLuc,,backbone
read_000546,0,1,0,1,TN,CMV-eGFP-HA-T2A-fLuc,,backbone
read_000547,0,1,0,1,TN,CMV-eGFP-HA-T2A-fLuc,,backbone
read_000548,0,1,0,1,TN,CMV-eGFP-HA-T2A-fLuc,,backbone
read_000549,0,1,0,1,TN,CMV-eGFP-HA-T2A-fLuc,,backbone
read_000550,0,1,0,1,TN,CMV-eGFP-HA-T2A-fLuc,,backbone
read_000551,0,1,0,1,TN,CMV-eGFP-HA-T2A-fLuc,,backbone
read_000552,0,1,0,1,TN,CMV-eGFP-HA-T2A-fLuc,,backbone
read_000553,0,1,0,1,TN,CMV-eGFP-HA-T2A-fLuc,,backbone
read_000554,0,1,0,1,TN,CMV-eGFP-HA-T2A-fLuc,,backbone
read_000555,0,1,0,1,TN,CMV-eGFP-HA-T2A-fLuc,,backbone
read_000556,0,1,0,0,TN,CMV-eGFP-HA-T2A-fLuc,,backbone
read_000557,0,1,0,1,TN,CMV-eGFP-HA-T2A-fLuc,,backbone
read_000558,0,1,0,1,TN,CMV-eGFP-HA-T2A-fLuc,,backbone
read_000559,0,1,0,1,TN,CMV-eGFP-HA-T2A-fLuc,,backbone
read_000560,0,1,0,1,TN,CMV-eGFP-HA-T2A-fLuc,,backbone
read_000561,0,1,0,1,TN,CMV-eGFP-HA-T2A-fLuc,,backbone
read_000562,0,1,0,1,TN,CMV-eGFP-HA-T2A-fLuc,,backbone
read_000563,0,1,0,1,TN,CMV-eGFP-HA-T2A-fLuc,,backbone
read_000564,0,1,0,1,TN,CMV-eGFP-HA-T2A-fLuc,,backbone
read_000565,0,1,0,1,TN,CMV-eGFP-HA-T2A-fLuc,,backbone
read_000566,0,1,0,1,TN,CMV-eGFP-HA-T2A-fLuc,,backbone
read_000567,0,1,0,1,TN,CMV-eGFP-HA-T2A-fLuc,,backbone
read_000568,0,1,0,1,TN,CMV-eGFP-HA-T2A-fLuc,,backbone
read_000569,0,1,0,1,TN,CMV-eGFP-HA-T2A-fLuc,,backbone
read_000570,0,1,0,1,TN,CMV-eGFP-HA-T2A-fLuc,,backbone
read_000571,0,1,0,1,TN,CMV-eGFP-HA-T2A-fLuc,,backbone
read_000572,0,1,0,1,TN,CMV-eGFP-HA-T2A-fLuc,,backbone
read_000573,0,1,0,1,TN,CMV-eGFP-HA-T2A-fLuc,,backbone
read_000574,0,1,0,1,TN,CMV-eGFP-HA-T2A-fLuc,,backbone
read_000575,0,1,0,1,TN,CMV-eGFP-HA-T2A-fLuc,,backbone
read_000576,0,1,0,1,TN,CMV-eGFP-HA-T2A-fLuc,,backbone
read_000577,0,1,0,1,TN,CMV-eGFP-HA-T2A-fLuc,,backbone
read_000578,0,1,0,1,TN,CMV-eGFP-HA-T2A-fLuc,,backbone
read_000579,0,1,0,1,TN,CMV-eGFP-HA-T2A-fLuc,,backbone
read_000580,0,1,0,1,TN,CMV-eGFP-HA-T2A-fLuc,,backbone
read_000581,0,1,0,1,TN,CMV-eGFP-HA-T2A-fLuc,,backbone
read_000582,0,1,0,1,TN,CMV-eGFP-HA-T2A-fLuc,,backbone
read_000583,0,1,0,1,TN,CMV-eGFP-HA-T2A-fLuc,,backbone
read_000584,0,1,0,1,TN,CMV-eGFP-HA-T2A-fLuc,,backbone
read_000585,0,1,0,1,TN,CMV-eGFP-HA-T2A-fLuc,,backbone
read_000586,0,1,0,1,TN,CMV-eGFP-HA-T2A-fLuc,,backbone
read_000587,0,1,0,1,TN,CMV-eGFP-HA-T2A-fLuc,,backbone
read_000588,0,1,0,1,TN,CMV-eGFP-HA-T2A-fLuc,,backbone
read_000589,0,1,0,1,TN,CMV-eGFP-HA-T2A-fLuc,,backbone
read_000590,0,1,0,1,TN,CMV-eGFP-HA-T2A-fLuc,,backbone
read_000591,0,1,0,1,TN,CMV-eGFP-HA-T2A-fLuc,,backbone
read_000592,0,1,0,1,TN,CMV-eGFP-HA-T2A-fLuc,,backbone
read_000593,0,1,0,1,TN,CMV-eGFP-HA-T2A-fLuc,,backbone
read_000594,0,1,0,1,TN,CMV-eGFP-HA-T2A-fLuc,,backbone
read_000595,0,1,0,1,TN,CMV-eGFP-HA-T2A-fLuc,,backbone
read_000596,0,1,0,1,TN,CMV-eGFP-HA-T2A-fLuc,,backbone
read_000597,0,1,0,1,TN,CMV-eGFP-HA-T2A-fLuc,,backbone
read_000598,0,1,0,1,TN,CMV-eGFP-HA-T2A-fLuc,,backbone
read_000599,0,1,0,1,TN,CMV-eGFP-HA-T2A-fLuc,,backbone
read_000600,0,1,0,1,TN,CMV-eGFP-HA-T2A-fLuc,,backbone
read_000601,0,1,0,1,TN,CMV-eGFP-HA-T2A-fLuc,,backbone
read_000602,0,1,0,1,TN,CMV-eGFP-HA-T2A-fLuc,,backbone
read_000603,0,1,0,1,TN,CMV-eGFP-HA-T2A-fLuc,,backbone
read_000604,0,1,0,1,TN,CMV-eGFP-HA-T2A-fLuc,,backbone
read_000605,0,1,0,1,TN,CMV-eGFP-HA-T2A-fLuc,,backbone
read_000606,0,1,0,1,TN,CMV-eGFP-HA-T2A-fLuc,,backbone
read_000607,0,1,0,1,TN,CMV-eGFP-HA-T2A-fLuc,,backbone
read_000608,0,1,0,1,TN,CMV-eGFP-HA-T2A-fLuc,,backbone
read_000609,0,1,0,1,TN,CMV-eGFP-HA-T2A-fLuc,,backbone
read_000610,0,1,0,1,TN,CMV-eGFP-HA-T2A-fLuc,,backbone
read_000611,0,1,0,0,TN,CMV-eGFP-HA-T2A-fLuc,,backbone
read_000612,0,1,0,1,TN,CMV-eGFP-HA-T2A-fLuc,,backbone
read_000613,0,1,0,1,TN,CMV-eGFP-HA-T2A-fLuc,,backbone
read_000614,0,1,0,1,TN,CMV-eGFP-HA-T2A-fLuc,,backbone
read_000615,0,1,0,1,TN,CMV-eGFP-HA-T2A-fLuc,,backbone
read_000616,0,1,0,1,TN,CMV-eGFP-HA-T2A-fLuc,,backbone
read_000617,0,1,0,1,TN,CMV-eGFP-HA-T2A-fLuc,,backbone
read_000618,0,1,0,1,TN,CMV-eGFP-HA-T2A-fLuc,,backbone
read_000619,0,1,0,1,TN,CMV-eGFP-HA-T2A-fLuc,,backbone
read_000620,0,1,0,1,TN,CMV-eGFP-HA-T2A-fLuc,,backbone
read_000621,0,1,0,1,TN,CMV-eGFP-HA-T2A-fLuc,,backbone
read_000622,0,1,0,1,TN,CMV-eGFP-HA-T2A-fLuc,,backbone
read_000623,0,1,0,1,TN,CMV-eGFP-HA-T2A-fLuc,,backbone
read_000624,0,1,0,1,TN,CMV-eGFP-HA-T2A-fLuc,,backbone
read_000625,0,1,0,1,TN,CMV-eGFP-HA-T2A-fLuc,,backbone
read_000626,0,1,0,1,TN,CMV-eGFP-HA-T2A-fLuc,,backbone
read_000627,0,1,0,1,TN,CMV-eGFP-HA-T2A-fLuc,,backbone
read_000628,0,1,0,1,TN,CMV-eGFP-HA-T2A-fLuc,,backbone
read_000629,0,1,0,1,TN,CMV-eGFP-HA-T2A-fLuc,,backbone
read_000630,0,1,0,1,TN,CMV-eGFP-HA-T2A-fLuc,,backbone
read_000631,0,1,0,1,TN,CMV-eGFP-HA-T2A-fLuc,,backbone
read_000632,0,1,0,1,TN,CMV-eGFP-HA-T2A-fLuc,,backbone
read_000633,0,1,0,1,TN,CMV-eGFP-HA-T2A-fLuc,,backbone
read_000634,0,1,0,1,TN,CMV-eGFP-HA-T2A-fLuc,,backbone
read_000635,0,1,0,1,TN,CMV-eGFP-HA-T2A-fLuc,,backbone
read_000636,0,1,0,1,TN,CMV-eGFP-HA-T2A-fLuc,,backbone
read_000637,0,1,0,0,TN,CMV-eGFP-HA-T2A-fLuc,,backbone
read_000638,0,1,0,1,TN,CMV-eGFP-HA-T2A-fLuc,,backbone
read_000639,0,1,0,1,TN,CMV-eGFP-HA-T2A-fLuc,,backbone
read_000640,0,1,0,1,TN,CMV-eGFP-HA-T2A-fLuc,,backbone
read_000641,0,1,0,1,TN,CMV-eGFP-HA-T2A-fLuc,,backbone
read_000642,0,1,0,1,TN,CMV-eGFP-HA-T2A-fLuc,,backbone
read_000643,0,1,0,1,TN,CMV-eGFP-HA-T2A-fLuc,,backbone
read_000644,0,1,0,1,TN,CMV-eGFP-HA-T2A-fLuc,,backbone
read_000645,0,1,0,1,TN,CMV-eGFP-HA-T2A-fLuc,,backbone
read_000646,0,1,0,1,TN,CMV-eGFP-HA-T2A-fLuc,,backbone
read_000647,0,1,0,1,TN,CMV-eGFP-HA-T2A-fLuc,,backbone
read_000648,0,1,0,1,TN,CMV-eGFP-HA-T2A-fLuc,,backbone
read_000649,0,1,0,1,TN,CMV-eGFP-HA-T2A-fLuc,,backbone
read_000650,0,1,0,1,TN,CMV-eGFP-HA-T2A-fLuc,,backbone
read_000651,0,1,0,1,TN,CMV-eGFP-HA-T2A-fLuc,,backbone
read_000652,0,1,0,1,TN,CMV-eGFP-HA-T2A-fLuc,,backbone
read_000653,0,1,0,1,TN,CMV-eGFP-HA-T2A-fLuc,,backbone
read_000654,0,1,0,1,TN,CMV-eGFP-HA-T2A-fLuc,,backbone
read_000655,0,1,0,0,TN,CMV-eGFP-HA-T2A-fLuc,,backbone
read_000656,0,1,0,1,TN,CMV-eGFP-HA-T2A-fLuc,,backbone
read_000657,0,1,0,1,TN,CMV-eGFP-HA-T2A-fLuc,,backbone
read_000658,0,1,0,1,TN,CMV-eGFP-HA-T2A-fLuc,,backbone
read_000659,0,1,0,1,TN,CMV-eGFP-HA-T2A-fLuc,,backbone
read_000660,0,1,0,1,TN,CMV-eGFP-HA-T2A-fLuc,,backbone
read_000661,0,1,0,1,TN,CMV-eGFP-HA-T2A-fLuc,,backbone
read_000662,0,1,0,1,TN,CMV-eGFP-HA-T2A-fLuc,,backbone
read_000663,0,1,0,1,TN,CMV-eGFP-HA-T2A-fLuc,,backbone
read_000664,0,1,0,1,TN,CMV-eGFP-HA-T2A-fLuc,,backbone
read_000665,0,1,0,1,TN,CMV-eGFP-HA-T2A-fLuc,,backbone
read_000666,0,1,0,1,TN,CMV-eGFP-HA-T2A-fLuc,,backbone
read_000667,0,1,0,1,TN,CMV-eGFP-HA-T2A-fLuc,,backbone
read_000668,0,1,0,1,TN,CMV-eGFP-HA-T2A-fLuc,,backbone
read_000669,0,1,0,1,TN,CMV-eGFP-HA-T2A-fLuc,,backbone
read_000670,0,1,0,1,TN,CMV-eGFP-HA-T2A-fLuc,,backbone
read_000671,0,1,0,1,TN,CMV-eGFP-HA-T2A-fLuc,,backbone
read_000672,0,1,0,0,TN,CMV-eGFP-HA-T2A-fLuc,,backbone
read_000673,0,1,0,1,TN,CMV-eGFP-HA-T2A-fLuc,,backbone
read_000674,0,1,0,1,TN,CMV-eGFP-HA-T2A-fLuc,,backbone
read_000675,0,1,0,1,TN,CMV-eGFP-HA-T2A-fLuc,,backbone
read_000676,0,1,0,1,TN,CMV-eGFP-HA-T2A-fLuc,,backbone
read_000677,0,1,0,1,TN,CMV-eGFP-HA-T2A-fLuc,,backbone
read_000678,0,1,0,1,TN,CMV-eGFP-HA-T2A-fLuc,,backbone
read_000679,0,1,0,1,TN,CMV-eGFP-HA-T2A-fLuc,,backbone
read_000680,0,1,0,1,TN,CMV-eGFP-HA-T2A-fLuc,,backbone
read_000681,0,1,0,1,TN,CMV-eGFP-HA-T2A-fLuc,,backbone
read_000682,0,1,0,1,TN,CMV-eGFP-HA-T2A-fLuc,,backbone
read_000683,0,1,0,1,TN,CMV-eGFP-HA-T2A-fLuc,,backbone
read_000684,0,1,0,1,TN,CMV-eGFP-HA-T2A-fLuc,,backbone
read_000685,0,1,0,1,TN,CMV-eGFP-HA-T2A-fLuc,,backbone
read_000686,0,1,0,1,TN,CMV-eGFP-HA-T2A-fLuc,,backbone
read_000687,0,1,0,1,TN,CMV-eGFP-HA-T2A-fLuc,,backbone
read_000688,0,1,0,1,TN,CMV-eGFP-HA-T2A-fLuc,,backbone
read_000689,0,1,0,1,TN,CMV-eGFP-HA-T2A-fLuc,,backbone
read_000690,0,1,0,1,TN,CMV-eGFP-HA-T2A-fLuc,,backbone
read_000691,0,1,0,1,TN,CMV-eGFP-HA-T2A-fLuc,,backbone
read_000692,0,1,0,1,TN,CMV-eGFP-HA-T2A-fLuc,,backbone
read_000693,0,1,0,1,TN,CMV-eGFP-HA-T2A-fLuc,,backbone
read_000694,0,1,0,1,TN,CMV-eGFP-HA-T2A-fLuc,,backbone
read_000695,0,1,0,1,TN,CMV-eGFP-HA-T2A-fLuc,,backbone
read_000696,0,1,0,1,TN,CMV-eGFP-HA-T2A-fLuc,,backbone
read_000697,0,1,0,1,TN,CMV-eGFP-HA-T2A-fLuc,,backbone
read_000698,0,1,0,1,TN,CMV-eGFP-HA-T2A-fLuc,,backbone
read_000699,0,1,0,1,TN,CMV-eGFP-HA-T2A-fLuc,,backbone
read_000700,0,1,0,1,TN,CMV-eGFP-HA-T2A-fLuc,,backbone
read_000701,0,1,0,1,TN,CMV-eGFP-HA-T2A-fLuc,,backbone
read_000702,0,1,0,1,TN,CMV-eGFP-HA-T2A-fLuc,,backbone
read_000703,0,1,0,1,TN,CMV-eGFP-HA-T2A-fLuc,,backbone
read_000704,0,1,0,1,TN,CMV-eGFP-HA-T2A-fLuc,,backbone
read_000705,0,1,0,1,TN,CMV-eGFP-HA-T2A-fLuc,,backbone
read_000706,0,1,0,1,TN,CMV-eGFP-HA-T2A-fLuc,,backbone
read_000707,0,1,0,1,TN,CMV-eGFP-HA-T2A-fLuc,,backbone
read_000708,0,1,0,1,TN,CMV-eGFP-HA-T2A-fLuc,,backbone
read_000709,0,1,0,1,TN,CMV-eGFP-HA-T2A-fLuc,,backbone
read_000710,0,1,0,1,TN,CMV-eGFP-HA-T2A-fLuc,,backbone
read_000711,0,1,0,1,TN,CMV-eGFP-HA-T2A-fLuc,,backbone
read_000712,0,1,0,1,TN,CMV-eGFP-HA-T2A-fLuc,,backbone
read_000713,0,1,0,1,TN,CMV-eGFP-HA-T2A-fLuc,,backbone
read_000714,0,1,0,1,TN,CMV-eGFP-HA-T2A-fLuc,,backbone
read_000715,0,1,0,1,TN,CMV-eGFP-HA-T2A-fLuc,,backbone
read_000716,0,1,0,1,TN,CMV-eGFP-HA-T2A-fLuc,,backbone
read_000717,0,1,0,1,TN,CMV-eGFP-HA-T2A-fLuc,,backbone
read_000718,0,1,0,0,TN,CMV-eGFP-HA-T2A-fLuc,,backbone
read_000719,0,1,0,1,TN,CMV-eGFP-HA-T2A-fLuc,,backbone
read_000720,0,1,0,0,TN,CMV-eGFP-HA-T2A-fLuc,,backbone
read_000721,0,1,0,1,TN,CMV-eGFP-HA-T2A-fLuc,,backbone
read_000722,0,1,0,1,TN,CMV-eGFP-HA-T2A-fLuc,,backbone
read_000723,0,1,0,1,TN,CMV-eGFP-HA-T2A-fLuc,,backbone
read_000724,0,1,0,1,TN,CMV-eGFP-HA-T2A-fLuc,,backbone
read_000725,0,1,0,1,TN,CMV-eGFP-HA-T2A-fLuc,,backbone
read_000726,0,1,0,1,TN,CMV-eGFP-HA-T2A-fLuc,,backbone
read_000727,0,1,0,1,TN,CMV-eGFP-HA-T2A-fLuc,,backbone
read_000728,0,1,0,1,TN,CMV-eGFP-HA-T2A-fLuc,,backbone
read_000729,0,1,0,1,TN,CMV-eGFP-HA-T2A-fLuc,,backbone
read_000730,0,1,0,1,TN,CMV-eGFP-HA-T2A-fLuc,,backbone
read_000731,0,1,0,1,TN,CMV-eGFP-HA-T2A-fLuc,,backbone
read_000732,0,1,0,1,TN,CMV-eGFP-HA-T2A-fLuc,,backbone
read_000733,0,1,0,1,TN,CMV-eGFP-HA-T2A-fLuc,,backbone
read_000734,0,1,0,1,TN,CMV-eGFP-HA-T2A-fLuc,,backbone
read_000735,0,1,0,1,TN,CMV-eGFP-HA-T2A-fLuc,,backbone
read_000736,0,1,0,1,TN,CMV-eGFP-HA-T2A-fLuc,,backbone
read_000737,0,1,0,1,TN,CMV-eGFP-HA-T2A-fLuc,,backbone
read_000738,0,1,0,1,TN,CMV-eGFP-HA-T2A-fLuc,,backbone
read_000739,0,1,0,1,TN,CMV-eGFP-HA-T2A-fLuc,,backbone
read_000740,0,1,0,1,TN,CMV-eGFP-HA-T2A-fLuc,,backbone
read_000741,0,1,0,1,TN,CMV-eGFP-HA-T2A-fLuc,,backbone
read_000742,0,1,0,0,TN,CMV-eGFP-HA-T2A-fLuc,,backbone
read_000743,0,1,0,1,TN,CMV-eGFP-HA-T2A-fLuc,,backbone
read_000744,0,1,0,1,TN,CMV-eGFP-HA-T2A-fLuc,,backbone
read_000745,0,1,0,1,TN,CMV-eGFP-HA-T2A-fLuc,,backbone
read_000746,0,1,0,1,TN,CMV-eGFP-HA-T2A-fLuc,,backbone
read_000747,0,1,0,1,TN,CMV-eGFP-HA-T2A-fLuc,,backbone
read_000748,0,1,0,1,TN,CMV-eGFP-HA-T2A-fLuc,,backbone
read_000749,0,1,0,1,TN,CMV-eGFP-HA-T2A-fLuc,,backbone
read_000750,0,1,0,1,TN,CMV-eGFP-HA-T2A-fLuc,,backbone
read_000751,0,1,0,1,TN,CMV-eGFP-HA-T2A-fLuc,,backbone
read_000752,0,1,0,1,TN,CMV-eGFP-HA-T2A-fLuc,,backbone
read_000753,0,1,0,1,TN,CMV-eGFP-HA-T2A-fLuc,,backbone
read_000754,0,1,0,1,TN,CMV-eGFP-HA-T2A-fLuc,,backbone
read_000755,0,1,0,1,TN,CMV-eGFP-HA-T2A-fLuc,,backbone
read_000756,0,1,0,1,TN,CMV-eGFP-HA-T2A-fLuc,,backbone
read_000757,0,1,0,1,TN,CMV-eGFP-HA-T2A-fLuc,,backbone
read_000758,0,1,0,1,TN,CMV-eGFP-HA-T2A-fLuc,,backbone
read_000759,0,1,0,1,TN,CMV-eGFP-HA-T2A-fLuc,,backbone
read_000760,0,0,0,0,TN,chr4,,host
read_000761,0,0,0,0,TN,chr22,,host
read_000762,0,0,0,0,TN,chr1,,host
read_000763,0,0,0,0,TN,chr5,,host
read_000764,0,0,0,0,TN,chr3,,host
read_000765,0,0,0,0,TN,chr22,,host
read_000766,0,0,0,0,TN,chr6,,host
read_000767,0,0,0,0,TN,chr5,,host
read_000768,0,0,0,0,TN,chr2,,host
read_000769,0,0,0,0,TN,chr8,,host
read_000770,0,0,0,0,TN,chr16,,host
read_000771,0,0,0,0,TN,chr14,,host
read_000772,0,0,0,0,TN,chr12,,host
read_000773,0,0,0,0,TN,chr14,,host
read_000774,0,0,0,0,TN,chr3,,host
read_000775,0,0,0,0,TN,chr6,,host
read_000776,0,0,0,0,TN,chr3,,host
read_000777,0,0,0,0,TN,chr22,,host
read_000778,0,0,0,0,TN,chrM,,host
read_000779,0,0,0,0,TN,chr13,,host
read_000780,0,0,0,0,TN,chr6,,host
read_000781,0,0,0,0,TN,chr7,,host
read_000782,0,0,0,0,TN,chr2,,host
read_000783,0,0,0,0,TN,chr7,,host
read_000784,0,0,0,0,TN,chrX,,host
read_000785,0,0,0,0,TN,chr3,,host
read_000786,0,0,0,0,TN,chr4,,host
read_000787,0,0,0,0,TN,chr17,,host
read_000788,0,0,0,0,TN,chr11,,host
read_000789,0,0,0,0,TN,chrX,,host
read_000790,0,0,0,0,TN,chr6,,host
read_000791,0,0,0,0,TN,chr1,,host
read_000792,0,0,0,0,TN,chrX,,host
read_000793,0,0,0,0,TN,chr18,,host
read_000794,0,0,0,0,TN,chr18,,host
read_000795,0,0,0,0,TN,chrX,,host
read_000796,0,0,0,0,TN,chr16,,host
read_000797,0,0,0,0,TN,chr9,,host
read_000798,0,0,0,0,TN,chr22,,host
read_000799,0,0,0,0,TN,chr21,,host
read_000800,0,0,0,0,TN,chr17,,host
read_000801,0,0,0,0,TN,chrX,,host
read_000802,0,0,0,0,TN,chr17,,host
read_000803,0,0,0,0,TN,chr16,,host
read_000804,0,0,0,0,TN,chr21,,host
read_000805,0,0,0,0,TN,chr11,,host
read_000806,0,0,0,0,TN,chr17,,host
read_000807,0,0,0,0,TN,chr6,,host
read_000808,0,0,0,0,TN,chr8,,host
read_000809,0,0,0,0,TN,chrM,,host
read_000810,0,0,0,0,TN,chr3,,host
read_000811,0,0,0,0,TN,chr22,,host
read_000812,0,0,0,0,TN,chr21,,host
read_000813,0,0,0,0,TN,chr2,,host
read_000814,0,0,0,0,TN,chrY,,host
read_000815,0,0,0,0,TN,chrM,,host
read_000816,0,0,0,0,TN,chr14,,host
read_000817,0,0,0,0,TN,chrY,,host
read_000818,0,0,0,0,TN,chrY,,host
read_000819,0,0,0,0,TN,chr10,,host
read_000820,0,0,0,0,TN,chrM,,host
read_000821,0,0,0,0,TN,chr15,,host
read_000822,0,0,0,0,TN,chr15,,host
read_000823,0,0,0,0,TN,chr11,,host
read_000824,0,0,0,0,TN,chrY,,host
read_000825,0,0,0,0,TN,chr11,,host
read_000826,0,0,0,0,TN,chr15,,host
read_000827,0,0,0,0,TN,chr13,,host
read_000828,0,0,0,0,TN,chr1,,host
read_000829,0,0,0,0,TN,chr7,,host
read_000830,0,0,0,0,TN,chr16,,host
read_000831,0,0,0,0,TN,chr17,,host
read_000832,0,0,0,0,TN,chr8,,host
read_000833,0,0,0,0,TN,chr12,,host
read_000834,0,0,0,0,TN,chr9,,host
read_000835,0,0,0,0,TN,chr10,,host
read_000836,0,0,0,0,TN,chr4,,host
read_000837,0,0,0,0,TN,chrX,,host
read_000838,0,0,0,0,TN,chr16,,host
read_000839,0,0,0,0,TN,chr7,,host
read_000840,0,0,0,0,TN,chr7,,host
read_000841,0,0,0,0,TN,chr7,,host
read_000842,0,0,0,0,TN,chr17,,host
read_000843,0,0,0,0,TN,chrY,,host
read_000844,0,0,0,0,TN,chr14,,host
read_000845,0,0,0,0,TN,chr3,,host
read_000846,0,0,0,0,TN,chr5,,host
read_000847,0,0,0,0,TN,chr16,,host
read_000848,0,0,0,0,TN,chr4,,host
read_000849,0,0,0,0,TN,chrY,,host
read_000850,0,0,0,0,TN,chr2,,host
read_000851,0,0,0,0,TN,chr15,,host
read_000852,0,0,0,0,TN,chr16,,host
read_000853,0,0,0,0,TN,chr16,,host
read_000854,0,0,0,0,TN,chr1,,host
read_000855,0,0,0,0,TN,chr9,,host
read_000856,0,0,0,0,TN,chr22,,host
read_000857,0,0,0,0,TN,chrM,,host
read_000858,0,0,0,0,TN,chr17,,host
read_000859,0,0,0,0,TN,chr21,,host
read_000860,0,0,0,0,TN,chrY,,host
read_000861,0,0,0,0,TN,chrY,,host
read_000862,0,0,0,0,TN,chr12,,host
read_000863,0,0,0,0,TN,chr5,,host
read_000864,0,0,0,0,TN,chrX,,host
read_000865,0,0,0,0,TN,chr14,,host
read_000866,0,0,0,0,TN,chr1,,host
read_000867,0,0,0,0,TN,chr5,,host
read_000868,0,0,0,0,TN,chr21,,host
read_000869,0,0,0,0,TN,chr12,,host
read_000870,0,0,0,0,TN,chr7,,host
read_000871,0,0,0,0,TN,chr14,,host
read_000872,0,0,0,0,TN,chrY,,host
read_000873,0,0,0,0,TN,chr19,,host
read_000874,0,0,0,0,TN,chrX,,host
read_000875,0,0,0,0,TN,chr7,,host
read_000876,0,0,0,0,TN,chrY,,host
read_000877,0,0,0,0,TN,chrX,,host
read_000878,0,0,0,0,TN,chr2,,host
read_000879,0,0,0,0,TN,chr16,,host
read_000880,0,0,0,0,TN,chr2,,host
read_000881,0,0,0,0,TN,chr6,,host
read_000882,0,0,0,0,TN,chr12,,host
read_000883,0,0,0,0,TN,chr8,,host
read_000884,0,0,0,0,TN,chr11,,host
read_000885,0,0,0,0,TN,chr21,,host
read_000886,0,0,0,0,TN,chr14,,host
read_000887,0,0,0,0,TN,chrX,,host
read_000888,0,0,0,0,TN,chr15,,host
read_000889,0,0,0,0,TN,chr6,,host
read_000890,0,0,0,0,TN,chr16,,host
read_000891,0,0,0,0,TN,chr17,,host
read_000892,0,0,0,0,TN,chr11,,host
read_000893,0,0,0,0,TN,chr3,,host
read_000894,0,0,0,0,TN,chr3,,host
read_000895,0,0,0,0,TN,chr17,,host
read_000896,0,0,0,0,TN,chr17,,host
read_000897,0,0,0,0,TN,chr15,,host
read_000898,0,0,0,0,TN,chr3,,host
read_000899,0,0,0,0,TN,chr19,,host
read_000900,0,0,0,0,TN,chr13,,host
read_000901,0,0,0,0,TN,chr18,,host
read_000902,0,0,0,0,TN,chr16,,host
read_000903,0,0,0,0,TN,chr7,,host
read_000904,0,0,0,0,TN,chr1,,host
read_000905,0,0,0,0,TN,chr14,,host
read_000906,0,0,0,0,TN,chr1,,host
read_000907,0,0,0,0,TN,chr1,,host
read_000908,0,0,0,0,TN,chr9,,host
read_000909,0,0,0,0,TN,chrY,,host
read_000910,0,0,0,0,TN,chr6,,host
read_000911,0,0,0,0,TN,chr17,,host
read_000912,0,0,0,0,TN,chr4,,host
read_000913,0,0,0,0,TN,chr16,,host
read_000914,0,0,0,0,TN,chr12,,host
read_000915,0,0,0,0,TN,chr20,,host
read_000916,0,0,0,0,TN,chr3,,host
read_000917,0,0,0,0,TN,chr20,,host
read_000918,0,0,0,0,TN,chr22,,host
read_000919,0,0,0,0,TN,chrM,,host
read_000920,0,0,0,0,TN,chr1,,host
read_000921,0,0,0,0,TN,chrX,,host
read_000922,0,0,0,0,TN,chr10,,host
read_000923,0,0,0,0,TN,chr22,,host
read_000924,0,0,0,0,TN,chrM,,host
read_000925,0,0,0,0,TN,chr10,,host
read_000926,0,0,0,0,TN,chr12,,host
read_000927,0,0,0,0,TN,chrX,,host
read_000928,0,0,0,0,TN,chr5,,host
read_000929,0,0,0,0,TN,chr12,,host
read_000930,0,0,0,0,TN,chr17,,host
read_000931,0,0,0,0,TN,chr2,,host
read_000932,0,0,0,0,TN,chrY,,host
read_000933,0,0,0,0,TN,chr21,,host
read_000934,0,0,0,0,TN,chr22,,host
read_000935,0,0,0,0,TN,chr13,,host
read_000936,0,0,0,0,TN,chr22,,host
read_000937,0,0,0,0,TN,chr13,,host
read_000938,0,0,0,0,TN,chr12,,host
read_000939,0,0,0,0,TN,chr19,,host
read_000940,0,0,0,0,TN,chr20,,host
read_000941,0,0,0,0,TN,chr14,,host
read_000942,0,0,0,0,TN,chr15,,host
read_000943,0,0,0,0,TN,chr22,,host
read_000944,0,0,0,0,TN,chr10,,host
read_000945,0,0,0,0,TN,chr13,,host
read_000946,0,0,0,0,TN,chr6,,host
read_000947,0,0,0,0,TN,chr17,,host
read_000948,0,0,0,0,TN,chr6,,host
read_000949,0,0,0,0,TN,chr9,,host
read_000950,0,0,0,0,TN,chr21,,host
read_000951,0,0,0,0,TN,chr13,,host
read_000952,0,0,0,0,TN,chr10,,host
read_000953,0,0,0,0,TN,chr2,,host
read_000954,0,0,0,0,TN,chr2,,host
read_000955,0,0,0,0,TN,chr7,,host
read_000956,0,0,0,0,TN,chr4,,host
read_000957,0,0,0,0,TN,chr7,,host
read_000958,0,0,0,0,TN,chr15,,host
read_000959,0,0,0,0,TN,chr10,,host
read_000960,0,0,0,0,TN,chr10,,host
read_000961,0,0,0,0,TN,chr7,,host
read_000962,0,0,0,0,TN,chr11,,host
read_000963,0,0,0,0,TN,chr9,,host
read_000964,0,0,0,0,TN,chr5,,host
read_000965,0,0,0,0,TN,chr4,,host
read_000966,0,0,0,0,TN,chr21,,host
read_000967,0,0,0,0,TN,chr8,,host
read_000968,0,0,0,0,TN,chr10,,host
read_000969,0,0,0,0,TN,chr1,,host
read_000970,0,0,0,0,TN,chr9,,host
read_000971,0,0,0,0,TN,chr6,,host
read_000972,0,0,0,0,TN,chr14,,host
read_000973,0,0,0,0,TN,chr15,,host
read_000974,0,0,0,0,TN,chr5,,host
read_000975,0,0,0,0,TN,chr19,,host
read_000976,0,0,0,0,TN,chr16,,host
read_000977,0,0,0,0,TN,chr1,,host
read_000978,0,0,0,0,TN,chr13,,host
read_000979,0,0,0,0,TN,chrX,,host
read_000980,0,0,0,0,TN,chr19,,host
read_000981,0,0,0,0,TN,chr7,,host
read_000982,0,0,0,0,TN,chr19,,host
read_000983,0,0,0,0,TN,chrY,,host
read_000984,0,0,0,0,TN,chr19,,host
read_000985,0,0,0,0,TN,chr5,,host
read_000986,0,0,0,0,TN,chr11,,host
read_000987,0,0,0,0,TN,chr20,,host
read_000988,0,0,0,0,TN,chr17,,host
read_000989,0,0,0,0,TN,chr17,,host
read_000990,0,0,0,0,TN,chr19,,host
read_000991,0,0,0,0,TN,chr15,,host
read_000992,0,0,0,0,TN,chr12,,host
read_000993,0,0,0,0,TN,chrX,,host
read_000994,0,0,0,0,TN,chr16,,host
read_000995,0,0,0,0,TN,chr9,,host
read_000996,0,0,0,0,TN,chr21,,host
read_000997,0,0,0,0,TN,chr7,,host
read_000998,0,0,0,0,TN,chr5,,host
read_000999,0,0,0,0,TN,chr21,,host
read_001000,0,0,0,0,TN,chr19,,host
read_001001,0,0,0,0,TN,chr7,,host
read_001002,0,0,0,0,TN,chr11,,host
read_001003,0,0,0,0,TN,chr4,,host
read_001004,0,0,0,0,TN,chr7,,host
read_001005,0,0,0,0,TN,chr3,,host
read_001006,0,0,0,0,TN,chrX,,host
read_001007,0,0,0,0,TN,chr16,,host
read_001008,0,0,0,0,TN,chr11,,host
read_001009,0,0,0,0,TN,chr13,,host
read_001010,0,0,0,0,TN,chr22,,host
read_001011,0,0,0,0,TN,chr22,,host
read_001012,0,0,0,0,TN,chr8,,host
read_001013,0,0,0,0,TN,CMV-eGFP-HA-T2A-fLuc,,normal
read_001014,0,0,0,0,TN,CMV-eGFP-HA-T2A-fLuc,,normal
read_001015,0,0,0,0,TN,CMV-eGFP-HA-T2A-fLuc,,normal
read_001016,0,0,0,0,TN,CMV-eGFP-HA-T2A-fLuc,,normal
read_001017,0,0,0,0,TN,CMV-eGFP-HA-T2A-fLuc,,normal
read_001018,0,0,0,0,TN,CMV-eGFP-HA-T2A-fLuc,,normal
read_001019,0,0,0,0,TN,CMV-eGFP-HA-T2A-fLuc,,normal
read_001020,0,0,0,0,TN,CMV-eGFP-HA-T2A-fLuc,,normal
read_001021,0,0,0,0,TN,CMV-eGFP-HA-T2A-fLuc,,normal
read_001022,0,0,0,0,TN,CMV-eGFP-HA-T2A-fLuc,,normal
read_001023,0,0,0,0,TN,CMV-eGFP-HA-T2A-fLuc,,normal
read_001024,0,0,0,0,TN,CMV-eGFP-HA-T2A-fLuc,,normal
read_001025,0,0,0,0,TN,CMV-eGFP-HA-T2A-fLuc,,normal
read_001026,0,0,0,0,TN,CMV-eGFP-HA-T2A-fLuc,,normal
read_001027,0,0,0,0,TN,CMV-eGFP-HA-T2A-fLuc,,normal
read_001028,0,0,0,0,TN,CMV-eGFP-HA-T2A-fLuc,,normal
read_001029,0,0,0,0,TN,CMV-eGFP-HA-T2A-fLuc,,normal
read_001030,0,0,0,0,TN,CMV-eGFP-HA-T2A-fLuc,,normal
read_001031,0,0,0,0,TN,CMV-eGFP-HA-T2A-fLuc,,normal
read_001032,0,0,0,0,TN,CMV-eGFP-HA-T2A-fLuc,,normal
read_001033,0,0,0,0,TN,CMV-eGFP-HA-T2A-fLuc,,normal
read_001034,0,0,0,0,TN,CMV-eGFP-HA-T2A-fLuc,,normal
read_001035,0,0,0,0,TN,CMV-eGFP-HA-T2A-fLuc,,normal
read_001036,0,0,0,0,TN,CMV-eGFP-HA-T2A-fLuc,,normal
read_001037,0,0,0,0,TN,CMV-eGFP-HA-T2A-fLuc,,normal
read_001038,0,0,0,0,TN,CMV-eGFP-HA-T2A-fLuc,,normal
read_001039,0,0,0,0,TN,CMV-eGFP-HA-T2A-fLuc,,normal
read_001040,0,0,0,0,TN,CMV-eGFP-HA-T2A-fLuc,,normal
read_001041,0,0,0,0,TN,CMV-eGFP-HA-T2A-fLuc,,normal
read_001042,0,0,0,0,TN,CMV-eGFP-HA-T2A-fLuc,,normal
read_001043,0,0,0,0,TN,CMV-eGFP-HA-T2A-fLuc,,normal
read_001044,0,0,0,0,TN,CMV-eGFP-HA-T2A-fLuc,,normal
read_001045,0,0,0,0,TN,CMV-eGFP-HA-T2A-fLuc,,normal
read_001046,0,0,0,0,TN,CMV-eGFP-HA-T2A-fLuc,,normal
read_001047,0,0,0,0,TN,CMV-eGFP-HA-T2A-fLuc,,normal
read_001048,0,0,0,0,TN,CMV-eGFP-HA-T2A-fLuc,,normal
read_001049,0,0,0,0,TN,CMV-eGFP-HA-T2A-fLuc,,normal
read_001050,0,0,0,0,TN,CMV-eGFP-HA-T2A-fLuc,,normal
read_001051,0,0,0,0,TN,CMV-eGFP-HA-T2A-fLuc,,normal
read_001052,0,0,0,0,TN,CMV-eGFP-HA-T2A-fLuc,,normal
read_001053,0,0,0,0,TN,CMV-eGFP-HA-T2A-fLuc,,normal
read_001054,0,0,0,0,TN,CMV-eGFP-HA-T2A-fLuc,,normal
read_001055,0,0,0,0,TN,CMV-eGFP-HA-T2A-fLuc,,normal
read_001056,0,0,0,0,TN,CMV-eGFP-HA-T2A-fLuc,,normal
read_001057,0,0,0,0,TN,CMV-eGFP-HA-T2A-fLuc,,normal
read_001058,0,0,0,0,TN,CMV-eGFP-HA-T2A-fLuc,,normal
read_001059,0,0,0,0,TN,CMV-eGFP-HA-T2A-fLuc,,normal
read_001060,0,0,0,0,TN,CMV-eGFP-HA-T2A-fLuc,,normal
read_001061,0,0,0,0,TN,CMV-eGFP-HA-T2A-fLuc,,normal
read_001062,0,0,0,0,TN,CMV-eGFP-HA-T2A-fLuc,,normal
read_001063,0,0,0,0,TN,CMV-eGFP-HA-T2A-fLuc,,normal
read_001064,0,0,0,0,TN,CMV-eGFP-HA-T2A-fLuc,,normal
read_001065,0,0,0,0,TN,CMV-eGFP-HA-T2A-fLuc,,normal
read_001066,0,0,0,0,TN,CMV-eGFP-HA-T2A-fLuc,,normal
read_001067,0,0,0,0,TN,CMV-eGFP-HA-T2A-fLuc,,normal
read_001068,0,0,0,0,TN,CMV-eGFP-HA-T2A-fLuc,,normal
read_001069,0,0,0,0,TN,CMV-eGFP-HA-T2A-fLuc,,normal
read_001070,0,0,0,0,TN,CMV-eGFP-HA-T2A-fLuc,,normal
read_001071,0,0,0,0,TN,CMV-eGFP-HA-T2A-fLuc,,normal
read_001072,0,0,0,0,TN,CMV-eGFP-HA-T2A-fLuc,,normal
read_001073,0,0,0,0,TN,CMV-eGFP-HA-T2A-fLuc,,normal
read_001074,0,0,0,0,TN,CMV-eGFP-HA-T2A-fLuc,,normal
read_001075,0,0,0,0,TN,CMV-eGFP-HA-T2A-fLuc,,normal
read_001076,0,0,0,0,TN,CMV-eGFP-HA-T2A-fLuc,,normal
read_001077,0,0,0,0,TN,CMV-eGFP-HA-T2A-fLuc,,normal
read_001078,0,0,0,0,TN,CMV-eGFP-HA-T2A-fLuc,,normal
read_001079,0,0,0,0,TN,CMV-eGFP-HA-T2A-fLuc,,normal
read_001080,0,0,0,0,TN,CMV-eGFP-HA-T2A-fLuc,,normal
read_001081,0,0,0,0,TN,CMV-eGFP-HA-T2A-fLuc,,normal
read_001082,0,0,0,0,TN,CMV-eGFP-HA-T2A-fLuc,,normal
read_001083,0,0,0,0,TN,CMV-eGFP-HA-T2A-fLuc,,normal
read_001084,0,0,0,0,TN,CMV-eGFP-HA-T2A-fLuc,,normal
read_001085,0,0,0,0,TN,CMV-eGFP-HA-T2A-fLuc,,normal
read_001086,0,0,0,0,TN,CMV-eGFP-HA-T2A-fLuc,,normal
read_001087,0,0,0,0,TN,CMV-eGFP-HA-T2A-fLuc,,normal
read_001088,0,0,0,0,TN,CMV-eGFP-HA-T2A-fLuc,,normal
read_001089,0,0,0,0,TN,CMV-eGFP-HA-T2A-fLuc,,normal
read_001090,0,0,0,0,TN,CMV-eGFP-HA-T2A-fLuc,,normal
read_001091,0,0,0,0,TN,CMV-eGFP-HA-T2A-fLuc,,normal
read_001092,0,0,0,0,TN,CMV-eGFP-HA-T2A-fLuc,,normal
read_001093,0,0,0,0,TN,CMV-eGFP-HA-T2A-fLuc,,normal
read_001094,0,0,0,0,TN,CMV-eGFP-HA-T2A-fLuc,,normal
read_001095,0,0,0,0,TN,CMV-eGFP-HA-T2A-fLuc,,normal
read_001096,0,0,0,0,TN,CMV-eGFP-HA-T2A-fLuc,,normal
read_001097,0,0,0,0,TN,CMV-eGFP-HA-T2A-fLuc,,normal
read_001098,0,0,0,0,TN,CMV-eGFP-HA-T2A-fLuc,,normal
read_001099,0,0,0,0,TN,CMV-eGFP-HA-T2A-fLuc,,normal
read_001100,0,0,0,0,TN,CMV-eGFP-HA-T2A-fLuc,,normal
read_001101,0,0,0,0,TN,CMV-eGFP-HA-T2A-fLuc,,normal
read_001102,0,0,0,0,TN,CMV-eGFP-HA-T2A-fLuc,,normal
read_001103,0,0,0,0,TN,CMV-eGFP-HA-T2A-fLuc,,normal
read_001104,0,0,0,0,TN,CMV-eGFP-HA-T2A-fLuc,,normal
read_001105,0,0,0,0,TN,CMV-eGFP-HA-T2A-fLuc,,normal
read_001106,0,0,0,0,TN,CMV-eGFP-HA-T2A-fLuc,,normal
read_001107,0,0,0,0,TN,CMV-eGFP-HA-T2A-fLuc,,normal
read_001108,0,0,0,0,TN,CMV-eGFP-HA-T2A-fLuc,,normal
read_001109,0,0,0,0,TN,CMV-eGFP-HA-T2A-fLuc,,normal
read_001110,0,0,0,0,TN,CMV-eGFP-HA-T2A-fLuc,,normal
read_001111,0,0,0,0,TN,CMV-eGFP-HA-T2A-fLuc,,normal
read_001112,0,0,0,0,TN,CMV-eGFP-HA-T2A-fLuc,,normal
read_001113,0,0,0,0,TN,CMV-eGFP-HA-T2A-fLuc,,normal
read_001114,0,0,0,0,TN,CMV-eGFP-HA-T2A-fLuc,,normal
read_001115,0,0,0,0,TN,CMV-eGFP-HA-T2A-fLuc,,normal
read_001116,0,0,0,0,TN,CMV-eGFP-HA-T2A-fLuc,,normal
read_001117,0,0,0,0,TN,CMV-eGFP-HA-T2A-fLuc,,normal
read_001118,0,0,0,0,TN,CMV-eGFP-HA-T2A-fLuc,,normal
read_001119,0,0,0,0,TN,CMV-eGFP-HA-T2A-fLuc,,normal
read_001120,0,0,0,0,TN,CMV-eGFP-HA-T2A-fLuc,,normal
read_001121,0,0,0,0,TN,CMV-eGFP-HA-T2A-fLuc,,normal
read_001122,0,0,0,0,TN,CMV-eGFP-HA-T2A-fLuc,,normal
read_001123,0,0,0,0,TN,CMV-eGFP-HA-T2A-fLuc,,normal
read_001124,0,0,0,0,TN,CMV-eGFP-HA-T2A-fLuc,,normal
read_001125,0,0,0,0,TN,CMV-eGFP-HA-T2A-fLuc,,normal
read_001126,0,0,0,0,TN,CMV-eGFP-HA-T2A-fLuc,,normal
read_001127,0,0,0,0,TN,CMV-eGFP-HA-T2A-fLuc,,normal
read_001128,0,0,0,0,TN,CMV-eGFP-HA-T2A-fLuc,,normal
read_001129,0,0,0,0,TN,CMV-eGFP-HA-T2A-fLuc,,normal
read_001130,0,0,0,0,TN,CMV-eGFP-HA-T2A-fLuc,,normal
read_001131,0,0,0,0,TN,CMV-eGFP-HA-T2A-fLuc,,normal
read_001132,0,0,0,0,TN,CMV-eGFP-HA-T2A-fLuc,,normal
read_001133,0,0,0,0,TN,CMV-eGFP-HA-T2A-fLuc,,normal
read_001134,0,0,0,0,TN,CMV-eGFP-HA-T2A-fLuc,,normal
read_001135,0,0,0,0,TN,CMV-eGFP-HA-T2A-fLuc,,normal
read_001136,0,0,0,0,TN,CMV-eGFP-HA-T2A-fLuc,,normal
read_001137,0,0,0,0,TN,CMV-eGFP-HA-T2A-fLuc,,normal
read_001138,0,0,0,0,TN,CMV-eGFP-HA-T2A-fLuc,,normal
read_001139,0,0,0,0,TN,CMV-eGFP-HA-T2A-fLuc,,normal
read_001140,0,0,0,0,TN,CMV-eGFP-HA-T2A-fLuc,,normal
read_001141,0,0,0,0,TN,CMV-eGFP-HA-T2A-fLuc,,normal
read_001142,0,0,0,0,TN,CMV-eGFP-HA-T2A-fLuc,,normal
read_001143,0,0,0,0,TN,CMV-eGFP-HA-T2A-fLuc,,normal
read_001144,0,0,0,0,TN,CMV-eGFP-HA-T2A-fLuc,,normal
read_001145,0,0,0,0,TN,CMV-eGFP-HA-T2A-fLuc,,normal
read_001146,0,0,0,0,TN,CMV-eGFP-HA-T2A-fLuc,,normal
read_001147,0,0,0,0,TN,CMV-eGFP-HA-T2A-fLuc,,normal
read_001148,0,0,0,0,TN,CMV-eGFP-HA-T2A-fLuc,,normal
read_001149,0,0,0,0,TN,CMV-eGFP-HA-T2A-fLuc,,normal
read_001150,0,0,0,0,TN,CMV-eGFP-HA-T2A-fLuc,,normal
read_001151,0,0,0,0,TN,CMV-eGFP-HA-T2A-fLuc,,normal
read_001152,0,0,0,0,TN,CMV-eGFP-HA-T2A-fLuc,,normal
read_001153,0,0,0,0,TN,CMV-eGFP-HA-T2A-fLuc,,normal
read_001154,0,0,0,0,TN,CMV-eGFP-HA-T2A-fLuc,,normal
read_001155,0,0,0,0,TN,CMV-eGFP-HA-T2A-fLuc,,normal
read_001156,0,0,0,0,TN,CMV-eGFP-HA-T2A-fLuc,,normal
read_001157,0,0,0,0,TN,CMV-eGFP-HA-T2A-fLuc,,normal
read_001158,0,0,0,0,TN,CMV-eGFP-HA-T2A-fLuc,,normal
read_001159,0,0,0,0,TN,CMV-eGFP-HA-T2A-fLuc,,normal
read_001160,0,0,0,0,TN,CMV-eGFP-HA-T2A-fLuc,,normal
read_001161,0,0,0,0,TN,CMV-eGFP-HA-T2A-fLuc,,normal
read_001162,0,0,0,0,TN,CMV-eGFP-HA-T2A-fLuc,,normal
read_001163,0,0,0,0,TN,CMV-eGFP-HA-T2A-fLuc,,normal
read_001164,0,0,0,0,TN,CMV-eGFP-HA-T2A-fLuc,,normal
read_001165,0,0,0,0,TN,CMV-eGFP-HA-T2A-fLuc,,normal
read_001166,0,0,0,0,TN,CMV-eGFP-HA-T2A-fLuc,,normal
read_001167,0,0,0,0,TN,CMV-eGFP-HA-T2A-fLuc,,normal
read_001168,0,0,0,0,TN,CMV-eGFP-HA-T2A-fLuc,,normal
read_001169,0,0,0,0,TN,CMV-eGFP-HA-T2A-fLuc,,normal
read_001170,0,0,0,0,TN,CMV-eGFP-HA-T2A-fLuc,,normal
read_001171,0,0,0,0,TN,CMV-eGFP-HA-T2A-fLuc,,normal
read_001172,0,0,0,0,TN,CMV-eGFP-HA-T2A-fLuc,,normal
read_001173,0,0,0,0,TN,CMV-eGFP-HA-T2A-fLuc,,normal
read_001174,0,0,0,0,TN,CMV-eGFP-HA-T2A-fLuc,,normal
read_001175,0,0,0,0,TN,CMV-eGFP-HA-T2A-fLuc,,normal
read_001176,0,0,0,0,TN,CMV-eGFP-HA-T2A-fLuc,,normal
read_001177,0,0,0,0,TN,CMV-eGFP-HA-T2A-fLuc,,normal
read_001178,0,0,0,0,TN,CMV-eGFP-HA-T2A-fLuc,,normal
read_001179,0,0,0,0,TN,CMV-eGFP-HA-T2A-fLuc,,normal
read_001180,0,0,0,0,TN,CMV-eGFP-HA-T2A-fLuc,,normal
read_001181,0,0,0,0,TN,CMV-eGFP-HA-T2A-fLuc,,normal
read_001182,0,0,0,0,TN,CMV-eGFP-HA-T2A-fLuc,,normal
read_001183,0,0,0,0,TN,CMV-eGFP-HA-T2A-fLuc,,normal
read_001184,0,0,0,0,TN,CMV-eGFP-HA-T2A-fLuc,,normal
read_001185,0,0,0,0,TN,CMV-eGFP-HA-T2A-fLuc,,normal
read_001186,0,0,0,0,TN,CMV-eGFP-HA-T2A-fLuc,,normal
read_001187,0,0,0,0,TN,CMV-eGFP-HA-T2A-fLuc,,normal
read_001188,0,0,0,0,TN,CMV-eGFP-HA-T2A-fLuc,,normal
read_001189,0,0,0,0,TN,CMV-eGFP-HA-T2A-fLuc,,normal
read_001190,0,0,0,0,TN,CMV-eGFP-HA-T2A-fLuc,,normal
read_001191,0,0,0,0,TN,CMV-eGFP-HA-T2A-fLuc,,normal
read_001192,0,0,0,0,TN,CMV-eGFP-HA-T2A-fLuc,,normal
read_001193,0,0,0,0,TN,CMV-eGFP-HA-T2A-fLuc,,normal
read_001194,0,0,0,0,TN,CMV-eGFP-HA-T2A-fLuc,,normal
read_001195,0,0,0,0,TN,CMV-eGFP-HA-T2A-fLuc,,normal
read_001196,0,0,0,0,TN,CMV-eGFP-HA-T2A-fLuc,,normal
read_001197,0,0,0,0,TN,CMV-eGFP-HA-T2A-fLuc,,normal
read_001198,0,0,0,0,TN,CMV-eGFP-HA-T2A-fLuc,,normal
read_001199,0,0,0,0,TN,CMV-eGFP-HA-T2A-fLuc,,normal
read_001200,0,0,0,0,TN,CMV-eGFP-HA-T2A-fLuc,,normal
read_001201,0,0,0,0,TN,CMV-eGFP-HA-T2A-fLuc,,normal
read_001202,0,0,0,0,TN,CMV-eGFP-HA-T2A-fLuc,,normal
read_001203,0,0,0,0,TN,CMV-eGFP-HA-T2A-fLuc,,normal
read_001204,0,0,0,0,TN,CMV-eGFP-HA-T2A-fLuc,,normal
read_001205,0,0,0,0,TN,CMV-eGFP-HA-T2A-fLuc,,normal
read_001206,0,0,0,0,TN,CMV-eGFP-HA-T2A-fLuc,,normal
read_001207,0,0,0,0,TN,CMV-eGFP-HA-T2A-fLuc,,normal
read_001208,0,0,0,0,TN,CMV-eGFP-HA-T2A-fLuc,,normal
read_001209,0,0,0,0,TN,CMV-eGFP-HA-T2A-fLuc,,normal
read_001210,0,0,0,0,TN,CMV-eGFP-HA-T2A-fLuc,,normal
read_001211,0,0,0,0,TN,CMV-eGFP-HA-T2A-fLuc,,normal
read_001212,0,0,0,0,TN,CMV-eGFP-HA-T2A-fLuc,,normal
read_001213,0,0,0,0,TN,CMV-eGFP-HA-T2A-fLuc,,normal
read_001214,0,0,0,0,TN,CMV-eGFP-HA-T2A-fLuc,,normal
read_001215,0,0,0,0,TN,CMV-eGFP-HA-T2A-fLuc,,normal
read_001216,0,0,0,0,TN,CMV-eGFP-HA-T2A-fLuc,,normal
read_001217,0,0,0,0,TN,CMV-eGFP-HA-T2A-fLuc,,normal
read_001218,0,0,0,0,TN,CMV-eGFP-HA-T2A-fLuc,,normal
read_001219,0,0,0,0,TN,CMV-eGFP-HA-T2A-fLuc,,normal
read_001220,0,0,0,0,TN,CMV-eGFP-HA-T2A-fLuc,,normal
read_001221,0,0,0,0,TN,CMV-eGFP-HA-T2A-fLuc,,normal
read_001222,0,0,0,0,TN,CMV-eGFP-HA-T2A-fLuc,,normal
read_001223,0,0,0,0,TN,CMV-eGFP-HA-T2A-fLuc,,normal
read_001224,0,0,0,0,TN,CMV-eGFP-HA-T2A-fLuc,,normal
read_001225,0,0,0,0,TN,CMV-eGFP-HA-T2A-fLuc,,normal
read_001226,0,0,0,0,TN,CMV-eGFP-HA-T2A-fLuc,,normal
read_001227,0,0,0,0,TN,CMV-eGFP-HA-T2A-fLuc,,normal
read_001228,0,0,0,0,TN,CMV-eGFP-HA-T2A-fLuc,,normal
read_001229,0,0,0,0,TN,CMV-eGFP-HA-T2A-fLuc,,normal
read_001230,0,0,0,0,TN,CMV-eGFP-HA-T2A-fLuc,,normal
read_001231,0,0,0,0,TN,CMV-eGFP-HA-T2A-fLuc,,normal
read_001232,0,0,0,0,TN,CMV-eGFP-HA-T2A-fLuc,,normal
read_001233,0,0,0,0,TN,CMV-eGFP-HA-T2A-fLuc,,normal
read_001234,0,0,0,0,TN,CMV-eGFP-HA-T2A-fLuc,,normal
read_001235,0,0,0,0,TN,CMV-eGFP-HA-T2A-fLuc,,normal
read_001236,0,0,0,0,TN,CMV-eGFP-HA-T2A-fLuc,,normal
read_001237,0,0,0,0,TN,CMV-eGFP-HA-T2A-fLuc,,normal
read_001238,0,0,0,0,TN,CMV-eGFP-HA-T2A-fLuc,,normal
read_001239,0,0,0,0,TN,CMV-eGFP-HA-T2A-fLuc,,normal
read_001240,0,0,0,0,TN,CMV-eGFP-HA-T2A-fLuc,,normal
read_001241,0,0,0,0,TN,CMV-eGFP-HA-T2A-fLuc,,normal
read_001242,0,0,0,0,TN,CMV-eGFP-HA-T2A-fLuc,,normal
read_001243,0,0,0,0,TN,CMV-eGFP-HA-T2A-fLuc,,normal
read_001244,0,0,0,0,TN,CMV-eGFP-HA-T2A-fLuc,,normal
read_001245,0,0,0,0,TN,CMV-eGFP-HA-T2A-fLuc,,normal
read_001246,0,0,0,0,TN,CMV-eGFP-HA-T2A-fLuc,,normal
read_001247,0,0,0,0,TN,CMV-eGFP-HA-T2A-fLuc,,normal
read_001248,0,0,0,0,TN,CMV-eGFP-HA-T2A-fLuc,,normal
read_001249,0,0,0,0,TN,CMV-eGFP-HA-T2A-fLuc,,normal
read_001250,0,0,0,0,TN,CMV-eGFP-HA-T2A-fLuc,,normal
read_001251,0,0,0,0,TN,CMV-eGFP-HA-T2A-fLuc,,normal
read_001252,0,0,0,0,TN,CMV-eGFP-HA-T2A-fLuc,,normal
read_001253,0,0,0,0,TN,CMV-eGFP-HA-T2A-fLuc,,normal
read_001254,0,0,0,0,TN,CMV-eGFP-HA-T2A-fLuc,,normal
read_001255,0,0,0,0,TN,CMV-eGFP-HA-T2A-fLuc,,normal
read_001256,0,0,0,0,TN,CMV-eGFP-HA-T2A-fLuc,,normal
read_001257,0,0,0,0,TN,CMV-eGFP-HA-T2A-fLuc,,normal
read_001258,0,0,0,0,TN,CMV-eGFP-HA-T2A-fLuc,,normal
read_001259,0,0,0,0,TN,CMV-eGFP-HA-T2A-fLuc,,normal
read_001260,0,0,0,0,TN,CMV-eGFP-HA-T2A-fLuc,,normal
read_001261,0,0,0,0,TN,CMV-eGFP-HA-T2A-fLuc,,normal
read_001262,0,0,0,0,TN,CMV-eGFP-HA-T2A-fLuc,,normal
read_001263,0,0,0,0,TN,CMV-eGFP-HA-T2A-fLuc,,normal
read_001264,0,0,0,0,TN,CMV-eGFP-HA-T2A-fLuc,,normal
read_001265,0,0,0,0,TN,CMV-eGFP-HA-T2A-fLuc,,normal
read_001266,0,0,0,0,TN,CMV-eGFP-HA-T2A-fLuc,,normal
read_001267,0,0,0,0,TN,CMV-eGFP-HA-T2A-fLuc,,normal
read_001268,0,0,0,0,TN,CMV-eGFP-HA-T2A-fLuc,,normal
read_001269,0,0,0,0,TN,CMV-eGFP-HA-T2A-fLuc,,normal
read_001270,0,0,0,0,TN,CMV-eGFP-HA-T2A-fLuc,,normal
read_001271,0,0,0,0,TN,CMV-eGFP-HA-T2A-fLuc,,normal
read_001272,0,0,0,0,TN,CMV-eGFP-HA-T2A-fLuc,,normal
read_001273,0,0,0,0,TN,CMV-eGFP-HA-T2A-fLuc,,normal
read_001274,0,0,0,0,TN,CMV-eGFP-HA-T2A-fLuc,,normal
read_001275,0,0,0,0,TN,CMV-eGFP-HA-T2A-fLuc,,normal
read_001276,0,0,0,0,TN,CMV-eGFP-HA-T2A-fLuc,,normal
read_001277,0,0,0,0,TN,CMV-eGFP-HA-T2A-fLuc,,normal
read_001278,0,0,0,0,TN,CMV-eGFP-HA-T2A-fLuc,,normal
read_001279,0,0,0,0,TN,CMV-eGFP-HA-T2A-fLuc,,normal
read_001280,0,0,0,0,TN,CMV-eGFP-HA-T2A-fLuc,,normal
read_001281,0,0,0,0,TN,CMV-eGFP-HA-T2A-fLuc,,normal
read_001282,0,0,0,0,TN,CMV-eGFP-HA-T2A-fLuc,,normal
read_001283,0,0,0,0,TN,CMV-eGFP-HA-T2A-fLuc,,normal
read_001284,0,0,0,0,TN,CMV-eGFP-HA-T2A-fLuc,,normal
read_001285,0,0,0,0,TN,CMV-eGFP-HA-T2A-fLuc,,normal
read_001286,0,0,0,0,TN,CMV-eGFP-HA-T2A-fLuc,,normal
read_001287,0,0,0,0,TN,CMV-eGFP-HA-T2A-fLuc,,normal
read_001288,0,0,0,0,TN,CMV-eGFP-HA-T2A-fLuc,,normal
read_001289,0,0,0,0,TN,CMV-eGFP-HA-T2A-fLuc,,normal
read_001290,0,0,0,0,TN,CMV-eGFP-HA-T2A-fLuc,,normal
read_001291,0,0,0,0,TN,CMV-eGFP-HA-T2A-fLuc,,normal
read_001292,0,0,0,0,TN,CMV-eGFP-HA-T2A-fLuc,,normal
read_001293,0,0,0,0,TN,CMV-eGFP-HA-T2A-fLuc,,normal
read_001294,0,0,0,0,TN,CMV-eGFP-HA-T2A-fLuc,,normal
read_001295,0,0,0,0,TN,CMV-eGFP-HA-T2A-fLuc,,normal
read_001296,0,0,0,0,TN,CMV-eGFP-HA-T2A-fLuc,,normal
read_001297,0,0,0,0,TN,CMV-eGFP-HA-T2A-fLuc,,normal
read_001298,0,0,0,0,TN,CMV-eGFP-HA-T2A-fLuc,,normal
read_001299,0,0,0,0,TN,CMV-eGFP-HA-T2A-fLuc,,normal
read_001300,0,0,0,0,TN,CMV-eGFP-HA-T2A-fLuc,,normal
read_001301,0,0,0,0,TN,CMV-eGFP-HA-T2A-fLuc,,normal
read_001302,0,0,0,0,TN,CMV-eGFP-HA-T2A-fLuc,,normal
read_001303,0,0,0,0,TN,CMV-eGFP-HA-T2A-fLuc,,normal
read_001304,0,0,0,0,TN,CMV-eGFP-HA-T2A-fLuc,,normal
read_001305,0,0,0,0,TN,CMV-eGFP-HA-T2A-fLuc,,normal
read_001306,0,0,0,0,TN,CMV-eGFP-HA-T2A-fLuc,,normal
read_001307,0,0,0,0,TN,CMV-eGFP-HA-T2A-fLuc,,normal
read_001308,0,0,0,0,TN,CMV-eGFP-HA-T2A-fLuc,,normal
read_001309,0,0,0,0,TN,CMV-eGFP-HA-T2A-fLuc,,normal
read_001310,0,0,0,0,TN,CMV-eGFP-HA-T2A-fLuc,,normal
read_001311,0,0,0,0,TN,CMV-eGFP-HA-T2A-fLuc,,normal
read_001312,0,0,0,0,TN,CMV-eGFP-HA-T2A-fLuc,,normal
read_001313,0,0,0,0,TN,CMV-eGFP-HA-T2A-fLuc,,normal
read_001314,0,0,0,0,TN,CMV-eGFP-HA-T2A-fLuc,,normal
read_001315,0,0,0,0,TN,CMV-eGFP-HA-T2A-fLuc,,normal
read_001316,0,0,0,0,TN,CMV-eGFP-HA-T2A-fLuc,,normal
read_001317,0,0,0,0,TN,CMV-eGFP-HA-T2A-fLuc,,normal
read_001318,0,0,0,0,TN,CMV-eGFP-HA-T2A-fLuc,,normal
read_001319,0,0,0,0,TN,CMV-eGFP-HA-T2A-fLuc,,normal
read_001320,0,0,0,0,TN,CMV-eGFP-HA-T2A-fLuc,,normal
read_001321,0,0,0,0,TN,CMV-eGFP-HA-T2A-fLuc,,normal
read_001322,0,0,0,0,TN,CMV-eGFP-HA-T2A-fLuc,,normal
read_001323,0,0,0,0,TN,CMV-eGFP-HA-T2A-fLuc,,normal
read_001324,0,0,0,0,TN,CMV-eGFP-HA-T2A-fLuc,,normal
read_001325,0,0,0,0,TN,CMV-eGFP-HA-T2A-fLuc,,normal
read_001326,0,0,0,0,TN,CMV-eGFP-HA-T2A-fLuc,,normal
read_001327,0,0,0,0,TN,CMV-eGFP-HA-T2A-fLuc,,normal
read_001328,0,0,0,0,TN,CMV-eGFP-HA-T2A-fLuc,,normal
read_001329,0,0,0,0,TN,CMV-eGFP-HA-T2A-fLuc,,normal
read_001330,0,0,0,0,TN,CMV-eGFP-HA-T2A-fLuc,,normal
read_001331,0,0,0,0,TN,CMV-eGFP-HA-T2A-fLuc,,normal
read_001332,0,0,0,0,TN,CMV-eGFP-HA-T2A-fLuc,,normal
read_001333,0,0,0,0,TN,CMV-eGFP-HA-T2A-fLuc,,normal
read_001334,0,0,0,0,TN,CMV-eGFP-HA-T2A-fLuc,,normal
read_001335,0,0,0,0,TN,CMV-eGFP-HA-T2A-fLuc,,normal
read_001336,0,0,0,0,TN,CMV-eGFP-HA-T2A-fLuc,,normal
read_001337,0,0,0,0,TN,CMV-eGFP-HA-T2A-fLuc,,normal
read_001338,0,0,0,0,TN,CMV-eGFP-HA-T2A-fLuc,,normal
read_001339,0,0,0,0,TN,CMV-eGFP-HA-T2A-fLuc,,normal
read_001340,0,0,0,0,TN,CMV-eGFP-HA-T2A-fLuc,,normal
read_001341,0,0,0,0,TN,CMV-eGFP-HA-T2A-fLuc,,normal
read_001342,0,0,0,0,TN,CMV-eGFP-HA-T2A-fLuc,,normal
read_001343,0,0,0,0,TN,CMV-eGFP-HA-T2A-fLuc,,normal
read_001344,0,0,0,0,TN,CMV-eGFP-HA-T2A-fLuc,,normal
read_001345,0,0,0,0,TN,CMV-eGFP-HA-T2A-fLuc,,normal
read_001346,0,0,0,0,TN,CMV-eGFP-HA-T2A-fLuc,,normal
read_001347,0,0,0,0,TN,CMV-eGFP-HA-T2A-fLuc,,normal
read_001348,0,0,0,0,TN,CMV-eGFP-HA-T2A-fLuc,,normal
read_001349,0,0,0,0,TN,CMV-eGFP-HA-T2A-fLuc,,normal
read_001350,0,0,0,0,TN,CMV-eGFP-HA-T2A-fLuc,,normal
read_001351,0,0,0,0,TN,CMV-eGFP-HA-T2A-fLuc,,normal
read_001352,0,0,0,0,TN,CMV-eGFP-HA-T2A-fLuc,,normal
read_001353,0,0,0,0,TN,CMV-eGFP-HA-T2A-fLuc,,normal
read_001354,0,0,0,0,TN,CMV-eGFP-HA-T2A-fLuc,,normal
read_001355,0,0,0,0,TN,CMV-eGFP-HA-T2A-fLuc,,normal
read_001356,0,0,0,0,TN,CMV-eGFP-HA-T2A-fLuc,,normal
read_001357,0,0,0,0,TN,CMV-eGFP-HA-T2A-fLuc,,normal
read_001358,0,0,0,0,TN,CMV-eGFP-HA-T2A-fLuc,,normal
read_001359,0,0,0,0,TN,CMV-eGFP-HA-T2A-fLuc,,normal
read_001360,0,0,0,0,TN,CMV-eGFP-HA-T2A-fLuc,,normal
read_001361,0,0,0,0,TN,CMV-eGFP-HA-T2A-fLuc,,normal
read_001362,0,0,0,0,TN,CMV-eGFP-HA-T2A-fLuc,,normal
read_001363,0,0,0,0,TN,CMV-eGFP-HA-T2A-fLuc,,normal
read_001364,0,0,0,0,TN,CMV-eGFP-HA-T2A-fLuc,,normal
read_001365,0,0,0,0,TN,CMV-eGFP-HA-T2A-fLuc,,normal
read_001366,0,0,0,0,TN,CMV-eGFP-HA-T2A-fLuc,,normal
read_001367,0,0,0,0,TN,CMV-eGFP-HA-T2A-fLuc,,normal
read_001368,0,0,0,0,TN,CMV-eGFP-HA-T2A-fLuc,,normal
read_001369,0,0,0,0,TN,CMV-eGFP-HA-T2A-fLuc,,normal
read_001370,0,0,0,0,TN,CMV-eGFP-HA-T2A-fLuc,,normal
read_001371,0,0,0,0,TN,CMV-eGFP-HA-T2A-fLuc,,normal
read_001372,0,0,0,0,TN,CMV-eGFP-HA-T2A-fLuc,,normal
read_001373,0,0,0,0,TN,CMV-eGFP-HA-T2A-fLuc,,normal
read_001374,0,0,0,0,TN,CMV-eGFP-HA-T2A-fLuc,,normal
read_001375,0,0,0,0,TN,CMV-eGFP-HA-T2A-fLuc,,normal
read_001376,0,0,0,0,TN,CMV-eGFP-HA-T2A-fLuc,,normal
read_001377,0,0,0,0,TN,CMV-eGFP-HA-T2A-fLuc,,normal
read_001378,0,0,0,0,TN,CMV-eGFP-HA-T2A-fLuc,,normal
read_001379,0,0,0,0,TN,CMV-eGFP-HA-T2A-fLuc,,normal
read_001380,0,0,0,0,TN,CMV-eGFP-HA-T2A-fLuc,,normal
read_001381,0,0,0,0,TN,CMV-eGFP-HA-T2A-fLuc,,normal
read_001382,0,0,0,0,TN,CMV-eGFP-HA-T2A-fLuc,,normal
read_001383,0,0,0,0,TN,CMV-eGFP-HA-T2A-fLuc,,normal
read_001384,0,0,0,0,TN,CMV-eGFP-HA-T2A-fLuc,,normal
read_001385,0,0,0,0,TN,CMV-eGFP-HA-T2A-fLuc,,normal
read_001386,0,0,0,0,TN,CMV-eGFP-HA-T2A-fLuc,,normal
read_001387,0,0,0,0,TN,CMV-eGFP-HA-T2A-fLuc,,normal
read_001388,0,0,0,0,TN,CMV-eGFP-HA-T2A-fLuc,,normal
read_001389,0,0,0,0,TN,CMV-eGFP-HA-T2A-fLuc,,normal
read_001390,0,0,0,0,TN,CMV-eGFP-HA-T2A-fLuc,,normal
read_001391,0,0,0,0,TN,CMV-eGFP-HA-T2A-fLuc,,normal
read_001392,0,0,0,0,TN,CMV-eGFP-HA-T2A-fLuc,,normal
read_001393,0,0,0,0,TN,CMV-eGFP-HA-T2A-fLuc,,normal
read_001394,0,0,0,0,TN,CMV-eGFP-HA-T2A-fLuc,,normal
read_001395,0,0,0,0,TN,CMV-eGFP-HA-T2A-fLuc,,normal
read_001396,0,0,0,0,TN,CMV-eGFP-HA-T2A-fLuc,,normal
read_001397,0,0,0,0,TN,CMV-eGFP-HA-T2A-fLuc,,normal
read_001398,0,0,0,0,TN,CMV-eGFP-HA-T2A-fLuc,,normal
read_001399,0,0,0,0,TN,CMV-eGFP-HA-T2A-fLuc,,normal
read_001400,0,0,0,0,TN,CMV-eGFP-HA-T2A-fLuc,,normal
read_001401,0,0,0,0,TN,CMV-eGFP-HA-T2A-fLuc,,normal
read_001402,0,0,0,0,TN,CMV-eGFP-HA-T2A-fLuc,,normal
read_001403,0,0,0,0,TN,CMV-eGFP-HA-T2A-fLuc,,normal
read_001404,0,0,0,0,TN,CMV-eGFP-HA-T2A-fLuc,,normal
read_001405,0,0,0,0,TN,CMV-eGFP-HA-T2A-fLuc,,normal
read_001406,0,0,0,0,TN,CMV-eGFP-HA-T2A-fLuc,,normal
read_001407,0,0,0,0,TN,CMV-eGFP-HA-T2A-fLuc,,normal
read_001408,0,0,0,0,TN,CMV-eGFP-HA-T2A-fLuc,,normal
read_001409,0,0,0,0,TN,CMV-eGFP-HA-T2A-fLuc,,normal
read_001410,0,0,0,0,TN,CMV-eGFP-HA-T2A-fLuc,,normal
read_001411,0,0,0,0,TN,CMV-eGFP-HA-T2A-fLuc,,normal
read_001412,0,0,0,0,TN,CMV-eGFP-HA-T2A-fLuc,,normal
read_001413,0,0,0,0,TN,CMV-eGFP-HA-T2A-fLuc,,normal
read_001414,0,0,0,0,TN,CMV-eGFP-HA-T2A-fLuc,,normal
read_001415,0,0,0,0,TN,CMV-eGFP-HA-T2A-fLuc,,normal
read_001416,0,0,0,0,TN,CMV-eGFP-HA-T2A-fLuc,,normal
read_001417,0,0,0,0,TN,CMV-eGFP-HA-T2A-fLuc,,normal
read_001418,0,0,0,0,TN,CMV-eGFP-HA-T2A-fLuc,,normal
read_001419,0,0,0,0,TN,CMV-eGFP-HA-T2A-fLuc,,normal
read_001420,0,0,0,0,TN,CMV-eGFP-HA-T2A-fLuc,,normal
read_001421,0,0,0,0,TN,CMV-eGFP-HA-T2A-fLuc,,normal
read_001422,0,0,0,0,TN,CMV-eGFP-HA-T2A-fLuc,,normal
read_001423,0,0,0,0,TN,CMV-eGFP-HA-T2A-fLuc,,normal
read_001424,0,0,0,0,TN,CMV-eGFP-HA-T2A-fLuc,,normal
read_001425,0,0,0,0,TN,CMV-eGFP-HA-T2A-fLuc,,normal
read_001426,0,0,0,0,TN,CMV-eGFP-HA-T2A-fLuc,,normal
read_001427,0,0,0,0,TN,CMV-eGFP-HA-T2A-fLuc,,normal
read_001428,0,0,0,0,TN,CMV-eGFP-HA-T2A-fLuc,,normal
read_001429,0,0,0,0,TN,CMV-eGFP-HA-T2A-fLuc,,normal
read_001430,0,0,0,0,TN,CMV-eGFP-HA-T2A-fLuc,,normal
read_001431,0,0,0,0,TN,CMV-eGFP-HA-T2A-fLuc,,normal
read_001432,0,0,0,0,TN,CMV-eGFP-HA-T2A-fLuc,,normal
read_001433,0,0,0,0,TN,CMV-eGFP-HA-T2A-fLuc,,normal
read_001434,0,0,0,0,TN,CMV-eGFP-HA-T2A-fLuc,,normal
read_001435,0,0,0,0,TN,CMV-eGFP-HA-T2A-fLuc,,normal
read_001436,0,0,0,0,TN,CMV-eGFP-HA-T2A-fLuc,,normal
read_001437,0,0,0,0,TN,CMV-eGFP-HA-T2A-fLuc,,normal
read_001438,0,0,0,0,TN,CMV-eGFP-HA-T2A-fLuc,,normal
read_001439,0,0,0,0,TN,CMV-eGFP-HA-T2A-fLuc,,normal
read_001440,0,0,0,0,TN,CMV-eGFP-HA-T2A-fLuc,,normal
read_001441,0,0,0,0,TN,CMV-eGFP-HA-T2A-fLuc,,normal
read_001442,0,0,0,0,TN,CMV-eGFP-HA-T2A-fLuc,,normal
read_001443,0,0,0,0,TN,CMV-eGFP-HA-T2A-fLuc,,normal
read_001444,0,0,0,0,TN,CMV-eGFP-HA-T2A-fLuc,,normal
read_001445,0,0,0,0,TN,CMV-eGFP-HA-T2A-fLuc,,normal
read_001446,0,0,0,0,TN,CMV-eGFP-HA-T2A-fLuc,,normal
read_001447,0,0,0,0,TN,CMV-eGFP-HA-T2A-fLuc,,normal
read_001448,0,0,0,0,TN,CMV-eGFP-HA-T2A-fLuc,,normal
read_001449,0,0,0,0,TN,CMV-eGFP-HA-T2A-fLuc,,normal
read_001450,0,0,0,0,TN,CMV-eGFP-HA-T2A-fLuc,,normal
read_001451,0,0,0,0,TN,CMV-eGFP-HA-T2A-fLuc,,normal
read_001452,0,0,0,0,TN,CMV-eGFP-HA-T2A-fLuc,,normal
read_001453,0,0,0,0,TN,CMV-eGFP-HA-T2A-fLuc,,normal
read_001454,0,0,0,0,TN,CMV-eGFP-HA-T2A-fLuc,,normal
read_001455,0,0,0,0,TN,CMV-eGFP-HA-T2A-fLuc,,normal
read_001456,0,0,0,0,TN,CMV-eGFP-HA-T2A-fLuc,,normal
read_001457,0,0,0,0,TN,CMV-eGFP-HA-T2A-fLuc,,normal
read_001458,0,0,0,0,TN,CMV-eGFP-HA-T2A-fLuc,,normal
read_001459,0,0,0,0,TN,CMV-eGFP-HA-T2A-fLuc,,normal
read_001460,0,0,0,0,TN,CMV-eGFP-HA-T2A-fLuc,,normal
read_001461,0,0,0,0,TN,CMV-eGFP-HA-T2A-fLuc,,normal
read_001462,0,0,0,0,TN,CMV-eGFP-HA-T2A-fLuc,,normal
read_001463,0,0,0,0,TN,CMV-eGFP-HA-T2A-fLuc,,normal
read_001464,0,0,0,0,TN,CMV-eGFP-HA-T2A-fLuc,,normal
read_001465,0,0,0,0,TN,CMV-eGFP-HA-T2A-fLuc,,normal
read_001466,0,0,0,0,TN,CMV-eGFP-HA-T2A-fLuc,,normal
read_001467,0,0,0,0,TN,CMV-eGFP-HA-T2A-fLuc,,normal
read_001468,0,0,0,0,TN,CMV-eGFP-HA-T2A-fLuc,,normal
read_001469,0,0,0,0,TN,CMV-eGFP-HA-T2A-fLuc,,normal
read_001470,0,0,0,0,TN,CMV-eGFP-HA-T2A-fLuc,,normal
read_001471,0,0,0,0,TN,CMV-eGFP-HA-T2A-fLuc,,normal
read_001472,0,0,0,0,TN,CMV-eGFP-HA-T2A-fLuc,,normal
read_001473,0,0,0,0,TN,CMV-eGFP-HA-T2A-fLuc,,normal
read_001474,0,0,0,0,TN,CMV-eGFP-HA-T2A-fLuc,,normal
read_001475,0,0,0,0,TN,CMV-eGFP-HA-T2A-fLuc,,normal
read_001476,0,0,0,0,TN,CMV-eGFP-HA-T2A-fLuc,,normal
read_001477,0,0,0,0,TN,CMV-eGFP-HA-T2A-fLuc,,normal
read_001478,0,0,0,0,TN,CMV-eGFP-HA-T2A-fLuc,,normal
read_001479,0,0,0,0,TN,CMV-eGFP-HA-T2A-fLuc,,normal
read_001480,0,0,0,0,TN,CMV-eGFP-HA-T2A-fLuc,,normal
read_001481,0,0,0,0,TN,CMV-eGFP-HA-T2A-fLuc,,normal
read_001482,0,0,0,0,TN,CMV-eGFP-HA-T2A-fLuc,,normal
read_001483,0,0,0,0,TN,CMV-eGFP-HA-T2A-fLuc,,normal
read_001484,0,0,0,0,TN,CMV-eGFP-HA-T2A-fLuc,,normal
read_001485,0,0,0,0,TN,CMV-eGFP-HA-T2A-fLuc,,normal
read_001486,0,0,0,0,TN,CMV-eGFP-HA-T2A-fLuc,,normal
read_001487,0,0,0,0,TN,CMV-eGFP-HA-T2A-fLuc,,normal
read_001488,0,0,0,0,TN,CMV-eGFP-HA-T2A-fLuc,,normal
read_001489,0,0,0,0,TN,CMV-eGFP-HA-T2A-fLuc,,normal
read_001490,0,0,0,0,TN,CMV-eGFP-HA-T2A-fLuc,,normal
read_001491,0,0,0,0,TN,CMV-eGFP-HA-T2A-fLuc,,normal
read_001492,0,0,0,0,TN,CMV-eGFP-HA-T2A-fLuc,,normal
read_001493,0,0,0,0,TN,CMV-eGFP-HA-T2A-fLuc,,normal
read_001494,0,0,0,0,TN,CMV-eGFP-HA-T2A-fLuc,,normal
read_001495,0,0,0,0,TN,CMV-eGFP-HA-T2A-fLuc,,normal
read_001496,0,0,0,0,TN,CMV-eGFP-HA-T2A-fLuc,,normal
read_001497,0,0,0,0,TN,CMV-eGFP-HA-T2A-fLuc,,normal
read_001498,0,0,0,0,TN,CMV-eGFP-HA-T2A-fLuc,,normal
read_001499,0,0,0,0,TN,CMV-eGFP-HA-T2A-fLuc,,normal
read_001500,0,0,0,0,TN,CMV-eGFP-HA-T2A-fLuc,,normal
read_001501,0,0,0,0,TN,CMV-eGFP-HA-T2A-fLuc,,normal
read_001502,0,0,0,0,TN,CMV-eGFP-HA-T2A-fLuc,,normal
read_001503,0,0,0,0,TN,CMV-eGFP-HA-T2A-fLuc,,normal
read_001504,0,0,0,0,TN,CMV-eGFP-HA-T2A-fLuc,,normal
read_001505,0,0,0,0,TN,CMV-eGFP-HA-T2A-fLuc,,normal
read_001506,0,0,0,0,TN,CMV-eGFP-HA-T2A-fLuc,,normal
read_001507,0,0,0,0,TN,CMV-eGFP-HA-T2A-fLuc,,normal
read_001508,0,0,0,0,TN,CMV-eGFP-HA-T2A-fLuc,,normal
read_001509,0,0,0,0,TN,CMV-eGFP-HA-T2A-fLuc,,normal
read_001510,0,0,0,0,TN,CMV-eGFP-HA-T2A-fLuc,,normal
read_001511,0,0,0,0,TN,CMV-eGFP-HA-T2A-fLuc,,normal
read_001512,0,0,0,0,TN,CMV-eGFP-HA-T2A-fLuc,,normal
read_001513,0,0,0,0,TN,CMV-eGFP-HA-T2A-fLuc,,normal
read_001514,0,0,0,0,TN,CMV-eGFP-HA-T2A-fLuc,,normal
read_001515,0,0,0,0,TN,CMV-eGFP-HA-T2A-fLuc,,normal
read_001516,0,0,0,0,TN,CMV-eGFP-HA-T2A-fLuc,,normal
read_001517,0,0,0,0,TN,CMV-eGFP-HA-T2A-fLuc,,normal
read_001518,0,0,0,0,TN,CMV-eGFP-HA-T2A-fLuc,,normal
read_001519,0,0,0,0,TN,CMV-eGFP-HA-T2A-fLuc,,normal
read_001520,0,0,0,0,TN,CMV-eGFP-HA-T2A-fLuc,,normal
read_001521,0,0,0,0,TN,CMV-eGFP-HA-T2A-fLuc,,normal
read_001522,0,0,0,0,TN,CMV-eGFP-HA-T2A-fLuc,,normal
read_001523,0,0,0,0,TN,CMV-eGFP-HA-T2A-fLuc,,normal
read_001524,0,0,0,0,TN,CMV-eGFP-HA-T2A-fLuc,,normal
read_001525,0,0,0,0,TN,CMV-eGFP-HA-T2A-fLuc,,normal
read_001526,0,0,0,0,TN,CMV-eGFP-HA-T2A-fLuc,,normal
read_001527,0,0,0,0,TN,CMV-eGFP-HA-T2A-fLuc,,normal
read_001528,0,0,0,0,TN,CMV-eGFP-HA-T2A-fLuc,,normal
read_001529,0,0,0,0,TN,CMV-eGFP-HA-T2A-fLuc,,normal
read_001530,0,0,0,0,TN,CMV-eGFP-HA-T2A-fLuc,,normal
read_001531,0,0,0,0,TN,CMV-eGFP-HA-T2A-fLuc,,normal
read_001532,0,0,0,0,TN,CMV-eGFP-HA-T2A-fLuc,,normal
read_001533,0,0,0,0,TN,CMV-eGFP-HA-T2A-fLuc,,normal
read_001534,0,0,0,0,TN,CMV-eGFP-HA-T2A-fLuc,,normal
read_001535,0,0,0,0,TN,CMV-eGFP-HA-T2A-fLuc,,normal
read_001536,0,0,0,0,TN,CMV-eGFP-HA-T2A-fLuc,,normal
read_001537,0,0,0,0,TN,CMV-eGFP-HA-T2A-fLuc,,normal
read_001538,0,0,0,0,TN,CMV-eGFP-HA-T2A-fLuc,,normal
read_001539,0,0,0,0,TN,CMV-eGFP-HA-T2A-fLuc,,normal
read_001540,0,0,0,0,TN,CMV-eGFP-HA-T2A-fLuc,,normal
read_001541,0,0,0,0,TN,CMV-eGFP-HA-T2A-fLuc,,normal
read_001542,0,0,0,0,TN,CMV-eGFP-HA-T2A-fLuc,,normal
read_001543,0,0,0,0,TN,CMV-eGFP-HA-T2A-fLuc,,normal
read_001544,0,0,0,0,TN,CMV-eGFP-HA-T2A-fLuc,,normal
read_001545,0,0,0,0,TN,CMV-eGFP-HA-T2A-fLuc,,normal
read_001546,0,0,0,0,TN,CMV-eGFP-HA-T2A-fLuc,,normal
read_001547,0,0,0,0,TN,CMV-eGFP-HA-T2A-fLuc,,normal
read_001548,0,0,0,0,TN,CMV-eGFP-HA-T2A-fLuc,,normal
read_001549,0,0,0,0,TN,CMV-eGFP-HA-T2A-fLuc,,normal
read_001550,0,0,0,0,TN,CMV-eGFP-HA-T2A-fLuc,,normal
read_001551,0,0,0,0,TN,CMV-eGFP-HA-T2A-fLuc,,normal
read_001552,0,0,0,0,TN,CMV-eGFP-HA-T2A-fLuc,,normal
read_001553,0,0,0,0,TN,CMV-eGFP-HA-T2A-fLuc,,normal
read_001554,0,0,0,0,TN,CMV-eGFP-HA-T2A-fLuc,,normal
read_001555,0,0,0,0,TN,CMV-eGFP-HA-T2A-fLuc,,normal
read_001556,0,0,0,0,TN,CMV-eGFP-HA-T2A-fLuc,,normal
read_001557,0,0,0,0,TN,CMV-eGFP-HA-T2A-fLuc,,normal
read_001558,0,0,0,0,TN,CMV-eGFP-HA-T2A-fLuc,,normal
read_001559,0,0,0,0,TN,CMV-eGFP-HA-T2A-fLuc,,normal
read_001560,0,0,0,0,TN,CMV-eGFP-HA-T2A-fLuc,,normal
read_001561,0,0,0,0,TN,CMV-eGFP-HA-T2A-fLuc,,normal
read_001562,0,0,0,0,TN,CMV-eGFP-HA-T2A-fLuc,,normal
read_001563,0,0,0,0,TN,CMV-eGFP-HA-T2A-fLuc,,normal
read_001564,0,0,0,0,TN,CMV-eGFP-HA-T2A-fLuc,,normal
read_001565,0,0,0,0,TN,CMV-eGFP-HA-T2A-fLuc,,normal
read_001566,0,0,0,0,TN,CMV-eGFP-HA-T2A-fLuc,,normal
read_001567,0,0,0,0,TN,CMV-eGFP-HA-T2A-fLuc,,normal
read_001568,0,0,0,0,TN,CMV-eGFP-HA-T2A-fLuc,,normal
read_001569,0,0,0,0,TN,CMV-eGFP-HA-T2A-fLuc,,normal
read_001570,0,0,0,0,TN,CMV-eGFP-HA-T2A-fLuc,,normal
read_001571,0,0,0,0,TN,CMV-eGFP-HA-T2A-fLuc,,normal
read_001572,0,0,0,0,TN,CMV-eGFP-HA-T2A-fLuc,,normal
read_001573,0,0,0,0,TN,CMV-eGFP-HA-T2A-fLuc,,normal
read_001574,0,0,0,0,TN,CMV-eGFP-HA-T2A-fLuc,,normal
read_001575,0,0,0,0,TN,CMV-eGFP-HA-T2A-fLuc,,normal
read_001576,0,0,0,0,TN,CMV-eGFP-HA-T2A-fLuc,,normal
read_001577,0,0,0,0,TN,CMV-eGFP-HA-T2A-fLuc,,normal
read_001578,0,0,0,0,TN,CMV-eGFP-HA-T2A-fLuc,,normal
read_001579,0,0,0,0,TN,CMV-eGFP-HA-T2A-fLuc,,normal
read_001580,0,0,0,0,TN,CMV-eGFP-HA-T2A-fLuc,,normal
read_001581,0,0,0,0,TN,CMV-eGFP-HA-T2A-fLuc,,normal
read_001582,0,0,0,0,TN,CMV-eGFP-HA-T2A-fLuc,,normal
read_001583,0,0,0,0,TN,CMV-eGFP-HA-T2A-fLuc,,normal
read_001584,0,0,0,0,TN,CMV-eGFP-HA-T2A-fLuc,,normal
read_001585,0,0,0,0,TN,CMV-eGFP-HA-T2A-fLuc,,normal
read_001586,0,0,0,0,TN,CMV-eGFP-HA-T2A-fLuc,,normal
read_001587,0,0,0,0,TN,CMV-eGFP-HA-T2A-fLuc,,normal
read_001588,0,0,0,0,TN,CMV-eGFP-HA-T2A-fLuc,,normal
read_001589,0,0,0,0,TN,CMV-eGFP-HA-T2A-fLuc,,normal
read_001590,0,0,0,0,TN,CMV-eGFP-HA-T2A-fLuc,,normal
read_001591,0,0,0,0,TN,CMV-eGFP-HA-T2A-fLuc,,normal
read_001592,0,0,0,0,TN,CMV-eGFP-HA-T2A-fLuc,,normal
read_001593,0,0,0,0,TN,CMV-eGFP-HA-T2A-fLuc,,normal
read_001594,0,0,0,0,TN,CMV-eGFP-HA-T2A-fLuc,,normal
read_001595,0,0,0,0,TN,CMV-eGFP-HA-T2A-fLuc,,normal
read_001596,0,0,0,0,TN,CMV-eGFP-HA-T2A-fLuc,,normal
read_001597,0,0,0,0,TN,CMV-eGFP-HA-T2A-fLuc,,normal
read_001598,0,0,0,0,TN,CMV-eGFP-HA-T2A-fLuc,,normal
read_001599,0,0,0,0,TN,CMV-eGFP-HA-T2A-fLuc,,normal
read_001600,0,0,0,0,TN,CMV-eGFP-HA-T2A-fLuc,,normal
read_001601,0,0,0,0,TN,CMV-eGFP-HA-T2A-fLuc,,normal
read_001602,0,0,0,0,TN,CMV-eGFP-HA-T2A-fLuc,,normal
read_001603,0,0,0,0,TN,CMV-eGFP-HA-T2A-fLuc,,normal
read_001604,0,0,0,0,TN,CMV-eGFP-HA-T2A-fLuc,,normal
read_001605,0,0,0,0,TN,CMV-eGFP-HA-T2A-fLuc,,normal
read_001606,0,0,0,0,TN,CMV-eGFP-HA-T2A-fLuc,,normal
read_001607,0,0,0,0,TN,CMV-eGFP-HA-T2A-fLuc,,normal
read_001608,0,0,0,0,TN,CMV-eGFP-HA-T2A-fLuc,,normal
read_001609,0,0,0,0,TN,CMV-eGFP-HA-T2A-fLuc,,normal
read_001610,0,0,0,0,TN,CMV-eGFP-HA-T2A-fLuc,,normal
read_001611,0,0,0,0,TN,CMV-eGFP-HA-T2A-fLuc,,normal
read_001612,0,0,0,0,TN,CMV-eGFP-HA-T2A-fLuc,,normal
read_001613,0,0,0,0,TN,CMV-eGFP-HA-T2A-fLuc,,normal
read_001614,0,0,0,0,TN,CMV-eGFP-HA-T2A-fLuc,,normal
read_001615,0,0,0,0,TN,CMV-eGFP-HA-T2A-fLuc,,normal
read_001616,0,0,0,0,TN,CMV-eGFP-HA-T2A-fLuc,,normal
read_001617,0,0,0,0,TN,CMV-eGFP-HA-T2A-fLuc,,normal
read_001618,0,0,0,0,TN,CMV-eGFP-HA-T2A-fLuc,,normal
read_001619,0,0,0,0,TN,CMV-eGFP-HA-T2A-fLuc,,normal
read_001620,0,0,0,0,TN,CMV-eGFP-HA-T2A-fLuc,,normal
read_001621,0,0,0,0,TN,CMV-eGFP-HA-T2A-fLuc,,normal
read_001622,0,0,0,0,TN,CMV-eGFP-HA-T2A-fLuc,,normal
read_001623,0,0,0,0,TN,CMV-eGFP-HA-T2A-fLuc,,normal
read_001624,0,0,0,0,TN,CMV-eGFP-HA-T2A-fLuc,,normal
read_001625,0,0,0,0,TN,CMV-eGFP-HA-T2A-fLuc,,normal
read_001626,0,0,0,0,TN,CMV-eGFP-HA-T2A-fLuc,,normal
read_001627,0,0,0,0,TN,CMV-eGFP-HA-T2A-fLuc,,normal
read_001628,0,0,0,0,TN,CMV-eGFP-HA-T2A-fLuc,,normal
read_001629,0,0,0,0,TN,CMV-eGFP-HA-T2A-fLuc,,normal
read_001630,0,0,0,0,TN,CMV-eGFP-HA-T2A-fLuc,,normal
read_001631,0,0,0,0,TN,CMV-eGFP-HA-T2A-fLuc,,normal
read_001632,0,0,0,0,TN,CMV-eGFP-HA-T2A-fLuc,,normal
read_001633,0,0,0,0,TN,CMV-eGFP-HA-T2A-fLuc,,normal
read_001634,0,0,0,0,TN,CMV-eGFP-HA-T2A-fLuc,,normal
read_001635,0,0,0,0,TN,CMV-eGFP-HA-T2A-fLuc,,normal
read_001636,0,0,0,0,TN,CMV-eGFP-HA-T2A-fLuc,,normal
read_001637,0,0,0,0,TN,CMV-eGFP-HA-T2A-fLuc,,normal
read_001638,0,0,0,0,TN,CMV-eGFP-HA-T2A-fLuc,,normal
read_001639,0,0,0,0,TN,CMV-eGFP-HA-T2A-fLuc,,normal
read_001640,0,0,0,0,TN,CMV-eGFP-HA-T2A-fLuc,,normal
read_001641,0,0,0,0,TN,CMV-eGFP-HA-T2A-fLuc,,normal
read_001642,0,0,0,0,TN,CMV-eGFP-HA-T2A-fLuc,,normal
read_001643,0,0,0,0,TN,CMV-eGFP-HA-T2A-fLuc,,normal
read_001644,0,0,0,0,TN,CMV-eGFP-HA-T2A-fLuc,,normal
read_001645,0,0,0,0,TN,CMV-eGFP-HA-T2A-fLuc,,normal
read_001646,0,0,0,0,TN,CMV-eGFP-HA-T2A-fLuc,,normal
read_001647,0,0,0,0,TN,CMV-eGFP-HA-T2A-fLuc,,normal
read_001648,0,0,0,0,TN,CMV-eGFP-HA-T2A-fLuc,,normal
read_001649,0,0,0,0,TN,CMV-eGFP-HA-T2A-fLuc,,normal
read_001650,0,0,0,0,TN,CMV-eGFP-HA-T2A-fLuc,,normal
read_001651,0,0,0,0,TN,CMV-eGFP-HA-T2A-fLuc,,normal
read_001652,0,0,0,0,TN,CMV-eGFP-HA-T2A-fLuc,,normal
read_001653,0,0,0,0,TN,CMV-eGFP-HA-T2A-fLuc,,normal
read_001654,0,0,0,0,TN,CMV-eGFP-HA-T2A-fLuc,,normal
read_001655,0,0,0,0,TN,CMV-eGFP-HA-T2A-fLuc,,normal
read_001656,0,0,0,0,TN,CMV-eGFP-HA-T2A-fLuc,,normal
read_001657,0,0,0,0,TN,CMV-eGFP-HA-T2A-fLuc,,normal
read_001658,0,0,0,0,TN,CMV-eGFP-HA-T2A-fLuc,,normal
read_001659,0,0,0,0,TN,CMV-eGFP-HA-T2A-fLuc,,normal
read_001660,0,0,0,0,TN,CMV-eGFP-HA-T2A-fLuc,,normal
read_001661,0,0,0,0,TN,CMV-eGFP-HA-T2A-fLuc,,normal
read_001662,0,0,0,0,TN,CMV-eGFP-HA-T2A-fLuc,,normal
read_001663,0,0,0,0,TN,CMV-eGFP-HA-T2A-fLuc,,normal
read_001664,0,0,0,0,TN,CMV-eGFP-HA-T2A-fLuc,,normal
read_001665,0,0,0,0,TN,CMV-eGFP-HA-T2A-fLuc,,normal
read_001666,0,0,0,0,TN,CMV-eGFP-HA-T2A-fLuc,,normal
read_001667,0,0,0,0,TN,CMV-eGFP-HA-T2A-fLuc,,normal
read_001668,0,0,0,0,TN,CMV-eGFP-HA-T2A-fLuc,,normal
read_001669,0,0,0,0,TN,CMV-eGFP-HA-T2A-fLuc,,normal
read_001670,0,0,0,0,TN,CMV-eGFP-HA-T2A-fLuc,,normal
read_001671,0,0,0,0,TN,CMV-eGFP-HA-T2A-fLuc,,normal
read_001672,0,0,0,0,TN,CMV-eGFP-HA-T2A-fLuc,,normal
read_001673,0,0,0,0,TN,CMV-eGFP-HA-T2A-fLuc,,normal
read_001674,0,0,0,0,TN,CMV-eGFP-HA-T2A-fLuc,,normal
read_001675,0,0,0,0,TN,CMV-eGFP-HA-T2A-fLuc,,normal
read_001676,0,0,0,0,TN,CMV-eGFP-HA-T2A-fLuc,,normal
read_001677,0,0,0,0,TN,CMV-eGFP-HA-T2A-fLuc,,normal
read_001678,0,0,0,0,TN,CMV-eGFP-HA-T2A-fLuc,,normal
read_001679,0,0,0,0,TN,CMV-eGFP-HA-T2A-fLuc,,normal
read_001680,0,0,0,0,TN,CMV-eGFP-HA-T2A-fLuc,,normal
read_001681,0,0,0,0,TN,CMV-eGFP-HA-T2A-fLuc,,normal
read_001682,0,0,0,0,TN,CMV-eGFP-HA-T2A-fLuc,,normal
read_001683,0,0,0,0,TN,CMV-eGFP-HA-T2A-fLuc,,normal
read_001684,0,0,0,0,TN,CMV-eGFP-HA-T2A-fLuc,,normal
read_001685,0,0,0,0,TN,CMV-eGFP-HA-T2A-fLuc,,normal
read_001686,0,0,0,0,TN,CMV-eGFP-HA-T2A-fLuc,,normal
read_001687,0,0,0,0,TN,CMV-eGFP-HA-T2A-fLuc,,normal
read_001688,0,0,0,0,TN,CMV-eGFP-HA-T2A-fLuc,,normal
read_001689,0,0,0,0,TN,CMV-eGFP-HA-T2A-fLuc,,normal
read_001690,0,0,0,0,TN,CMV-eGFP-HA-T2A-fLuc,,normal
read_001691,0,0,0,0,TN,CMV-eGFP-HA-T2A-fLuc,,normal
read_001692,0,0,0,0,TN,CMV-eGFP-HA-T2A-fLuc,,normal
read_001693,0,0,0,0,TN,CMV-eGFP-HA-T2A-fLuc,,normal
read_001694,0,0,0,0,TN,CMV-eGFP-HA-T2A-fLuc,,normal
read_001695,0,0,0,0,TN,CMV-eGFP-HA-T2A-fLuc,,normal
read_001696,0,0,0,0,TN,CMV-eGFP-HA-T2A-fLuc,,normal
read_001697,0,0,0,0,TN,CMV-eGFP-HA-T2A-fLuc,,normal
read_001698,0,0,0,0,TN,CMV-eGFP-HA-T2A-fLuc,,normal
read_001699,0,0,0,0,TN,CMV-eGFP-HA-T2A-fLuc,,normal
read_001700,0,0,0,0,TN,CMV-eGFP-HA-T2A-fLuc,,normal
read_001701,0,0,0,0,TN,CMV-eGFP-HA-T2A-fLuc,,normal
read_001702,0,0,0,0,TN,CMV-eGFP-HA-T2A-fLuc,,normal
read_001703,0,0,0,0,TN,CMV-eGFP-HA-T2A-fLuc,,normal
read_001704,0,0,0,0,TN,CMV-eGFP-HA-T2A-fLuc,,normal
read_001705,0,0,0,0,TN,CMV-eGFP-HA-T2A-fLuc,,normal
read_001706,0,0,0,0,TN,CMV-eGFP-HA-T2A-fLuc,,normal
read_001707,0,0,0,0,TN,CMV-eGFP-HA-T2A-fLuc,,normal
read_001708,0,0,0,0,TN,CMV-eGFP-HA-T2A-fLuc,,normal
read_001709,0,0,0,0,TN,CMV-eGFP-HA-T2A-fLuc,,normal
read_001710,0,0,0,0,TN,CMV-eGFP-HA-T2A-fLuc,,normal
read_001711,0,0,0,0,TN,CMV-eGFP-HA-T2A-fLuc,,normal
read_001712,0,0,0,0,TN,CMV-eGFP-HA-T2A-fLuc,,normal
read_001713,0,0,0,0,TN,CMV-eGFP-HA-T2A-fLuc,,normal
read_001714,0,0,0,0,TN,CMV-eGFP-HA-T2A-fLuc,,normal
read_001715,0,0,0,0,TN,CMV-eGFP-HA-T2A-fLuc,,normal
read_001716,0,0,0,0,TN,CMV-eGFP-HA-T2A-fLuc,,normal
read_001717,0,0,0,0,TN,CMV-eGFP-HA-T2A-fLuc,,normal
read_001718,0,0,0,0,TN,CMV-eGFP-HA-T2A-fLuc,,normal
read_001719,0,0,0,0,TN,CMV-eGFP-HA-T2A-fLuc,,normal
read_001720,0,0,0,0,TN,CMV-eGFP-HA-T2A-fLuc,,normal
read_001721,0,0,0,0,TN,CMV-eGFP-HA-T2A-fLuc,,normal
read_001722,0,0,0,0,TN,CMV-eGFP-HA-T2A-fLuc,,normal
read_001723,0,0,0,0,TN,CMV-eGFP-HA-T2A-fLuc,,normal
read_001724,0,0,0,0,TN,CMV-eGFP-HA-T2A-fLuc,,normal
read_001725,0,0,0,0,TN,CMV-eGFP-HA-T2A-fLuc,,normal
read_001726,0,0,0,0,TN,CMV-eGFP-HA-T2A-fLuc,,normal
read_001727,0,0,0,0,TN,CMV-eGFP-HA-T2A-fLuc,,normal
read_001728,0,0,0,0,TN,CMV-eGFP-HA-T2A-fLuc,,normal
read_001729,0,0,0,0,TN,CMV-eGFP-HA-T2A-fLuc,,normal
read_001730,0,0,0,0,TN,CMV-eGFP-HA-T2A-fLuc,,normal
read_001731,0,0,0,0,TN,CMV-eGFP-HA-T2A-fLuc,,normal
read_001732,0,0,0,0,TN,CMV-eGFP-HA-T2A-fLuc,,normal
read_001733,0,0,0,0,TN,CMV-eGFP-HA-T2A-fLuc,,normal
read_001734,0,0,0,0,TN,CMV-eGFP-HA-T2A-fLuc,,normal
read_001735,0,0,0,0,TN,CMV-eGFP-HA-T2A-fLuc,,normal
read_001736,0,0,0,0,TN,CMV-eGFP-HA-T2A-fLuc,,normal
read_001737,0,0,0,0,TN,CMV-eGFP-HA-T2A-fLuc,,normal
read_001738,0,0,0,0,TN,CMV-eGFP-HA-T2A-fLuc,,normal
read_001739,0,0,0,0,TN,CMV-eGFP-HA-T2A-fLuc,,normal
read_001740,0,0,0,0,TN,CMV-eGFP-HA-T2A-fLuc,,normal
read_001741,0,0,0,0,TN,CMV-eGFP-HA-T2A-fLuc,,normal
read_001742,0,0,0,0,TN,CMV-eGFP-HA-T2A-fLuc,,normal
read_001743,0,0,0,0,TN,CMV-eGFP-HA-T2A-fLuc,,normal
read_001744,0,0,0,0,TN,CMV-eGFP-HA-T2A-fLuc,,normal
read_001745,0,0,0,0,TN,CMV-eGFP-HA-T2A-fLuc,,normal
read_001746,0,0,0,0,TN,CMV-eGFP-HA-T2A-fLuc,,normal
read_001747,0,0,0,0,TN,CMV-eGFP-HA-T2A-fLuc,,normal
read_001748,0,0,0,0,TN,CMV-eGFP-HA-T2A-fLuc,,normal
read_001749,0,0,0,0,TN,CMV-eGFP-HA-T2A-fLuc,,normal
read_001750,0,0,0,0,TN,CMV-eGFP-HA-T2A-fLuc,,normal
read_001751,0,0,0,0,TN,CMV-eGFP-HA-T2A-fLuc,,normal
read_001752,0,0,0,0,TN,CMV-eGFP-HA-T2A-fLuc,,normal
read_001753,0,0,0,0,TN,CMV-eGFP-HA-T2A-fLuc,,normal
read_001754,0,0,0,0,TN,CMV-eGFP-HA-T2A-fLuc,,normal
read_001755,0,0,0,0,TN,CMV-eGFP-HA-T2A-fLuc,,normal
read_001756,0,0,0,0,TN,CMV-eGFP-HA-T2A-fLuc,,normal
read_001757,0,0,0,0,TN,CMV-eGFP-HA-T2A-fLuc,,normal
read_001758,0,0,0,0,TN,CMV-eGFP-HA-T2A-fLuc,,normal
read_001759,0,0,0,0,TN,CMV-eGFP-HA-T2A-fLuc,,normal
read_001760,0,0,0,0,TN,CMV-eGFP-HA-T2A-fLuc,,normal
read_001761,0,0,0,0,TN,CMV-eGFP-HA-T2A-fLuc,,normal
read_001762,0,0,0,0,TN,CMV-eGFP-HA-T2A-fLuc,,normal
read_001763,0,0,0,0,TN,CMV-eGFP-HA-T2A-fLuc,,normal
read_001764,0,0,0,0,TN,CMV-eGFP-HA-T2A-fLuc,,normal
read_001765,0,0,0,0,TN,CMV-eGFP-HA-T2A-fLuc,,normal
read_001766,0,0,0,0,TN,CMV-eGFP-HA-T2A-fLuc,,normal
read_001767,0,0,0,0,TN,CMV-eGFP-HA-T2A-fLuc,,normal
read_001768,0,0,0,0,TN,CMV-eGFP-HA-T2A-fLuc,,normal
read_001769,0,0,0,0,TN,CMV-eGFP-HA-T2A-fLuc,,normal
read_001770,0,0,0,0,TN,CMV-eGFP-HA-T2A-fLuc,,normal
read_001771,0,0,0,0,TN,CMV-eGFP-HA-T2A-fLuc,,normal
read_001772,0,0,0,0,TN,CMV-eGFP-HA-T2A-fLuc,,normal
read_001773,0,0,0,0,TN,CMV-eGFP-HA-T2A-fLuc,,normal
read_001774,0,0,0,0,TN,CMV-eGFP-HA-T2A-fLuc,,normal
read_001775,0,0,0,0,TN,CMV-eGFP-HA-T2A-fLuc,,normal
read_001776,0,0,0,0,TN,CMV-eGFP-HA-T2A-fLuc,,normal
read_001777,0,0,0,0,TN,CMV-eGFP-HA-T2A-fLuc,,normal
read_001778,0,0,0,0,TN,CMV-eGFP-HA-T2A-fLuc,,normal
read_001779,0,0,0,0,TN,CMV-eGFP-HA-T2A-fLuc,,normal
read_001780,0,0,0,0,TN,CMV-eGFP-HA-T2A-fLuc,,normal
read_001781,0,0,0,0,TN,CMV-eGFP-HA-T2A-fLuc,,normal
read_001782,0,0,0,0,TN,CMV-eGFP-HA-T2A-fLuc,,normal
read_001783,0,0,0,0,TN,CMV-eGFP-HA-T2A-fLuc,,normal
read_001784,0,0,0,0,TN,CMV-eGFP-HA-T2A-fLuc,,normal
read_001785,0,0,0,0,TN,CMV-eGFP-HA-T2A-fLuc,,normal
read_001786,0,0,0,0,TN,CMV-eGFP-HA-T2A-fLuc,,normal
read_001787,0,0,0,0,TN,CMV-eGFP-HA-T2A-fLuc,,normal
read_001788,0,0,0,0,TN,CMV-eGFP-HA-T2A-fLuc,,normal
read_001789,0,0,0,0,TN,CMV-eGFP-HA-T2A-fLuc,,normal
read_001790,0,0,0,0,TN,CMV-eGFP-HA-T2A-fLuc,,normal
read_001791,0,0,0,0,TN,CMV-eGFP-HA-T2A-fLuc,,normal
read_001792,0,0,0,0,TN,CMV-eGFP-HA-T2A-fLuc,,normal
read_001793,0,0,0,0,TN,CMV-eGFP-HA-T2A-fLuc,,normal
read_001794,0,0,0,0,TN,CMV-eGFP-HA-T2A-fLuc,,normal
read_001795,0,0,0,0,TN,CMV-eGFP-HA-T2A-fLuc,,normal
read_001796,0,0,0,0,TN,CMV-eGFP-HA-T2A-fLuc,,normal
read_001797,0,0,0,0,TN,CMV-eGFP-HA-T2A-fLuc,,normal
read_001798,0,0,0,0,TN,CMV-eGFP-HA-T2A-fLuc,,normal
read_001799,0,0,0,0,TN,CMV-eGFP-HA-T2A-fLuc,,normal
read_001800,0,0,0,0,TN,CMV-eGFP-HA-T2A-fLuc,,normal
read_001801,0,0,0,0,TN,CMV-eGFP-HA-T2A-fLuc,,normal
read_001802,0,0,0,0,TN,CMV-eGFP-HA-T2A-fLuc,,normal
read_001803,0,0,0,0,TN,CMV-eGFP-HA-T2A-fLuc,,normal
read_001804,0,0,0,0,TN,CMV-eGFP-HA-T2A-fLuc,,normal
read_001805,0,0,0,0,TN,CMV-eGFP-HA-T2A-fLuc,,normal
read_001806,0,0,0,0,TN,CMV-eGFP-HA-T2A-fLuc,,normal
read_001807,0,0,0,0,TN,CMV-eGFP-HA-T2A-fLuc,,normal
read_001808,0,0,0,0,TN,CMV-eGFP-HA-T2A-fLuc,,normal
read_001809,0,0,0,0,TN,CMV-eGFP-HA-T2A-fLuc,,normal
read_001810,0,0,0,0,TN,CMV-eGFP-HA-T2A-fLuc,,normal
read_001811,0,0,0,0,TN,CMV-eGFP-HA-T2A-fLuc,,normal
read_001812,0,0,0,0,TN,CMV-eGFP-HA-T2A-fLuc,,normal
read_001813,0,0,0,0,TN,CMV-eGFP-HA-T2A-fLuc,,normal
read_001814,0,0,0,0,TN,CMV-eGFP-HA-T2A-fLuc,,normal
read_001815,0,0,0,0,TN,CMV-eGFP-HA-T2A-fLuc,,normal
read_001816,0,0,0,0,TN,CMV-eGFP-HA-T2A-fLuc,,normal
read_001817,0,0,0,0,TN,CMV-eGFP-HA-T2A-fLuc,,normal
read_001818,0,0,0,0,TN,CMV-eGFP-HA-T2A-fLuc,,normal
read_001819,0,0,0,0,TN,CMV-eGFP-HA-T2A-fLuc,,normal
read_001820,0,0,0,0,TN,CMV-eGFP-HA-T2A-fLuc,,normal
read_001821,0,0,0,0,TN,CMV-eGFP-HA-T2A-fLuc,,normal
read_001822,0,0,0,0,TN,CMV-eGFP-HA-T2A-fLuc,,normal
read_001823,0,0,0,0,TN,CMV-eGFP-HA-T2A-fLuc,,normal
read_001824,0,0,0,0,TN,CMV-eGFP-HA-T2A-fLuc,,normal
read_001825,0,0,0,0,TN,CMV-eGFP-HA-T2A-fLuc,,normal
read_001826,0,0,0,0,TN,CMV-eGFP-HA-T2A-fLuc,,normal
read_001827,0,0,0,0,TN,CMV-eGFP-HA-T2A-fLuc,,normal
read_001828,0,0,0,0,TN,CMV-eGFP-HA-T2A-fLuc,,normal
read_001829,0,0,0,0,TN,CMV-eGFP-HA-T2A-fLuc,,normal
read_001830,0,0,0,0,TN,CMV-eGFP-HA-T2A-fLuc,,normal
read_001831,0,0,0,0,TN,CMV-eGFP-HA-T2A-fLuc,,normal
read_001832,0,0,0,0,TN,CMV-eGFP-HA-T2A-fLuc,,normal
read_001833,0,0,0,0,TN,CMV-eGFP-HA-T2A-fLuc,,normal
read_001834,0,0,0,0,TN,CMV-eGFP-HA-T2A-fLuc,,normal
read_001835,0,0,0,0,TN,CMV-eGFP-HA-T2A-fLuc,,normal
read_001836,0,0,0,0,TN,CMV-eGFP-HA-T2A-fLuc,,normal
read_001837,0,0,0,0,TN,CMV-eGFP-HA-T2A-fLuc,,normal
read_001838,0,0,0,0,TN,CMV-eGFP-HA-T2A-fLuc,,normal
read_001839,0,0,0,0,TN,CMV-eGFP-HA-T2A-fLuc,,normal
read_001840,0,0,0,0,TN,CMV-eGFP-HA-T2A-fLuc,,normal
read_001841,0,0,0,0,TN,CMV-eGFP-HA-T2A-fLuc,,normal
read_001842,0,0,0,0,TN,CMV-eGFP-HA-T2A-fLuc,,normal
read_001843,0,0,0,0,TN,CMV-eGFP-HA-T2A-fLuc,,normal
read_001844,0,0,0,0,TN,CMV-eGFP-HA-T2A-fLuc,,normal
read_001845,0,0,0,0,TN,CMV-eGFP-HA-T2A-fLuc,,normal
read_001846,0,0,0,0,TN,CMV-eGFP-HA-T2A-fLuc,,normal
read_001847,0,0,0,0,TN,CMV-eGFP-HA-T2A-fLuc,,normal
read_001848,0,0,0,0,TN,CMV-eGFP-HA-T2A-fLuc,,normal
read_001849,0,0,0,0,TN,CMV-eGFP-HA-T2A-fLuc,,normal
read_001850,0,0,0,0,TN,CMV-eGFP-HA-T2A-fLuc,,normal
read_001851,0,0,0,0,TN,CMV-eGFP-HA-T2A-fLuc,,normal
read_001852,0,0,0,0,TN,CMV-eGFP-HA-T2A-fLuc,,normal
read_001853,0,0,0,0,TN,CMV-eGFP-HA-T2A-fLuc,,normal
read_001854,0,0,0,0,TN,CMV-eGFP-HA-T2A-fLuc,,normal
read_001855,0,0,0,0,TN,CMV-eGFP-HA-T2A-fLuc,,normal
read_001856,0,0,0,0,TN,CMV-eGFP-HA-T2A-fLuc,,normal
read_001857,0,0,0,0,TN,CMV-eGFP-HA-T2A-fLuc,,normal
read_001858,0,0,0,0,TN,CMV-eGFP-HA-T2A-fLuc,,normal
read_001859,0,0,0,0,TN,CMV-eGFP-HA-T2A-fLuc,,normal
read_001860,0,0,0,0,TN,CMV-eGFP-HA-T2A-fLuc,,normal
read_001861,0,0,0,0,TN,CMV-eGFP-HA-T2A-fLuc,,normal
read_001862,0,0,0,0,TN,CMV-eGFP-HA-T2A-fLuc,,normal
read_001863,0,0,0,0,TN,CMV-eGFP-HA-T2A-fLuc,,normal
read_001864,0,0,0,0,TN,CMV-eGFP-HA-T2A-fLuc,,normal
read_001865,0,0,0,0,TN,CMV-eGFP-HA-T2A-fLuc,,normal
read_001866,0,0,0,0,TN,CMV-eGFP-HA-T2A-fLuc,,normal
read_001867,0,0,0,0,TN,CMV-eGFP-HA-T2A-fLuc,,normal
read_001868,0,0,0,0,TN,CMV-eGFP-HA-T2A-fLuc,,normal
read_001869,0,0,0,0,TN,CMV-eGFP-HA-T2A-fLuc,,normal
read_001870,0,0,0,0,TN,CMV-eGFP-HA-T2A-fLuc,,normal
read_001871,0,0,0,0,TN,CMV-eGFP-HA-T2A-fLuc,,normal
read_001872,0,0,0,0,TN,CMV-eGFP-HA-T2A-fLuc,,normal
read_001873,0,0,0,0,TN,CMV-eGFP-HA-T2A-fLuc,,normal
read_001874,0,0,0,0,TN,CMV-eGFP-HA-T2A-fLuc,,normal
read_001875,0,0,0,0,TN,CMV-eGFP-HA-T2A-fLuc,,normal
read_001876,0,0,0,0,TN,CMV-eGFP-HA-T2A-fLuc,,normal
read_001877,0,0,0,0,TN,CMV-eGFP-HA-T2A-fLuc,,normal
read_001878,0,0,0,0,TN,CMV-eGFP-HA-T2A-fLuc,,normal
read_001879,0,0,0,0,TN,CMV-eGFP-HA-T2A-fLuc,,normal
read_001880,0,0,0,0,TN,CMV-eGFP-HA-T2A-fLuc,,normal
read_001881,0,0,0,0,TN,CMV-eGFP-HA-T2A-fLuc,,normal
read_001882,0,0,0,0,TN,CMV-eGFP-HA-T2A-fLuc,,normal
read_001883,0,0,0,0,TN,CMV-eGFP-HA-T2A-fLuc,,normal
read_001884,0,0,0,0,TN,CMV-eGFP-HA-T2A-fLuc,,normal
read_001885,0,0,0,0,TN,CMV-eGFP-HA-T2A-fLuc,,normal
read_001886,0,0,0,0,TN,CMV-eGFP-HA-T2A-fLuc,,normal
read_001887,0,0,0,0,TN,CMV-eGFP-HA-T2A-fLuc,,normal
read_001888,0,0,0,0,TN,CMV-eGFP-HA-T2A-fLuc,,normal
read_001889,0,0,0,0,TN,CMV-eGFP-HA-T2A-fLuc,,normal
read_001890,0,0,0,0,TN,CMV-eGFP-HA-T2A-fLuc,,normal
read_001891,0,0,0,0,TN,CMV-eGFP-HA-T2A-fLuc,,normal
read_001892,0,0,0,0,TN,CMV-eGFP-HA-T2A-fLuc,,normal
read_001893,0,0,0,0,TN,CMV-eGFP-HA-T2A-fLuc,,normal
read_001894,0,0,0,0,TN,CMV-eGFP-HA-T2A-fLuc,,normal
read_001895,0,0,0,0,TN,CMV-eGFP-HA-T2A-fLuc,,normal
read_001896,0,0,0,0,TN,CMV-eGFP-HA-T2A-fLuc,,normal
read_001897,0,0,0,0,TN,CMV-eGFP-HA-T2A-fLuc,,normal
read_001898,0,0,0,0,TN,CMV-eGFP-HA-T2A-fLuc,,normal
read_001899,0,0,0,0,TN,CMV-eGFP-HA-T2A-fLuc,,normal
read_001900,0,0,0,0,TN,CMV-eGFP-HA-T2A-fLuc,,normal
read_001901,0,0,0,0,TN,CMV-eGFP-HA-T2A-fLuc,,normal
read_001902,0,0,0,0,TN,CMV-eGFP-HA-T2A-fLuc,,normal
read_001903,0,0,0,0,TN,CMV-eGFP-HA-T2A-fLuc,,normal
read_001904,0,0,0,0,TN,CMV-eGFP-HA-T2A-fLuc,,normal
read_001905,0,0,0,0,TN,CMV-eGFP-HA-T2A-fLuc,,normal
read_001906,0,0,0,0,TN,CMV-eGFP-HA-T2A-fLuc,,normal
read_001907,0,0,0,0,TN,CMV-eGFP-HA-T2A-fLuc,,normal
read_001908,0,0,0,0,TN,CMV-eGFP-HA-T2A-fLuc,,normal
read_001909,0,0,0,0,TN,CMV-eGFP-HA-T2A-fLuc,,normal
read_001910,0,0,0,0,TN,CMV-eGFP-HA-T2A-fLuc,,normal
read_001911,0,0,0,0,TN,CMV-eGFP-HA-T2A-fLuc,,normal
read_001912,0,0,0,0,TN,CMV-eGFP-HA-T2A-fLuc,,normal
read_001913,0,0,0,0,TN,CMV-eGFP-HA-T2A-fLuc,,normal
read_001914,0,0,0,0,TN,CMV-eGFP-HA-T2A-fLuc,,normal
read_001915,0,0,0,0,TN,CMV-eGFP-HA-T2A-fLuc,,normal
read_001916,0,0,0,0,TN,CMV-eGFP-HA-T2A-fLuc,,normal
read_001917,0,0,0,0,TN,CMV-eGFP-HA-T2A-fLuc,,normal
read_001918,0,0,0,0,TN,CMV-eGFP-HA-T2A-fLuc,,normal
read_001919,0,0,0,0,TN,CMV-eGFP-HA-T2A-fLuc,,normal
read_001920,0,0,0,0,TN,CMV-eGFP-HA-T2A-fLuc,,normal
read_001921,0,0,0,0,TN,CMV-eGFP-HA-T2A-fLuc,,normal
read_001922,0,0,0,0,TN,CMV-eGFP-HA-T2A-fLuc,,normal
read_001923,0,0,0,0,TN,CMV-eGFP-HA-T2A-fLuc,,normal
read_001924,0,0,0,0,TN,CMV-eGFP-HA-T2A-fLuc,,normal
read_001925,0,0,0,0,TN,CMV-eGFP-HA-T2A-fLuc,,normal
read_001926,0,0,0,0,TN,CMV-eGFP-HA-T2A-fLuc,,normal
read_001927,0,0,0,0,TN,CMV-eGFP-HA-T2A-fLuc,,normal
read_001928,0,0,0,0,TN,CMV-eGFP-HA-T2A-fLuc,,normal
read_001929,0,0,0,0,TN,CMV-eGFP-HA-T2A-fLuc,,normal
read_001930,0,0,0,0,TN,CMV-eGFP-HA-T2A-fLuc,,normal
read_001931,0,0,0,0,TN,CMV-eGFP-HA-T2A-fLuc,,normal
read_001932,0,0,0,0,TN,CMV-eGFP-HA-T2A-fLuc,,normal
read_001933,0,0,0,0,TN,CMV-eGFP-HA-T2A-fLuc,,normal
read_001934,0,0,0,0,TN,CMV-eGFP-HA-T2A-fLuc,,normal
read_001935,0,0,0,0,TN,CMV-eGFP-HA-T2A-fLuc,,normal
read_001936,0,0,0,0,TN,CMV-eGFP-HA-T2A-fLuc,,normal
read_001937,0,0,0,0,TN,CMV-eGFP-HA-T2A-fLuc,,normal
read_001938,0,0,0,0,TN,CMV-eGFP-HA-T2A-fLuc,,normal
read_001939,0,0,0,0,TN,CMV-eGFP-HA-T2A-fLuc,,normal
read_001940,0,0,0,0,TN,CMV-eGFP-HA-T2A-fLuc,,normal
read_001941,0,0,0,0,TN,CMV-eGFP-HA-T2A-fLuc,,normal
read_001942,0,0,0,0,TN,CMV-eGFP-HA-T2A-fLuc,,normal
read_001943,0,0,0,0,TN,CMV-eGFP-HA-T2A-fLuc,,normal
read_001944,0,0,0,0,TN,CMV-eGFP-HA-T2A-fLuc,,normal
read_001945,0,0,0,0,TN,CMV-eGFP-HA-T2A-fLuc,,normal
read_001946,0,0,0,0,TN,CMV-eGFP-HA-T2A-fLuc,,normal
read_001947,0,0,0,0,TN,CMV-eGFP-HA-T2A-fLuc,,normal
read_001948,0,0,0,0,TN,CMV-eGFP-HA-T2A-fLuc,,normal
read_001949,0,0,0,0,TN,CMV-eGFP-HA-T2A-fLuc,,normal
read_001950,0,0,0,0,TN,CMV-eGFP-HA-T2A-fLuc,,normal
read_001951,0,0,0,0,TN,CMV-eGFP-HA-T2A-fLuc,,normal
read_001952,0,0,0,0,TN,CMV-eGFP-HA-T2A-fLuc,,normal
read_001953,0,0,0,0,TN,CMV-eGFP-HA-T2A-fLuc,,normal
read_001954,0,0,0,0,TN,CMV-eGFP-HA-T2A-fLuc,,normal
read_001955,0,0,0,0,TN,CMV-eGFP-HA-T2A-fLuc,,normal
read_001956,0,0,0,0,TN,CMV-eGFP-HA-T2A-fLuc,,normal
read_001957,0,0,0,0,TN,CMV-eGFP-HA-T2A-fLuc,,normal
read_001958,0,0,0,0,TN,CMV-eGFP-HA-T2A-fLuc,,normal
read_001959,0,0,0,0,TN,CMV-eGFP-HA-T2A-fLuc,,normal
read_001960,0,0,0,0,TN,CMV-eGFP-HA-T2A-fLuc,,normal
read_001961,0,0,0,0,TN,CMV-eGFP-HA-T2A-fLuc,,normal
read_001962,0,0,0,0,TN,CMV-eGFP-HA-T2A-fLuc,,normal
read_001963,0,0,0,0,TN,CMV-eGFP-HA-T2A-fLuc,,normal
read_001964,0,0,0,0,TN,CMV-eGFP-HA-T2A-fLuc,,normal
read_001965,0,0,0,0,TN,CMV-eGFP-HA-T2A-fLuc,,normal
read_001966,0,0,0,0,TN,CMV-eGFP-HA-T2A-fLuc,,normal
read_001967,0,0,0,0,TN,CMV-eGFP-HA-T2A-fLuc,,normal
read_001968,0,0,0,0,TN,CMV-eGFP-HA-T2A-fLuc,,normal
read_001969,0,0,0,0,TN,CMV-eGFP-HA-T2A-fLuc,,normal
read_001970,0,0,0,0,TN,CMV-eGFP-HA-T2A-fLuc,,normal
read_001971,0,0,0,0,TN,CMV-eGFP-HA-T2A-fLuc,,normal
read_001972,0,0,0,0,TN,CMV-eGFP-HA-T2A-fLuc,,normal
read_001973,0,0,0,0,TN,CMV-eGFP-HA-T2A-fLuc,,normal
read_001974,0,0,0,0,TN,CMV-eGFP-HA-T2A-fLuc,,normal
read_001975,0,0,0,0,TN,CMV-eGFP-HA-T2A-fLuc,,normal
read_001976,0,0,0,0,TN,CMV-eGFP-HA-T2A-fLuc,,normal
read_001977,0,0,0,0,TN,CMV-eGFP-HA-T2A-fLuc,,normal
read_001978,0,0,0,0,TN,CMV-eGFP-HA-T2A-fLuc,,normal
read_001979,0,0,0,0,TN,CMV-eGFP-HA-T2A-fLuc,,normal
read_001980,0,0,0,0,TN,CMV-eGFP-HA-T2A-fLuc,,normal
read_001981,0,0,0,0,TN,CMV-eGFP-HA-T2A-fLuc,,normal
read_001982,0,0,0,0,TN,CMV-eGFP-HA-T2A-fLuc,,normal
read_001983,0,0,0,0,TN,CMV-eGFP-HA-T2A-fLuc,,normal
read_001984,0,0,0,0,TN,CMV-eGFP-HA-T2A-fLuc,,normal
read_001985,0,0,0,0,TN,CMV-eGFP-HA-T2A-fLuc,,normal
read_001986,0,0,0,0,TN,CMV-eGFP-HA-T2A-fLuc,,normal
read_001987,0,0,0,0,TN,CMV-eGFP-HA-T2A-fLuc,,normal
read_001988,0,0,0,0,TN,CMV-eGFP-HA-T2A-fLuc,,normal
read_001989,0,0,0,0,TN,CMV-eGFP-HA-T2A-fLuc,,normal
read_001990,0,0,0,0,TN,CMV-eGFP-HA-T2A-fLuc,,normal
read_001991,0,0,0,0,TN,CMV-eGFP-HA-T2A-fLuc,,normal
read_001992,0,0,0,0,TN,CMV-eGFP-HA-T2A-fLuc,,normal
read_001993,0,0,0,0,TN,CMV-eGFP-HA-T2A-fLuc,,normal
read_001994,0,0,0,0,TN,CMV-eGFP-HA-T2A-fLuc,,normal
read_001995,0,0,0,0,TN,CMV-eGFP-HA-T2A-fLuc,,normal
read_001996,0,0,0,0,TN,CMV-eGFP-HA-T2A-fLuc,,normal
read_001997,0,0,0,0,TN,CMV-eGFP-HA-T2A-fLuc,,normal
read_001998,0,0,0,0,TN,CMV-eGFP-HA-T2A-fLuc,,normal
read_001999,0,0,0,0,TN,CMV-eGFP-HA-T2A-fLuc,,normal
read_002000,0,0,0,0,TN,CMV-eGFP-HA-T2A-fLuc,,normal
read_002001,0,0,0,0,TN,CMV-eGFP-HA-T2A-fLuc,,normal
read_002002,0,0,0,0,TN,CMV-eGFP-HA-T2A-fLuc,,normal
read_002003,0,0,0,0,TN,CMV-eGFP-HA-T2A-fLuc,,normal
read_002004,0,0,0,0,TN,CMV-eGFP-HA-T2A-fLuc,,normal
read_002005,0,0,0,0,TN,CMV-eGFP-HA-T2A-fLuc,,normal
read_002006,0,0,0,0,TN,CMV-eGFP-HA-T2A-fLuc,,normal
read_002007,0,0,0,0,TN,CMV-eGFP-HA-T2A-fLuc,,normal
read_002008,0,0,0,0,TN,CMV-eGFP-HA-T2A-fLuc,,normal
read_002009,0,0,0,0,TN,CMV-eGFP-HA-T2A-fLuc,,normal
read_002010,0,0,0,0,TN,CMV-eGFP-HA-T2A-fLuc,,normal
read_002011,0,0,0,0,TN,CMV-eGFP-HA-T2A-fLuc,,normal
read_002012,0,0,0,0,TN,CMV-eGFP-HA-T2A-fLuc,,normal
read_002013,0,0,0,0,TN,CMV-eGFP-HA-T2A-fLuc,,normal
read_002014,0,0,0,0,TN,CMV-eGFP-HA-T2A-fLuc,,normal
read_002015,0,0,0,0,TN,CMV-eGFP-HA-T2A-fLuc,,normal
read_002016,0,0,0,0,TN,CMV-eGFP-HA-T2A-fLuc,,normal
read_002017,0,0,0,0,TN,CMV-eGFP-HA-T2A-fLuc,,normal
read_002018,0,0,0,0,TN,CMV-eGFP-HA-T2A-fLuc,,normal
read_002019,0,0,0,0,TN,CMV-eGFP-HA-T2A-fLuc,,normal
read_002020,0,0,0,0,TN,CMV-eGFP-HA-T2A-fLuc,,normal
read_002021,0,0,0,0,TN,CMV-eGFP-HA-T2A-fLuc,,normal
read_002022,0,0,0,0,TN,CMV-eGFP-HA-T2A-fLuc,,normal
read_002023,0,0,0,0,TN,CMV-eGFP-HA-T2A-fLuc,,normal
read_002024,0,0,0,0,TN,CMV-eGFP-HA-T2A-fLuc,,normal
read_002025,0,0,0,0,TN,CMV-eGFP-HA-T2A-fLuc,,normal
read_002026,0,0,0,0,TN,CMV-eGFP-HA-T2A-fLuc,,normal
read_002027,0,0,0,0,TN,CMV-eGFP-HA-T2A-fLuc,,normal
read_002028,0,0,0,0,TN,CMV-eGFP-HA-T2A-fLuc,,normal
read_002029,0,0,0,0,TN,CMV-eGFP-HA-T2A-fLuc,,normal
read_002030,0,0,0,0,TN,CMV-eGFP-HA-T2A-fLuc,,normal
read_002031,0,0,0,0,TN,CMV-eGFP-HA-T2A-fLuc,,normal
read_002032,0,0,0,0,TN,CMV-eGFP-HA-T2A-fLuc,,normal
read_002033,0,0,0,0,TN,CMV-eGFP-HA-T2A-fLuc,,normal
read_002034,0,0,0,0,TN,CMV-eGFP-HA-T2A-fLuc,,normal
read_002035,0,0,0,0,TN,CMV-eGFP-HA-T2A-fLuc,,normal
read_002036,0,0,0,0,TN,CMV-eGFP-HA-T2A-fLuc,,normal
read_002037,0,0,0,0,TN,CMV-eGFP-HA-T2A-fLuc,,normal
read_002038,0,0,0,0,TN,CMV-eGFP-HA-T2A-fLuc,,normal
read_002039,0,0,0,0,TN,CMV-eGFP-HA-T2A-fLuc,,normal
read_002040,0,0,0,0,TN,CMV-eGFP-HA-T2A-fLuc,,normal
read_002041,0,0,0,0,TN,CMV-eGFP-HA-T2A-fLuc,,normal
read_002042,0,0,0,0,TN,CMV-eGFP-HA-T2A-fLuc,,normal
read_002043,0,0,0,0,TN,CMV-eGFP-HA-T2A-fLuc,,normal
read_002044,0,0,0,0,TN,CMV-eGFP-HA-T2A-fLuc,,normal
read_002045,0,0,0,0,TN,CMV-eGFP-HA-T2A-fLuc,,normal
read_002046,0,0,0,0,TN,CMV-eGFP-HA-T2A-fLuc,,normal
read_002047,0,0,0,0,TN,CMV-eGFP-HA-T2A-fLuc,,normal
read_002048,0,0,0,0,TN,CMV-eGFP-HA-T2A-fLuc,,normal
read_002049,0,0,0,0,TN,CMV-eGFP-HA-T2A-fLuc,,normal
read_002050,0,0,0,0,TN,CMV-eGFP-HA-T2A-fLuc,,normal
read_002051,0,0,0,0,TN,CMV-eGFP-HA-T2A-fLuc,,normal
read_002052,0,0,0,0,TN,CMV-eGFP-HA-T2A-fLuc,,normal
read_002053,0,0,0,0,TN,CMV-eGFP-HA-T2A-fLuc,,normal
read_002054,0,0,0,0,TN,CMV-eGFP-HA-T2A-fLuc,,normal
read_002055,0,0,0,0,TN,CMV-eGFP-HA-T2A-fLuc,,normal
read_002056,0,0,0,0,TN,CMV-eGFP-HA-T2A-fLuc,,normal
read_002057,0,0,0,0,TN,CMV-eGFP-HA-T2A-fLuc,,normal
read_002058,0,0,0,0,TN,CMV-eGFP-HA-T2A-fLuc,,normal
read_002059,0,0,0,0,TN,CMV-eGFP-HA-T2A-fLuc,,normal
read_002060,0,0,0,0,TN,CMV-eGFP-HA-T2A-fLuc,,normal
read_002061,0,0,0,0,TN,CMV-eGFP-HA-T2A-fLuc,,normal
read_002062,0,0,0,0,TN,CMV-eGFP-HA-T2A-fLuc,,normal
read_002063,0,0,0,0,TN,CMV-eGFP-HA-T2A-fLuc,,normal
read_002064,0,0,0,0,TN,CMV-eGFP-HA-T2A-fLuc,,normal
read_002065,0,0,0,0,TN,CMV-eGFP-HA-T2A-fLuc,,normal
read_002066,0,0,0,0,TN,CMV-eGFP-HA-T2A-fLuc,,normal
read_002067,0,0,0,0,TN,CMV-eGFP-HA-T2A-fLuc,,normal
read_002068,0,0,0,0,TN,CMV-eGFP-HA-T2A-fLuc,,normal
read_002069,0,0,0,0,TN,CMV-eGFP-HA-T2A-fLuc,,normal
read_002070,0,0,0,0,TN,CMV-eGFP-HA-T2A-fLuc,,normal
read_002071,0,0,0,0,TN,CMV-eGFP-HA-T2A-fLuc,,normal
read_002072,0,0,0,0,TN,CMV-eGFP-HA-T2A-fLuc,,normal
read_002073,0,0,0,0,TN,CMV-eGFP-HA-T2A-fLuc,,normal
read_002074,0,0,0,0,TN,CMV-eGFP-HA-T2A-fLuc,,normal
read_002075,0,0,0,0,TN,CMV-eGFP-HA-T2A-fLuc,,normal
read_002076,0,0,0,0,TN,CMV-eGFP-HA-T2A-fLuc,,normal
read_002077,0,0,0,0,TN,CMV-eGFP-HA-T2A-fLuc,,normal
read_002078,0,0,0,0,TN,CMV-eGFP-HA-T2A-fLuc,,normal
read_002079,0,0,0,0,TN,CMV-eGFP-HA-T2A-fLuc,,normal
read_002080,0,0,0,0,TN,CMV-eGFP-HA-T2A-fLuc,,normal
read_002081,0,0,0,0,TN,CMV-eGFP-HA-T2A-fLuc,,normal
read_002082,0,0,0,0,TN,CMV-eGFP-HA-T2A-fLuc,,normal
read_002083,0,0,0,0,TN,CMV-eGFP-HA-T2A-fLuc,,normal
read_002084,0,0,0,0,TN,CMV-eGFP-HA-T2A-fLuc,,normal
read_002085,0,0,0,0,TN,CMV-eGFP-HA-T2A-fLuc,,normal
read_002086,0,0,0,0,TN,CMV-eGFP-HA-T2A-fLuc,,normal
read_002087,0,0,0,0,TN,CMV-eGFP-HA-T2A-fLuc,,normal
read_002088,0,0,0,0,TN,CMV-eGFP-HA-T2A-fLuc,,normal
read_002089,0,0,0,0,TN,CMV-eGFP-HA-T2A-fLuc,,normal
read_002090,0,0,0,0,TN,CMV-eGFP-HA-T2A-fLuc,,normal
read_002091,0,0,0,0,TN,CMV-eGFP-HA-T2A-fLuc,,normal
read_002092,0,0,0,0,TN,CMV-eGFP-HA-T2A-fLuc,,normal
read_002093,0,0,0,0,TN,CMV-eGFP-HA-T2A-fLuc,,normal
read_002094,0,0,0,0,TN,CMV-eGFP-HA-T2A-fLuc,,normal
read_002095,0,0,0,0,TN,CMV-eGFP-HA-T2A-fLuc,,normal
read_002096,0,0,0,0,TN,CMV-eGFP-HA-T2A-fLuc,,normal
read_002097,0,0,0,0,TN,CMV-eGFP-HA-T2A-fLuc,,normal
read_002098,0,0,0,0,TN,CMV-eGFP-HA-T2A-fLuc,,normal
read_002099,0,0,0,0,TN,CMV-eGFP-HA-T2A-fLuc,,normal
read_002100,0,0,0,0,TN,CMV-eGFP-HA-T2A-fLuc,,normal
read_002101,0,0,0,0,TN,CMV-eGFP-HA-T2A-fLuc,,normal
read_002102,0,0,0,0,TN,CMV-eGFP-HA-T2A-fLuc,,normal
read_002103,0,0,0,0,TN,CMV-eGFP-HA-T2A-fLuc,,normal
read_002104,0,0,0,0,TN,CMV-eGFP-HA-T2A-fLuc,,normal
read_002105,0,0,0,0,TN,CMV-eGFP-HA-T2A-fLuc,,normal
read_002106,0,0,0,0,TN,CMV-eGFP-HA-T2A-fLuc,,normal
read_002107,0,0,0,0,TN,CMV-eGFP-HA-T2A-fLuc,,normal
read_002108,0,0,0,0,TN,CMV-eGFP-HA-T2A-fLuc,,normal
read_002109,0,0,0,0,TN,CMV-eGFP-HA-T2A-fLuc,,normal
read_002110,0,0,0,0,TN,CMV-eGFP-HA-T2A-fLuc,,normal
read_002111,0,0,0,0,TN,CMV-eGFP-HA-T2A-fLuc,,normal
read_002112,0,0,0,0,TN,CMV-eGFP-HA-T2A-fLuc,,normal
read_002113,0,0,0,0,TN,CMV-eGFP-HA-T2A-fLuc,,normal
read_002114,0,0,0,0,TN,CMV-eGFP-HA-T2A-fLuc,,normal
read_002115,0,0,0,0,TN,CMV-eGFP-HA-T2A-fLuc,,normal
read_002116,0,0,0,0,TN,CMV-eGFP-HA-T2A-fLuc,,normal
read_002117,0,0,0,0,TN,CMV-eGFP-HA-T2A-fLuc,,normal
read_002118,0,0,0,0,TN,CMV-eGFP-HA-T2A-fLuc,,normal
read_002119,0,0,0,0,TN,CMV-eGFP-HA-T2A-fLuc,,normal
read_002120,0,0,0,0,TN,CMV-eGFP-HA-T2A-fLuc,,normal
read_002121,0,0,0,0,TN,CMV-eGFP-HA-T2A-fLuc,,normal
read_002122,0,0,0,0,TN,CMV-eGFP-HA-T2A-fLuc,,normal
read_002123,0,0,0,0,TN,CMV-eGFP-HA-T2A-fLuc,,normal
read_002124,0,0,0,0,TN,CMV-eGFP-HA-T2A-fLuc,,normal
read_002125,0,0,0,0,TN,CMV-eGFP-HA-T2A-fLuc,,normal
read_002126,0,0,0,0,TN,CMV-eGFP-HA-T2A-fLuc,,normal
read_002127,0,0,0,0,TN,CMV-eGFP-HA-T2A-fLuc,,normal
read_002128,0,0,0,0,TN,CMV-eGFP-HA-T2A-fLuc,,normal
read_002129,0,0,0,0,TN,CMV-eGFP-HA-T2A-fLuc,,normal
read_002130,0,0,0,0,TN,CMV-eGFP-HA-T2A-fLuc,,normal
read_002131,0,0,0,0,TN,CMV-eGFP-HA-T2A-fLuc,,normal
read_002132,0,0,0,0,TN,CMV-eGFP-HA-T2A-fLuc,,normal
read_002133,0,0,0,0,TN,CMV-eGFP-HA-T2A-fLuc,,normal
read_002134,0,0,0,0,TN,CMV-eGFP-HA-T2A-fLuc,,normal
read_002135,0,0,0,0,TN,CMV-eGFP-HA-T2A-fLuc,,normal
read_002136,0,0,0,0,TN,CMV-eGFP-HA-T2A-fLuc,,normal
read_002137,0,0,0,0,TN,CMV-eGFP-HA-T2A-fLuc,,normal
read_002138,0,0,0,0,TN,CMV-eGFP-HA-T2A-fLuc,,normal
read_002139,0,0,0,0,TN,CMV-eGFP-HA-T2A-fLuc,,normal
read_002140,0,0,0,0,TN,CMV-eGFP-HA-T2A-fLuc,,normal
read_002141,0,0,0,0,TN,CMV-eGFP-HA-T2A-fLuc,,normal
read_002142,0,0,0,0,TN,CMV-eGFP-HA-T2A-fLuc,,normal
read_002143,0,0,0,0,TN,CMV-eGFP-HA-T2A-fLuc,,normal
read_002144,0,0,0,0,TN,CMV-eGFP-HA-T2A-fLuc,,normal
read_002145,0,0,0,0,TN,CMV-eGFP-HA-T2A-fLuc,,normal
read_002146,0,0,0,0,TN,CMV-eGFP-HA-T2A-fLuc,,normal
read_002147,0,0,0,0,TN,CMV-eGFP-HA-T2A-fLuc,,normal
read_002148,0,0,0,0,TN,CMV-eGFP-HA-T2A-fLuc,,normal
read_002149,0,0,0,0,TN,CMV-eGFP-HA-T2A-fLuc,,normal
read_002150,0,0,0,0,TN,CMV-eGFP-HA-T2A-fLuc,,normal
read_002151,0,0,0,0,TN,CMV-eGFP-HA-T2A-fLuc,,normal
read_002152,0,0,0,0,TN,CMV-eGFP-HA-T2A-fLuc,,normal
read_002153,0,0,0,0,TN,CMV-eGFP-HA-T2A-fLuc,,normal
read_002154,0,0,0,0,TN,CMV-eGFP-HA-T2A-fLuc,,normal
read_002155,0,0,0,0,TN,CMV-eGFP-HA-T2A-fLuc,,normal
read_002156,0,0,0,0,TN,CMV-eGFP-HA-T2A-fLuc,,normal
read_002157,0,0,0,0,TN,CMV-eGFP-HA-T2A-fLuc,,normal
read_002158,0,0,0,0,TN,CMV-eGFP-HA-T2A-fLuc,,normal
read_002159,0,0,0,0,TN,CMV-eGFP-HA-T2A-fLuc,,normal
read_002160,0,0,0,0,TN,CMV-eGFP-HA-T2A-fLuc,,normal
read_002161,0,0,0,0,TN,CMV-eGFP-HA-T2A-fLuc,,normal
read_002162,0,0,0,0,TN,CMV-eGFP-HA-T2A-fLuc,,normal
read_002163,0,0,0,0,TN,CMV-eGFP-HA-T2A-fLuc,,normal
read_002164,0,0,0,0,TN,CMV-eGFP-HA-T2A-fLuc,,normal
read_002165,0,0,0,0,TN,CMV-eGFP-HA-T2A-fLuc,,normal
read_002166,0,0,0,0,TN,CMV-eGFP-HA-T2A-fLuc,,normal
read_002167,0,0,0,0,TN,CMV-eGFP-HA-T2A-fLuc,,normal
read_002168,0,0,0,0,TN,CMV-eGFP-HA-T2A-fLuc,,normal
read_002169,0,0,0,0,TN,CMV-eGFP-HA-T2A-fLuc,,normal
read_002170,0,0,0,0,TN,CMV-eGFP-HA-T2A-fLuc,,normal
read_002171,0,0,0,0,TN,CMV-eGFP-HA-T2A-fLuc,,normal
read_002172,0,0,0,0,TN,CMV-eGFP-HA-T2A-fLuc,,normal
read_002173,0,0,0,0,TN,CMV-eGFP-HA-T2A-fLuc,,normal
read_002174,0,0,0,0,TN,CMV-eGFP-HA-T2A-fLuc,,normal
read_002175,0,0,0,0,TN,CMV-eGFP-HA-T2A-fLuc,,normal
read_002176,0,0,0,0,TN,CMV-eGFP-HA-T2A-fLuc,,normal
read_002177,0,0,0,0,TN,CMV-eGFP-HA-T2A-fLuc,,normal
read_002178,0,0,0,0,TN,CMV-eGFP-HA-T2A-fLuc,,normal
read_002179,0,0,0,0,TN,CMV-eGFP-HA-T2A-fLuc,,normal
read_002180,0,0,0,0,TN,CMV-eGFP-HA-T2A-fLuc,,normal
read_002181,0,0,0,0,TN,CMV-eGFP-HA-T2A-fLuc,,normal
read_002182,0,0,0,0,TN,CMV-eGFP-HA-T2A-fLuc,,normal
read_002183,0,0,0,0,TN,CMV-eGFP-HA-T2A-fLuc,,normal
read_002184,0,0,0,0,TN,CMV-eGFP-HA-T2A-fLuc,,normal
read_002185,0,0,0,0,TN,CMV-eGFP-HA-T2A-fLuc,,normal
read_002186,0,0,0,0,TN,CMV-eGFP-HA-T2A-fLuc,,normal
read_002187,0,0,0,0,TN,CMV-eGFP-HA-T2A-fLuc,,normal
read_002188,0,0,0,0,TN,CMV-eGFP-HA-T2A-fLuc,,normal
read_002189,0,0,0,0,TN,CMV-eGFP-HA-T2A-fLuc,,normal
read_002190,0,0,0,0,TN,CMV-eGFP-HA-T2A-fLuc,,normal
read_002191,0,0,0,0,TN,CMV-eGFP-HA-T2A-fLuc,,normal
read_002192,0,0,0,0,TN,CMV-eGFP-HA-T2A-fLuc,,normal
read_002193,0,0,0,0,TN,CMV-eGFP-HA-T2A-fLuc,,normal
read_002194,0,0,0,0,TN,CMV-eGFP-HA-T2A-fLuc,,normal
read_002195,0,0,0,0,TN,CMV-eGFP-HA-T2A-fLuc,,normal
read_002196,0,0,0,0,TN,CMV-eGFP-HA-T2A-fLuc,,normal
read_002197,0,0,0,0,TN,CMV-eGFP-HA-T2A-fLuc,,normal
read_002198,0,0,0,0,TN,CMV-eGFP-HA-T2A-fLuc,,normal
read_002199,0,0,0,0,TN,CMV-eGFP-HA-T2A-fLuc,,normal
read_002200,0,0,0,0,TN,CMV-eGFP-HA-T2A-fLuc,,normal
read_002201,0,0,0,0,TN,CMV-eGFP-HA-T2A-fLuc,,normal
read_002202,0,0,0,0,TN,CMV-eGFP-HA-T2A-fLuc,,normal
read_002203,0,0,0,0,TN,CMV-eGFP-HA-T2A-fLuc,,normal
read_002204,0,0,0,0,TN,CMV-eGFP-HA-T2A-fLuc,,normal
read_002205,0,0,0,0,TN,CMV-eGFP-HA-T2A-fLuc,,normal
read_002206,0,0,0,0,TN,CMV-eGFP-HA-T2A-fLuc,,normal
read_002207,0,0,0,0,TN,CMV-eGFP-HA-T2A-fLuc,,normal
read_002208,0,0,0,0,TN,CMV-eGFP-HA-T2A-fLuc,,normal
read_002209,0,0,0,0,TN,CMV-eGFP-HA-T2A-fLuc,,normal
read_002210,0,0,0,0,TN,CMV-eGFP-HA-T2A-fLuc,,normal
read_002211,0,0,0,0,TN,CMV-eGFP-HA-T2A-fLuc,,normal
read_002212,0,0,0,0,TN,CMV-eGFP-HA-T2A-fLuc,,normal
read_002213,0,0,0,0,TN,CMV-eGFP-HA-T2A-fLuc,,normal
read_002214,0,0,0,0,TN,CMV-eGFP-HA-T2A-fLuc,,normal
read_002215,0,0,0,0,TN,CMV-eGFP-HA-T2A-fLuc,,normal
read_002216,0,0,0,0,TN,CMV-eGFP-HA-T2A-fLuc,,normal
read_002217,0,0,0,0,TN,CMV-eGFP-HA-T2A-fLuc,,normal
read_002218,0,0,0,0,TN,CMV-eGFP-HA-T2A-fLuc,,normal
read_002219,0,0,0,0,TN,CMV-eGFP-HA-T2A-fLuc,,normal
read_002220,0,0,0,0,TN,CMV-eGFP-HA-T2A-fLuc,,normal
read_002221,0,0,0,0,TN,CMV-eGFP-HA-T2A-fLuc,,normal
read_002222,0,0,0,0,TN,CMV-eGFP-HA-T2A-fLuc,,normal
read_002223,0,0,0,0,TN,CMV-eGFP-HA-T2A-fLuc,,normal
read_002224,0,0,0,0,TN,CMV-eGFP-HA-T2A-fLuc,,normal
read_002225,0,0,0,0,TN,CMV-eGFP-HA-T2A-fLuc,,normal
read_002226,0,0,0,0,TN,CMV-eGFP-HA-T2A-fLuc,,normal
read_002227,0,0,0,0,TN,CMV-eGFP-HA-T2A-fLuc,,normal
read_002228,0,0,0,0,TN,CMV-eGFP-HA-T2A-fLuc,,normal
read_002229,0,0,0,0,TN,CMV-eGFP-HA-T2A-fLuc,,normal
read_002230,0,0,0,0,TN,CMV-eGFP-HA-T2A-fLuc,,normal
read_002231,0,0,0,0,TN,CMV-eGFP-HA-T2A-fLuc,,normal
read_002232,0,0,0,0,TN,CMV-eGFP-HA-T2A-fLuc,,normal
read_002233,0,0,0,0,TN,CMV-eGFP-HA-T2A-fLuc,,normal
read_002234,0,0,0,0,TN,CMV-eGFP-HA-T2A-fLuc,,normal
read_002235,0,0,0,0,TN,CMV-eGFP-HA-T2A-fLuc,,normal
read_002236,0,0,0,0,TN,CMV-eGFP-HA-T2A-fLuc,,normal
read_002237,0,0,0,0,TN,CMV-eGFP-HA-T2A-fLuc,,normal
read_002238,0,0,0,0,TN,CMV-eGFP-HA-T2A-fLuc,,normal
read_002239,0,0,0,0,TN,CMV-eGFP-HA-T2A-fLuc,,normal
read_002240,0,0,0,0,TN,CMV-eGFP-HA-T2A-fLuc,,normal
read_002241,0,0,0,0,TN,CMV-eGFP-HA-T2A-fLuc,,normal
read_002242,0,0,0,0,TN,CMV-eGFP-HA-T2A-fLuc,,normal
read_002243,0,0,0,0,TN,CMV-eGFP-HA-T2A-fLuc,,normal
read_002244,0,0,0,0,TN,CMV-eGFP-HA-T2A-fLuc,,normal
read_002245,0,0,0,0,TN,CMV-eGFP-HA-T2A-fLuc,,normal
read_002246,0,0,0,0,TN,CMV-eGFP-HA-T2A-fLuc,,normal
read_002247,0,0,0,0,TN,CMV-eGFP-HA-T2A-fLuc,,normal
read_002248,0,0,0,0,TN,CMV-eGFP-HA-T2A-fLuc,,normal
read_002249,0,0,0,0,TN,CMV-eGFP-HA-T2A-fLuc,,normal
read_002250,0,0,0,0,TN,CMV-eGFP-HA-T2A-fLuc,,normal
read_002251,0,0,0,0,TN,CMV-eGFP-HA-T2A-fLuc,,normal
read_002252,0,0,0,0,TN,CMV-eGFP-HA-T2A-fLuc,,normal
read_002253,0,0,0,0,TN,CMV-eGFP-HA-T2A-fLuc,,normal
read_002254,0,0,0,0,TN,CMV-eGFP-HA-T2A-fLuc,,normal
read_002255,0,0,0,0,TN,CMV-eGFP-HA-T2A-fLuc,,normal
read_002256,0,0,0,0,TN,CMV-eGFP-HA-T2A-fLuc,,normal
read_002257,0,0,0,0,TN,CMV-eGFP-HA-T2A-fLuc,,normal
read_002258,0,0,0,0,TN,CMV-eGFP-HA-T2A-fLuc,,normal
read_002259,0,0,0,0,TN,CMV-eGFP-HA-T2A-fLuc,,normal
read_002260,0,0,0,0,TN,CMV-eGFP-HA-T2A-fLuc,,normal
read_002261,0,0,0,0,TN,CMV-eGFP-HA-T2A-fLuc,,normal
read_002262,0,0,0,0,TN,CMV-eGFP-HA-T2A-fLuc,,normal
read_002263,0,0,0,0,TN,CMV-eGFP-HA-T2A-fLuc,,normal
read_002264,0,0,0,0,TN,CMV-eGFP-HA-T2A-fLuc,,normal
read_002265,0,0,0,0,TN,CMV-eGFP-HA-T2A-fLuc,,normal
read_002266,0,0,0,0,TN,CMV-eGFP-HA-T2A-fLuc,,normal
read_002267,0,0,0,0,TN,CMV-eGFP-HA-T2A-fLuc,,normal
read_002268,0,0,0,0,TN,CMV-eGFP-HA-T2A-fLuc,,normal
read_002269,0,0,0,0,TN,CMV-eGFP-HA-T2A-fLuc,,normal
read_002270,0,0,0,0,TN,CMV-eGFP-HA-T2A-fLuc,,normal
read_002271,0,0,0,0,TN,CMV-eGFP-HA-T2A-fLuc,,normal
read_002272,0,0,0,0,TN,CMV-eGFP-HA-T2A-fLuc,,normal
read_002273,0,0,0,0,TN,CMV-eGFP-HA-T2A-fLuc,,normal
read_002274,0,0,0,0,TN,CMV-eGFP-HA-T2A-fLuc,,normal
read_002275,0,0,0,0,TN,CMV-eGFP-HA-T2A-fLuc,,normal
read_002276,0,0,0,0,TN,CMV-eGFP-HA-T2A-fLuc,,normal
read_002277,0,0,0,0,TN,CMV-eGFP-HA-T2A-fLuc,,normal
read_002278,0,0,0,0,TN,CMV-eGFP-HA-T2A-fLuc,,normal
read_002279,0,0,0,0,TN,CMV-eGFP-HA-T2A-fLuc,,normal
read_002280,0,0,0,0,TN,CMV-eGFP-HA-T2A-fLuc,,normal
read_002281,0,0,0,0,TN,CMV-eGFP-HA-T2A-fLuc,,normal
read_002282,0,0,0,0,TN,CMV-eGFP-HA-T2A-fLuc,,normal
read_002283,0,0,0,0,TN,CMV-eGFP-HA-T2A-fLuc,,normal
read_002284,0,0,0,0,TN,CMV-eGFP-HA-T2A-fLuc,,normal
read_002285,0,0,0,0,TN,CMV-eGFP-HA-T2A-fLuc,,normal
read_002286,0,0,0,0,TN,CMV-eGFP-HA-T2A-fLuc,,normal
read_002287,0,0,0,0,TN,CMV-eGFP-HA-T2A-fLuc,,normal
read_002288,0,0,0,0,TN,CMV-eGFP-HA-T2A-fLuc,,normal
read_002289,0,0,0,0,TN,CMV-eGFP-HA-T2A-fLuc,,normal
read_002290,0,0,0,0,TN,CMV-eGFP-HA-T2A-fLuc,,normal
read_002291,0,0,0,0,TN,CMV-eGFP-HA-T2A-fLuc,,normal
read_002292,0,0,0,0,TN,CMV-eGFP-HA-T2A-fLuc,,normal
read_002293,0,0,0,0,TN,CMV-eGFP-HA-T2A-fLuc,,normal
read_002294,0,0,0,0,TN,CMV-eGFP-HA-T2A-fLuc,,normal
read_002295,0,0,0,0,TN,CMV-eGFP-HA-T2A-fLuc,,normal
read_002296,0,0,0,0,TN,CMV-eGFP-HA-T2A-fLuc,,normal
read_002297,0,0,0,0,TN,CMV-eGFP-HA-T2A-fLuc,,normal
read_002298,0,0,0,0,TN,CMV-eGFP-HA-T2A-fLuc,,normal
read_002299,0,0,0,0,TN,CMV-eGFP-HA-T2A-fLuc,,normal
read_002300,0,0,0,0,TN,CMV-eGFP-HA-T2A-fLuc,,normal
read_002301,0,0,0,0,TN,CMV-eGFP-HA-T2A-fLuc,,normal
read_002302,0,0,0,0,TN,CMV-eGFP-HA-T2A-fLuc,,normal
read_002303,0,0,0,0,TN,CMV-eGFP-HA-T2A-fLuc,,normal
read_002304,0,0,0,0,TN,CMV-eGFP-HA-T2A-fLuc,,normal
read_002305,0,0,0,0,TN,CMV-eGFP-HA-T2A-fLuc,,normal
read_002306,0,0,0,0,TN,CMV-eGFP-HA-T2A-fLuc,,normal
read_002307,0,0,0,0,TN,CMV-eGFP-HA-T2A-fLuc,,normal
read_002308,0,0,0,0,TN,CMV-eGFP-HA-T2A-fLuc,,normal
read_002309,0,0,0,0,TN,CMV-eGFP-HA-T2A-fLuc,,normal
read_002310,0,0,0,0,TN,CMV-eGFP-HA-T2A-fLuc,,normal
read_002311,0,0,0,0,TN,CMV-eGFP-HA-T2A-fLuc,,normal
read_002312,0,0,0,0,TN,CMV-eGFP-HA-T2A-fLuc,,normal
read_002313,0,0,0,0,TN,CMV-eGFP-HA-T2A-fLuc,,normal
read_002314,0,0,0,0,TN,CMV-eGFP-HA-T2A-fLuc,,normal
read_002315,0,0,0,0,TN,CMV-eGFP-HA-T2A-fLuc,,normal
read_002316,0,0,0,0,TN,CMV-eGFP-HA-T2A-fLuc,,normal
read_002317,0,0,0,0,TN,CMV-eGFP-HA-T2A-fLuc,,normal
read_002318,0,0,0,0,TN,CMV-eGFP-HA-T2A-fLuc,,normal
read_002319,0,0,0,0,TN,CMV-eGFP-HA-T2A-fLuc,,normal
read_002320,0,0,0,0,TN,CMV-eGFP-HA-T2A-fLuc,,normal
read_002321,0,0,0,0,TN,CMV-eGFP-HA-T2A-fLuc,,normal
read_002322,0,0,0,0,TN,CMV-eGFP-HA-T2A-fLuc,,normal
read_002323,0,0,0,0,TN,CMV-eGFP-HA-T2A-fLuc,,normal
read_002324,0,0,0,0,TN,CMV-eGFP-HA-T2A-fLuc,,normal
read_002325,0,0,0,0,TN,CMV-eGFP-HA-T2A-fLuc,,normal
read_002326,0,0,0,0,TN,CMV-eGFP-HA-T2A-fLuc,,normal
read_002327,0,0,0,0,TN,CMV-eGFP-HA-T2A-fLuc,,normal
read_002328,0,0,0,0,TN,CMV-eGFP-HA-T2A-fLuc,,normal
read_002329,0,0,0,0,TN,CMV-eGFP-HA-T2A-fLuc,,normal
read_002330,0,0,0,0,TN,CMV-eGFP-HA-T2A-fLuc,,normal
read_002331,0,0,0,0,TN,CMV-eGFP-HA-T2A-fLuc,,normal
read_002332,0,0,0,0,TN,CMV-eGFP-HA-T2A-fLuc,,normal
read_002333,0,0,0,0,TN,CMV-eGFP-HA-T2A-fLuc,,normal
read_002334,0,0,0,0,TN,CMV-eGFP-HA-T2A-fLuc,,normal
read_002335,0,0,0,0,TN,CMV-eGFP-HA-T2A-fLuc,,normal
read_002336,0,0,0,0,TN,CMV-eGFP-HA-T2A-fLuc,,normal
read_002337,0,0,0,0,TN,CMV-eGFP-HA-T2A-fLuc,,normal
read_002338,0,0,0,0,TN,CMV-eGFP-HA-T2A-fLuc,,normal
read_002339,0,0,0,0,TN,CMV-eGFP-HA-T2A-fLuc,,normal
read_002340,0,0,0,0,TN,CMV-eGFP-HA-T2A-fLuc,,normal
read_002341,0,0,0,0,TN,CMV-eGFP-HA-T2A-fLuc,,normal
read_002342,0,0,0,0,TN,CMV-eGFP-HA-T2A-fLuc,,normal
read_002343,0,0,0,0,TN,CMV-eGFP-HA-T2A-fLuc,,normal
read_002344,0,0,0,0,TN,CMV-eGFP-HA-T2A-fLuc,,normal
read_002345,0,0,0,0,TN,CMV-eGFP-HA-T2A-fLuc,,normal
read_002346,0,0,0,0,TN,CMV-eGFP-HA-T2A-fLuc,,normal
read_002347,0,0,0,0,TN,CMV-eGFP-HA-T2A-fLuc,,normal
read_002348,0,0,0,0,TN,CMV-eGFP-HA-T2A-fLuc,,normal
read_002349,0,0,0,0,TN,CMV-eGFP-HA-T2A-fLuc,,normal
read_002350,0,0,0,0,TN,CMV-eGFP-HA-T2A-fLuc,,normal
read_002351,0,0,0,0,TN,CMV-eGFP-HA-T2A-fLuc,,normal
read_002352,0,0,0,0,TN,CMV-eGFP-HA-T2A-fLuc,,normal
read_002353,0,0,0,0,TN,CMV-eGFP-HA-T2A-fLuc,,normal
read_002354,0,0,0,0,TN,CMV-eGFP-HA-T2A-fLuc,,normal
read_002355,0,0,0,0,TN,CMV-eGFP-HA-T2A-fLuc,,normal
read_002356,0,0,0,0,TN,CMV-eGFP-HA-T2A-fLuc,,normal
read_002357,0,0,0,0,TN,CMV-eGFP-HA-T2A-fLuc,,normal
read_002358,0,0,0,0,TN,CMV-eGFP-HA-T2A-fLuc,,normal
read_002359,0,0,0,0,TN,CMV-eGFP-HA-T2A-fLuc,,normal
read_002360,0,0,0,0,TN,CMV-eGFP-HA-T2A-fLuc,,normal
read_002361,0,0,0,0,TN,CMV-eGFP-HA-T2A-fLuc,,normal
read_002362,0,0,0,0,TN,CMV-eGFP-HA-T2A-fLuc,,normal
read_002363,0,0,0,0,TN,CMV-eGFP-HA-T2A-fLuc,,normal
read_002364,0,0,0,0,TN,CMV-eGFP-HA-T2A-fLuc,,normal
read_002365,0,0,0,0,TN,CMV-eGFP-HA-T2A-fLuc,,normal
read_002366,0,0,0,0,TN,CMV-eGFP-HA-T2A-fLuc,,normal
read_002367,0,0,0,0,TN,CMV-eGFP-HA-T2A-fLuc,,normal
read_002368,0,0,0,0,TN,CMV-eGFP-HA-T2A-fLuc,,normal
read_002369,0,0,0,0,TN,CMV-eGFP-HA-T2A-fLuc,,normal
read_002370,0,0,0,0,TN,CMV-eGFP-HA-T2A-fLuc,,normal
read_002371,0,0,0,0,TN,CMV-eGFP-HA-T2A-fLuc,,normal
read_002372,0,0,0,0,TN,CMV-eGFP-HA-T2A-fLuc,,normal
read_002373,0,0,0,0,TN,CMV-eGFP-HA-T2A-fLuc,,normal
read_002374,0,0,0,0,TN,CMV-eGFP-HA-T2A-fLuc,,normal
read_002375,0,0,0,0,TN,CMV-eGFP-HA-T2A-fLuc,,normal
read_002376,0,0,0,0,TN,CMV-eGFP-HA-T2A-fLuc,,normal
read_002377,0,0,0,0,TN,CMV-eGFP-HA-T2A-fLuc,,normal
read_002378,0,0,0,0,TN,CMV-eGFP-HA-T2A-fLuc,,normal
read_002379,0,0,0,0,TN,CMV-eGFP-HA-T2A-fLuc,,normal
read_002380,0,0,0,0,TN,CMV-eGFP-HA-T2A-fLuc,,normal
read_002381,0,0,0,0,TN,CMV-eGFP-HA-T2A-fLuc,,normal
read_002382,0,0,0,0,TN,CMV-eGFP-HA-T2A-fLuc,,normal
read_002383,0,0,0,0,TN,CMV-eGFP-HA-T2A-fLuc,,normal
read_002384,0,0,0,0,TN,CMV-eGFP-HA-T2A-fLuc,,normal
read_002385,0,0,0,0,TN,CMV-eGFP-HA-T2A-fLuc,,normal
read_002386,0,0,0,0,TN,CMV-eGFP-HA-T2A-fLuc,,normal
read_002387,0,0,0,0,TN,CMV-eGFP-HA-T2A-fLuc,,normal
read_002388,0,0,0,0,TN,CMV-eGFP-HA-T2A-fLuc,,normal
read_002389,0,0,0,0,TN,CMV-eGFP-HA-T2A-fLuc,,normal
read_002390,0,0,0,0,TN,CMV-eGFP-HA-T2A-fLuc,,normal
read_002391,0,0,0,0,TN,CMV-eGFP-HA-T2A-fLuc,,normal
read_002392,0,0,0,0,TN,CMV-eGFP-HA-T2A-fLuc,,normal
read_002393,0,0,0,0,TN,CMV-eGFP-HA-T2A-fLuc,,normal
read_002394,0,0,0,0,TN,CMV-eGFP-HA-T2A-fLuc,,normal
read_002395,0,0,0,0,TN,CMV-eGFP-HA-T2A-fLuc,,normal
read_002396,0,0,0,0,TN,CMV-eGFP-HA-T2A-fLuc,,normal
read_002397,0,0,0,0,TN,CMV-eGFP-HA-T2A-fLuc,,normal
read_002398,0,0,0,0,TN,CMV-eGFP-HA-T2A-fLuc,,normal
read_002399,0,0,0,0,TN,CMV-eGFP-HA-T2A-fLuc,,normal
read_002400,0,0,0,0,TN,CMV-eGFP-HA-T2A-fLuc,,normal
read_002401,0,0,0,0,TN,CMV-eGFP-HA-T2A-fLuc,,normal
read_002402,0,0,0,0,TN,CMV-eGFP-HA-T2A-fLuc,,normal
read_002403,0,0,0,0,TN,CMV-eGFP-HA-T2A-fLuc,,normal
read_002404,0,0,0,0,TN,CMV-eGFP-HA-T2A-fLuc,,normal
read_002405,0,0,0,0,TN,CMV-eGFP-HA-T2A-fLuc,,normal
read_002406,0,0,0,0,TN,CMV-eGFP-HA-T2A-fLuc,,normal
read_002407,0,0,0,0,TN,CMV-eGFP-HA-T2A-fLuc,,normal
read_002408,0,0,0,0,TN,CMV-eGFP-HA-T2A-fLuc,,normal
read_002409,0,0,0,0,TN,CMV-eGFP-HA-T2A-fLuc,,normal
read_002410,0,0,0,0,TN,CMV-eGFP-HA-T2A-fLuc,,normal
read_002411,0,0,0,0,TN,CMV-eGFP-HA-T2A-fLuc,,normal
read_002412,0,0,0,0,TN,CMV-eGFP-HA-T2A-fLuc,,normal
read_002413,0,0,0,0,TN,CMV-eGFP-HA-T2A-fLuc,,normal
read_002414,0,0,0,0,TN,CMV-eGFP-HA-T2A-fLuc,,normal
read_002415,0,0,0,0,TN,CMV-eGFP-HA-T2A-fLuc,,normal
read_002416,0,0,0,0,TN,CMV-eGFP-HA-T2A-fLuc,,normal
read_002417,0,0,0,0,TN,CMV-eGFP-HA-T2A-fLuc,,normal
read_002418,0,0,0,0,TN,CMV-eGFP-HA-T2A-fLuc,,normal
read_002419,0,0,0,0,TN,CMV-eGFP-HA-T2A-fLuc,,normal
read_002420,0,0,0,0,TN,CMV-eGFP-HA-T2A-fLuc,,normal
read_002421,0,0,0,0,TN,CMV-eGFP-HA-T2A-fLuc,,normal
read_002422,0,0,0,0,TN,CMV-eGFP-HA-T2A-fLuc,,normal
read_002423,0,0,0,0,TN,CMV-eGFP-HA-T2A-fLuc,,normal
read_002424,0,0,0,0,TN,CMV-eGFP-HA-T2A-fLuc,,normal
read_002425,0,0,0,0,TN,CMV-eGFP-HA-T2A-fLuc,,normal
read_002426,0,0,0,0,TN,CMV-eGFP-HA-T2A-fLuc,,normal
read_002427,0,0,0,0,TN,CMV-eGFP-HA-T2A-fLuc,,normal
read_002428,0,0,0,0,TN,CMV-eGFP-HA-T2A-fLuc,,normal
read_002429,0,0,0,0,TN,CMV-eGFP-HA-T2A-fLuc,,normal
read_002430,0,0,0,0,TN,CMV-eGFP-HA-T2A-fLuc,,normal
read_002431,0,0,0,0,TN,CMV-eGFP-HA-T2A-fLuc,,normal
read_002432,0,0,0,0,TN,CMV-eGFP-HA-T2A-fLuc,,normal
read_002433,0,0,0,0,TN,CMV-eGFP-HA-T2A-fLuc,,normal
read_002434,0,0,0,0,TN,CMV-eGFP-HA-T2A-fLuc,,normal
read_002435,0,0,0,0,TN,CMV-eGFP-HA-T2A-fLuc,,normal
read_002436,0,0,0,0,TN,CMV-eGFP-HA-T2A-fLuc,,normal
read_002437,0,0,0,0,TN,CMV-eGFP-HA-T2A-fLuc,,normal
read_002438,0,0,0,0,TN,CMV-eGFP-HA-T2A-fLuc,,normal
read_002439,0,0,0,0,TN,CMV-eGFP-HA-T2A-fLuc,,normal
read_002440,0,0,0,0,TN,CMV-eGFP-HA-T2A-fLuc,,normal
read_002441,0,0,0,0,TN,CMV-eGFP-HA-T2A-fLuc,,normal
read_002442,0,0,0,0,TN,CMV-eGFP-HA-T2A-fLuc,,normal
read_002443,0,0,0,0,TN,CMV-eGFP-HA-T2A-fLuc,,normal
read_002444,0,0,0,0,TN,CMV-eGFP-HA-T2A-fLuc,,normal
read_002445,0,0,0,0,TN,CMV-eGFP-HA-T2A-fLuc,,normal
read_002446,0,0,0,0,TN,CMV-eGFP-HA-T2A-fLuc,,normal
read_002447,0,0,0,0,TN,CMV-eGFP-HA-T2A-fLuc,,normal
read_002448,0,0,0,0,TN,CMV-eGFP-HA-T2A-fLuc,,normal
read_002449,0,0,0,0,TN,CMV-eGFP-HA-T2A-fLuc,,normal
read_002450,0,0,0,0,TN,CMV-eGFP-HA-T2A-fLuc,,normal
read_002451,0,0,0,0,TN,CMV-eGFP-HA-T2A-fLuc,,normal
read_002452,0,0,0,0,TN,CMV-eGFP-HA-T2A-fLuc,,normal
read_002453,0,0,0,0,TN,CMV-eGFP-HA-T2A-fLuc,,normal
read_002454,0,0,0,0,TN,CMV-eGFP-HA-T2A-fLuc,,normal
read_002455,0,0,0,0,TN,CMV-eGFP-HA-T2A-fLuc,,normal
read_002456,0,0,0,0,TN,CMV-eGFP-HA-T2A-fLuc,,normal
read_002457,0,0,0,0,TN,CMV-eGFP-HA-T2A-fLuc,,normal
read_002458,0,0,0,0,TN,CMV-eGFP-HA-T2A-fLuc,,normal
read_002459,0,0,0,0,TN,CMV-eGFP-HA-T2A-fLuc,,normal
read_002460,0,0,0,0,TN,CMV-eGFP-HA-T2A-fLuc,,normal
read_002461,0,0,0,0,TN,CMV-eGFP-HA-T2A-fLuc,,normal
read_002462,0,0,0,0,TN,CMV-eGFP-HA-T2A-fLuc,,normal
read_002463,0,0,0,0,TN,CMV-eGFP-HA-T2A-fLuc,,normal
read_002464,0,0,0,0,TN,CMV-eGFP-HA-T2A-fLuc,,normal
read_002465,0,0,0,0,TN,CMV-eGFP-HA-T2A-fLuc,,normal
read_002466,0,0,0,0,TN,CMV-eGFP-HA-T2A-fLuc,,normal
read_002467,0,0,0,0,TN,CMV-eGFP-HA-T2A-fLuc,,normal
read_002468,0,0,0,0,TN,CMV-eGFP-HA-T2A-fLuc,,normal
read_002469,0,0,0,0,TN,CMV-eGFP-HA-T2A-fLuc,,normal
read_002470,0,0,0,0,TN,CMV-eGFP-HA-T2A-fLuc,,normal
read_002471,0,0,0,0,TN,CMV-eGFP-HA-T2A-fLuc,,normal
read_002472,0,0,0,0,TN,CMV-eGFP-HA-T2A-fLuc,,normal
read_002473,0,0,0,0,TN,CMV-eGFP-HA-T2A-fLuc,,normal
read_002474,0,0,0,0,TN,CMV-eGFP-HA-T2A-fLuc,,normal
read_002475,0,0,0,0,TN,CMV-eGFP-HA-T2A-fLuc,,normal
read_002476,0,0,0,0,TN,CMV-eGFP-HA-T2A-fLuc,,normal
read_002477,0,0,0,0,TN,CMV-eGFP-HA-T2A-fLuc,,normal
read_002478,0,0,0,0,TN,CMV-eGFP-HA-T2A-fLuc,,normal
read_002479,0,0,0,0,TN,CMV-eGFP-HA-T2A-fLuc,,normal
read_002480,0,0,0,0,TN,CMV-eGFP-HA-T2A-fLuc,,normal
read_002481,0,0,0,0,TN,CMV-eGFP-HA-T2A-fLuc,,normal
read_002482,0,0,0,0,TN,CMV-eGFP-HA-T2A-fLuc,,normal
read_002483,0,0,0,0,TN,CMV-eGFP-HA-T2A-fLuc,,normal
read_002484,0,0,0,0,TN,CMV-eGFP-HA-T2A-fLuc,,normal
read_002485,0,0,0,0,TN,CMV-eGFP-HA-T2A-fLuc,,normal
read_002486,0,0,0,0,TN,CMV-eGFP-HA-T2A-fLuc,,normal
read_002487,0,0,0,0,TN,CMV-eGFP-HA-T2A-fLuc,,normal
read_002488,0,0,0,0,TN,CMV-eGFP-HA-T2A-fLuc,,normal
read_002489,0,0,0,0,TN,CMV-eGFP-HA-T2A-fLuc,,normal
read_002490,0,0,0,0,TN,CMV-eGFP-HA-T2A-fLuc,,normal
read_002491,0,0,0,0,TN,CMV-eGFP-HA-T2A-fLuc,,normal
read_002492,0,0,0,0,TN,CMV-eGFP-HA-T2A-fLuc,,normal
read_002493,0,0,0,0,TN,CMV-eGFP-HA-T2A-fLuc,,normal
read_002494,0,0,0,0,TN,CMV-eGFP-HA-T2A-fLuc,,normal
read_002495,0,0,0,0,TN,CMV-eGFP-HA-T2A-fLuc,,normal
read_002496,0,0,0,0,TN,CMV-eGFP-HA-T2A-fLuc,,normal
read_002497,0,0,0,0,TN,CMV-eGFP-HA-T2A-fLuc,,normal
read_002498,0,0,0,0,TN,CMV-eGFP-HA-T2A-fLuc,,normal
read_002499,0,0,0,0,TN,CMV-eGFP-HA-T2A-fLuc,,normal
read_002500,0,0,0,0,TN,CMV-eGFP-HA-T2A-fLuc,,normal
read_002501,0,0,0,0,TN,CMV-eGFP-HA-T2A-fLuc,,normal
read_002502,0,0,0,0,TN,CMV-eGFP-HA-T2A-fLuc,,normal
read_002503,0,0,0,0,TN,CMV-eGFP-HA-T2A-fLuc,,normal
read_002504,0,0,0,0,TN,CMV-eGFP-HA-T2A-fLuc,,normal
read_002505,0,0,0,0,TN,CMV-eGFP-HA-T2A-fLuc,,normal
read_002506,0,0,0,0,TN,CMV-eGFP-HA-T2A-fLuc,,normal
read_002507,0,0,0,0,TN,CMV-eGFP-HA-T2A-fLuc,,normal
read_002508,0,0,0,0,TN,CMV-eGFP-HA-T2A-fLuc,,normal
read_002509,0,0,0,0,TN,CMV-eGFP-HA-T2A-fLuc,,normal
read_002510,0,0,0,0,TN,CMV-eGFP-HA-T2A-fLuc,,normal
read_002511,0,0,0,0,TN,CMV-eGFP-HA-T2A-fLuc,,normal
read_002512,0,0,0,0,TN,CMV-eGFP-HA-T2A-fLuc,,normal
read_002513,0,0,0,0,TN,CMV-eGFP-HA-T2A-fLuc,,normal
read_002514,0,0,0,0,TN,CMV-eGFP-HA-T2A-fLuc,,normal
read_002515,0,0,0,0,TN,CMV-eGFP-HA-T2A-fLuc,,normal
read_002516,0,0,0,0,TN,CMV-eGFP-HA-T2A-fLuc,,normal
read_002517,0,0,0,0,TN,CMV-eGFP-HA-T2A-fLuc,,normal
read_002518,0,0,0,0,TN,CMV-eGFP-HA-T2A-fLuc,,normal
read_002519,0,0,0,0,TN,CMV-eGFP-HA-T2A-fLuc,,normal
read_002520,0,0,0,0,TN,CMV-eGFP-HA-T2A-fLuc,,normal
read_002521,0,0,0,0,TN,CMV-eGFP-HA-T2A-fLuc,,normal
read_002522,0,0,0,0,TN,CMV-eGFP-HA-T2A-fLuc,,normal
read_002523,0,0,0,0,TN,CMV-eGFP-HA-T2A-fLuc,,normal
read_002524,0,0,0,0,TN,CMV-eGFP-HA-T2A-fLuc,,normal
read_002525,0,0,0,0,TN,CMV-eGFP-HA-T2A-fLuc,,normal
read_002526,0,0,0,0,TN,CMV-eGFP-HA-T2A-fLuc,,normal
read_002527,0,0,0,0,TN,CMV-eGFP-HA-T2A-fLuc,,normal
read_002528,0,0,0,0,TN,CMV-eGFP-HA-T2A-fLuc,,normal
read_002529,0,0,0,0,TN,CMV-eGFP-HA-T2A-fLuc,,normal
read_002530,0,0,0,0,TN,CMV-eGFP-HA-T2A-fLuc,,normal
read_002531,0,0,0,0,TN,CMV-eGFP-HA-T2A-fLuc,,normal
read_002532,0,0,0,0,TN,CMV-eGFP-HA-T2A-fLuc,,normal
read_002533,0,0,0,0,TN,CMV-eGFP-HA-T2A-fLuc,,normal
read_002534,0,0,0,0,TN,CMV-eGFP-HA-T2A-fLuc,,normal
read_002535,0,0,0,0,TN,CMV-eGFP-HA-T2A-fLuc,,normal
read_002536,0,0,0,0,TN,CMV-eGFP-HA-T2A-fLuc,,normal
read_002537,0,0,0,0,TN,CMV-eGFP-HA-T2A-fLuc,,normal
read_002538,0,0,0,0,TN,CMV-eGFP-HA-T2A-fLuc,,normal
read_002539,0,0,0,0,TN,CMV-eGFP-HA-T2A-fLuc,,normal
read_002540,0,0,0,0,TN,CMV-eGFP-HA-T2A-fLuc,,normal
read_002541,0,0,0,0,TN,CMV-eGFP-HA-T2A-fLuc,,normal
read_002542,0,0,0,0,TN,CMV-eGFP-HA-T2A-fLuc,,normal
read_002543,0,0,0,0,TN,CMV-eGFP-HA-T2A-fLuc,,normal
read_002544,0,0,0,0,TN,CMV-eGFP-HA-T2A-fLuc,,normal
read_002545,0,0,0,0,TN,CMV-eGFP-HA-T2A-fLuc,,normal
read_002546,0,0,0,0,TN,CMV-eGFP-HA-T2A-fLuc,,normal
read_002547,0,0,0,0,TN,CMV-eGFP-HA-T2A-fLuc,,normal
read_002548,0,0,0,0,TN,CMV-eGFP-HA-T2A-fLuc,,normal
read_002549,0,0,0,0,TN,CMV-eGFP-HA-T2A-fLuc,,normal
read_002550,0,0,0,0,TN,CMV-eGFP-HA-T2A-fLuc,,normal
read_002551,0,0,0,0,TN,CMV-eGFP-HA-T2A-fLuc,,normal
read_002552,0,0,0,0,TN,CMV-eGFP-HA-T2A-fLuc,,normal
read_002553,0,0,0,0,TN,CMV-eGFP-HA-T2A-fLuc,,normal
read_002554,0,0,0,0,TN,CMV-eGFP-HA-T2A-fLuc,,normal
read_002555,0,0,0,0,TN,CMV-eGFP-HA-T2A-fLuc,,normal
read_002556,0,0,0,0,TN,CMV-eGFP-HA-T2A-fLuc,,normal
read_002557,0,0,0,0,TN,CMV-eGFP-HA-T2A-fLuc,,normal
read_002558,0,0,0,0,TN,CMV-eGFP-HA-T2A-fLuc,,normal
read_002559,0,0,0,0,TN,CMV-eGFP-HA-T2A-fLuc,,normal
read_002560,0,0,0,0,TN,CMV-eGFP-HA-T2A-fLuc,,normal
read_002561,0,0,0,0,TN,CMV-eGFP-HA-T2A-fLuc,,normal
read_002562,0,0,0,0,TN,CMV-eGFP-HA-T2A-fLuc,,normal
read_002563,0,0,0,0,TN,CMV-eGFP-HA-T2A-fLuc,,normal
read_002564,0,0,0,0,TN,CMV-eGFP-HA-T2A-fLuc,,normal
read_002565,0,0,0,0,TN,CMV-eGFP-HA-T2A-fLuc,,normal
read_002566,0,0,0,0,TN,CMV-eGFP-HA-T2A-fLuc,,normal
read_002567,0,0,0,0,TN,CMV-eGFP-HA-T2A-fLuc,,normal
read_002568,0,0,0,0,TN,CMV-eGFP-HA-T2A-fLuc,,normal
read_002569,0,0,0,0,TN,CMV-eGFP-HA-T2A-fLuc,,normal
read_002570,0,0,0,0,TN,CMV-eGFP-HA-T2A-fLuc,,normal
read_002571,0,0,0,0,TN,CMV-eGFP-HA-T2A-fLuc,,normal
read_002572,0,0,0,0,TN,CMV-eGFP-HA-T2A-fLuc,,normal
read_002573,0,0,0,0,TN,CMV-eGFP-HA-T2A-fLuc,,normal
read_002574,0,0,0,0,TN,CMV-eGFP-HA-T2A-fLuc,,normal
read_002575,0,0,0,0,TN,CMV-eGFP-HA-T2A-fLuc,,normal
read_002576,0,0,0,0,TN,CMV-eGFP-HA-T2A-fLuc,,normal
read_002577,0,0,0,0,TN,CMV-eGFP-HA-T2A-fLuc,,normal
read_002578,0,0,0,0,TN,CMV-eGFP-HA-T2A-fLuc,,normal
read_002579,0,0,0,0,TN,CMV-eGFP-HA-T2A-fLuc,,normal
read_002580,0,0,0,0,TN,CMV-eGFP-HA-T2A-fLuc,,normal
read_002581,0,0,0,0,TN,CMV-eGFP-HA-T2A-fLuc,,normal
read_002582,0,0,0,0,TN,CMV-eGFP-HA-T2A-fLuc,,normal
read_002583,0,0,0,0,TN,CMV-eGFP-HA-T2A-fLuc,,normal
read_002584,0,0,0,0,TN,CMV-eGFP-HA-T2A-fLuc,,normal
read_002585,0,0,0,0,TN,CMV-eGFP-HA-T2A-fLuc,,normal
read_002586,0,0,0,0,TN,CMV-eGFP-HA-T2A-fLuc,,normal
read_002587,0,0,0,0,TN,CMV-eGFP-HA-T2A-fLuc,,normal
read_002588,0,0,0,0,TN,CMV-eGFP-HA-T2A-fLuc,,normal
read_002589,0,0,0,0,TN,CMV-eGFP-HA-T2A-fLuc,,normal
read_002590,0,0,0,0,TN,CMV-eGFP-HA-T2A-fLuc,,normal
read_002591,0,0,0,0,TN,CMV-eGFP-HA-T2A-fLuc,,normal
read_002592,0,0,0,0,TN,CMV-eGFP-HA-T2A-fLuc,,normal
read_002593,0,0,0,0,TN,CMV-eGFP-HA-T2A-fLuc,,normal
read_002594,0,0,0,0,TN,CMV-eGFP-HA-T2A-fLuc,,normal
read_002595,0,0,0,0,TN,CMV-eGFP-HA-T2A-fLuc,,normal
read_002596,0,0,0,0,TN,CMV-eGFP-HA-T2A-fLuc,,normal
read_002597,0,0,0,0,TN,CMV-eGFP-HA-T2A-fLuc,,normal
read_002598,0,0,0,0,TN,CMV-eGFP-HA-T2A-fLuc,,normal
read_002599,0,0,0,0,TN,CMV-eGFP-HA-T2A-fLuc,,normal
read_002600,0,0,0,0,TN,CMV-eGFP-HA-T2A-fLuc,,normal
read_002601,0,0,0,0,TN,CMV-eGFP-HA-T2A-fLuc,,normal
read_002602,0,0,0,0,TN,CMV-eGFP-HA-T2A-fLuc,,normal
read_002603,0,0,0,0,TN,CMV-eGFP-HA-T2A-fLuc,,normal
read_002604,0,0,0,0,TN,CMV-eGFP-HA-T2A-fLuc,,normal
read_002605,0,0,0,0,TN,CMV-eGFP-HA-T2A-fLuc,,normal
read_002606,0,0,0,0,TN,CMV-eGFP-HA-T2A-fLuc,,normal
read_002607,0,0,0,0,TN,CMV-eGFP-HA-T2A-fLuc,,normal
read_002608,0,0,0,0,TN,CMV-eGFP-HA-T2A-fLuc,,normal
read_002609,0,0,0,0,TN,CMV-eGFP-HA-T2A-fLuc,,normal
read_002610,0,0,0,0,TN,CMV-eGFP-HA-T2A-fLuc,,normal
read_002611,0,0,0,0,TN,CMV-eGFP-HA-T2A-fLuc,,normal
read_002612,0,0,0,0,TN,CMV-eGFP-HA-T2A-fLuc,,normal
read_002613,0,0,0,0,TN,CMV-eGFP-HA-T2A-fLuc,,normal
read_002614,0,0,0,0,TN,CMV-eGFP-HA-T2A-fLuc,,normal
read_002615,0,0,0,0,TN,CMV-eGFP-HA-T2A-fLuc,,normal
read_002616,0,0,0,0,TN,CMV-eGFP-HA-T2A-fLuc,,normal
read_002617,0,0,0,0,TN,CMV-eGFP-HA-T2A-fLuc,,normal
read_002618,0,0,0,0,TN,CMV-eGFP-HA-T2A-fLuc,,normal
read_002619,0,0,0,0,TN,CMV-eGFP-HA-T2A-fLuc,,normal
read_002620,0,0,0,0,TN,CMV-eGFP-HA-T2A-fLuc,,normal
read_002621,0,0,0,0,TN,CMV-eGFP-HA-T2A-fLuc,,normal
read_002622,0,0,0,0,TN,CMV-eGFP-HA-T2A-fLuc,,normal
read_002623,0,0,0,0,TN,CMV-eGFP-HA-T2A-fLuc,,normal
read_002624,0,0,0,0,TN,CMV-eGFP-HA-T2A-fLuc,,normal
read_002625,0,0,0,0,TN,CMV-eGFP-HA-T2A-fLuc,,normal
read_002626,0,0,0,0,TN,CMV-eGFP-HA-T2A-fLuc,,normal
read_002627,0,0,0,0,TN,CMV-eGFP-HA-T2A-fLuc,,normal
read_002628,0,0,0,0,TN,CMV-eGFP-HA-T2A-fLuc,,normal
read_002629,0,0,0,0,TN,CMV-eGFP-HA-T2A-fLuc,,normal
read_002630,0,0,0,0,TN,CMV-eGFP-HA-T2A-fLuc,,normal
read_002631,0,0,0,0,TN,CMV-eGFP-HA-T2A-fLuc,,normal
read_002632,0,0,0,0,TN,CMV-eGFP-HA-T2A-fLuc,,normal
read_002633,0,0,0,0,TN,CMV-eGFP-HA-T2A-fLuc,,normal
read_002634,0,0,0,0,TN,CMV-eGFP-HA-T2A-fLuc,,normal
read_002635,0,0,0,0,TN,CMV-eGFP-HA-T2A-fLuc,,normal
read_002636,0,0,0,0,TN,CMV-eGFP-HA-T2A-fLuc,,normal
read_002637,0,0,0,0,TN,CMV-eGFP-HA-T2A-fLuc,,normal
read_002638,0,0,0,0,TN,CMV-eGFP-HA-T2A-fLuc,,normal
read_002639,0,0,0,0,TN,CMV-eGFP-HA-T2A-fLuc,,normal
read_002640,0,0,0,0,TN,CMV-eGFP-HA-T2A-fLuc,,normal
read_002641,0,0,0,0,TN,CMV-eGFP-HA-T2A-fLuc,,normal
read_002642,0,0,0,0,TN,CMV-eGFP-HA-T2A-fLuc,,normal
read_002643,0,0,0,0,TN,CMV-eGFP-HA-T2A-fLuc,,normal
read_002644,0,0,0,0,TN,CMV-eGFP-HA-T2A-fLuc,,normal
read_002645,0,0,0,0,TN,CMV-eGFP-HA-T2A-fLuc,,normal
read_002646,0,0,0,0,TN,CMV-eGFP-HA-T2A-fLuc,,normal
read_002647,0,0,0,0,TN,CMV-eGFP-HA-T2A-fLuc,,normal
read_002648,0,0,0,0,TN,CMV-eGFP-HA-T2A-fLuc,,normal
read_002649,0,0,0,0,TN,CMV-eGFP-HA-T2A-fLuc,,normal
read_002650,0,0,0,0,TN,CMV-eGFP-HA-T2A-fLuc,,normal
read_002651,0,0,0,0,TN,CMV-eGFP-HA-T2A-fLuc,,normal
read_002652,0,0,0,0,TN,CMV-eGFP-HA-T2A-fLuc,,normal
read_002653,0,0,0,0,TN,CMV-eGFP-HA-T2A-fLuc,,normal
read_002654,0,0,0,0,TN,CMV-eGFP-HA-T2A-fLuc,,normal
read_002655,0,0,0,0,TN,CMV-eGFP-HA-T2A-fLuc,,normal
read_002656,0,0,0,0,TN,CMV-eGFP-HA-T2A-fLuc,,normal
read_002657,0,0,0,0,TN,CMV-eGFP-HA-T2A-fLuc,,normal
read_002658,0,0,0,0,TN,CMV-eGFP-HA-T2A-fLuc,,normal
read_002659,0,0,0,0,TN,CMV-eGFP-HA-T2A-fLuc,,normal
read_002660,0,0,0,0,TN,CMV-eGFP-HA-T2A-fLuc,,normal
read_002661,0,0,0,0,TN,CMV-eGFP-HA-T2A-fLuc,,normal
read_002662,0,0,0,0,TN,CMV-eGFP-HA-T2A-fLuc,,normal
read_002663,0,0,0,0,TN,CMV-eGFP-HA-T2A-fLuc,,normal
read_002664,0,0,0,0,TN,CMV-eGFP-HA-T2A-fLuc,,normal
read_002665,0,0,0,0,TN,CMV-eGFP-HA-T2A-fLuc,,normal
read_002666,0,0,0,0,TN,CMV-eGFP-HA-T2A-fLuc,,normal
read_002667,0,0,0,0,TN,CMV-eGFP-HA-T2A-fLuc,,normal
read_002668,0,0,0,0,TN,CMV-eGFP-HA-T2A-fLuc,,normal
read_002669,0,0,0,0,TN,CMV-eGFP-HA-T2A-fLuc,,normal
read_002670,0,0,0,0,TN,CMV-eGFP-HA-T2A-fLuc,,normal
read_002671,0,0,0,0,TN,CMV-eGFP-HA-T2A-fLuc,,normal
read_002672,0,0,0,0,TN,CMV-eGFP-HA-T2A-fLuc,,normal
read_002673,0,0,0,0,TN,CMV-eGFP-HA-T2A-fLuc,,normal
read_002674,0,0,0,0,TN,CMV-eGFP-HA-T2A-fLuc,,normal
read_002675,0,0,0,0,TN,CMV-eGFP-HA-T2A-fLuc,,normal
read_002676,0,0,0,0,TN,CMV-eGFP-HA-T2A-fLuc,,normal
read_002677,0,0,0,0,TN,CMV-eGFP-HA-T2A-fLuc,,normal
read_002678,0,0,0,0,TN,CMV-eGFP-HA-T2A-fLuc,,normal
read_002679,0,0,0,0,TN,CMV-eGFP-HA-T2A-fLuc,,normal
read_002680,0,0,0,0,TN,CMV-eGFP-HA-T2A-fLuc,,normal
read_002681,0,0,0,0,TN,CMV-eGFP-HA-T2A-fLuc,,normal
read_002682,0,0,0,0,TN,CMV-eGFP-HA-T2A-fLuc,,normal
read_002683,0,0,0,0,TN,CMV-eGFP-HA-T2A-fLuc,,normal
read_002684,0,0,0,0,TN,CMV-eGFP-HA-T2A-fLuc,,normal
read_002685,0,0,0,0,TN,CMV-eGFP-HA-T2A-fLuc,,normal
read_002686,0,0,0,0,TN,CMV-eGFP-HA-T2A-fLuc,,normal
read_002687,0,0,0,0,TN,CMV-eGFP-HA-T2A-fLuc,,normal
read_002688,0,0,0,0,TN,CMV-eGFP-HA-T2A-fLuc,,normal
read_002689,0,0,0,0,TN,CMV-eGFP-HA-T2A-fLuc,,normal
read_002690,0,0,0,0,TN,CMV-eGFP-HA-T2A-fLuc,,normal
read_002691,0,0,0,0,TN,CMV-eGFP-HA-T2A-fLuc,,normal
read_002692,0,0,0,0,TN,CMV-eGFP-HA-T2A-fLuc,,normal
read_002693,0,0,0,0,TN,CMV-eGFP-HA-T2A-fLuc,,normal
read_002694,0,0,0,0,TN,CMV-eGFP-HA-T2A-fLuc,,normal
read_002695,0,0,0,0,TN,CMV-eGFP-HA-T2A-fLuc,,normal
read_002696,0,0,0,0,TN,CMV-eGFP-HA-T2A-fLuc,,normal
read_002697,0,0,0,0,TN,CMV-eGFP-HA-T2A-fLuc,,normal
read_002698,0,0,0,0,TN,CMV-eGFP-HA-T2A-fLuc,,normal
read_002699,0,0,0,0,TN,CMV-eGFP-HA-T2A-fLuc,,normal
read_002700,0,0,0,0,TN,CMV-eGFP-HA-T2A-fLuc,,normal
read_002701,0,0,0,0,TN,CMV-eGFP-HA-T2A-fLuc,,normal
read_002702,0,0,0,0,TN,CMV-eGFP-HA-T2A-fLuc,,normal
read_002703,0,0,0,0,TN,CMV-eGFP-HA-T2A-fLuc,,normal
read_002704,0,0,0,0,TN,CMV-eGFP-HA-T2A-fLuc,,normal
read_002705,0,0,0,0,TN,CMV-eGFP-HA-T2A-fLuc,,normal
read_002706,0,0,0,0,TN,CMV-eGFP-HA-T2A-fLuc,,normal
read_002707,0,0,0,0,TN,CMV-eGFP-HA-T2A-fLuc,,normal
read_002708,0,0,0,0,TN,CMV-eGFP-HA-T2A-fLuc,,normal
read_002709,0,0,0,0,TN,CMV-eGFP-HA-T2A-fLuc,,normal
read_002710,0,0,0,0,TN,CMV-eGFP-HA-T2A-fLuc,,normal
read_002711,0,0,0,0,TN,CMV-eGFP-HA-T2A-fLuc,,normal
read_002712,0,0,0,0,TN,CMV-eGFP-HA-T2A-fLuc,,normal
read_002713,0,0,0,0,TN,CMV-eGFP-HA-T2A-fLuc,,normal
read_002714,0,0,0,0,TN,CMV-eGFP-HA-T2A-fLuc,,normal
read_002715,0,0,0,0,TN,CMV-eGFP-HA-T2A-fLuc,,normal
read_002716,0,0,0,0,TN,CMV-eGFP-HA-T2A-fLuc,,normal
read_002717,0,0,0,0,TN,CMV-eGFP-HA-T2A-fLuc,,normal
read_002718,0,0,0,0,TN,CMV-eGFP-HA-T2A-fLuc,,normal
read_002719,0,0,0,0,TN,CMV-eGFP-HA-T2A-fLuc,,normal
read_002720,0,0,0,0,TN,CMV-eGFP-HA-T2A-fLuc,,normal
read_002721,0,0,0,0,TN,CMV-eGFP-HA-T2A-fLuc,,normal
read_002722,0,0,0,0,TN,CMV-eGFP-HA-T2A-fLuc,,normal
read_002723,0,0,0,0,TN,CMV-eGFP-HA-T2A-fLuc,,normal
read_002724,0,0,0,0,TN,CMV-eGFP-HA-T2A-fLuc,,normal
read_002725,0,0,0,0,TN,CMV-eGFP-HA-T2A-fLuc,,normal
read_002726,0,0,0,0,TN,CMV-eGFP-HA-T2A-fLuc,,normal
read_002727,0,0,0,0,TN,CMV-eGFP-HA-T2A-fLuc,,normal
read_002728,0,0,0,0,TN,CMV-eGFP-HA-T2A-fLuc,,normal
read_002729,0,0,0,0,TN,CMV-eGFP-HA-T2A-fLuc,,normal
read_002730,0,0,0,0,TN,CMV-eGFP-HA-T2A-fLuc,,normal
read_002731,0,0,0,0,TN,CMV-eGFP-HA-T2A-fLuc,,normal
read_002732,0,0,0,0,TN,CMV-eGFP-HA-T2A-fLuc,,normal
read_002733,0,0,0,0,TN,CMV-eGFP-HA-T2A-fLuc,,normal
read_002734,0,0,0,0,TN,CMV-eGFP-HA-T2A-fLuc,,normal
read_002735,0,0,0,0,TN,CMV-eGFP-HA-T2A-fLuc,,normal
read_002736,0,0,0,0,TN,CMV-eGFP-HA-T2A-fLuc,,normal
read_002737,0,0,0,0,TN,CMV-eGFP-HA-T2A-fLuc,,normal
read_002738,0,0,0,0,TN,CMV-eGFP-HA-T2A-fLuc,,normal
read_002739,0,0,0,0,TN,CMV-eGFP-HA-T2A-fLuc,,normal
read_002740,0,0,0,0,TN,CMV-eGFP-HA-T2A-fLuc,,normal
read_002741,0,0,0,0,TN,CMV-eGFP-HA-T2A-fLuc,,normal
read_002742,0,0,0,0,TN,CMV-eGFP-HA-T2A-fLuc,,normal
read_002743,0,0,0,0,TN,CMV-eGFP-HA-T2A-fLuc,,normal
read_002744,0,0,0,0,TN,CMV-eGFP-HA-T2A-fLuc,,normal
read_002745,0,0,0,0,TN,CMV-eGFP-HA-T2A-fLuc,,normal
read_002746,0,0,0,0,TN,CMV-eGFP-HA-T2A-fLuc,,normal
read_002747,0,0,0,0,TN,CMV-eGFP-HA-T2A-fLuc,,normal
read_002748,0,0,0,0,TN,CMV-eGFP-HA-T2A-fLuc,,normal
read_002749,0,0,0,0,TN,CMV-eGFP-HA-T2A-fLuc,,normal
read_002750,0,0,0,0,TN,CMV-eGFP-HA-T2A-fLuc,,normal
read_002751,0,0,0,0,TN,CMV-eGFP-HA-T2A-fLuc,,normal
read_002752,0,0,0,0,TN,CMV-eGFP-HA-T2A-fLuc,,normal
read_002753,0,0,0,0,TN,CMV-eGFP-HA-T2A-fLuc,,normal
read_002754,0,0,0,0,TN,CMV-eGFP-HA-T2A-fLuc,,normal
read_002755,0,0,0,0,TN,CMV-eGFP-HA-T2A-fLuc,,normal
read_002756,0,0,0,0,TN,CMV-eGFP-HA-T2A-fLuc,,normal
read_002757,0,0,0,0,TN,CMV-eGFP-HA-T2A-fLuc,,normal
read_002758,0,0,0,0,TN,CMV-eGFP-HA-T2A-fLuc,,normal
read_002759,0,0,0,0,TN,CMV-eGFP-HA-T2A-fLuc,,normal
read_002760,0,0,0,0,TN,CMV-eGFP-HA-T2A-fLuc,,normal
read_002761,0,0,0,0,TN,CMV-eGFP-HA-T2A-fLuc,,normal
read_002762,0,0,0,0,TN,CMV-eGFP-HA-T2A-fLuc,,normal
read_002763,0,0,0,0,TN,CMV-eGFP-HA-T2A-fLuc,,normal
read_002764,0,0,0,0,TN,CMV-eGFP-HA-T2A-fLuc,,normal
read_002765,0,0,0,0,TN,CMV-eGFP-HA-T2A-fLuc,,normal
read_002766,0,0,0,0,TN,CMV-eGFP-HA-T2A-fLuc,,normal
read_002767,0,0,0,0,TN,CMV-eGFP-HA-T2A-fLuc,,normal
read_002768,0,0,0,0,TN,CMV-eGFP-HA-T2A-fLuc,,normal
read_002769,0,0,0,0,TN,CMV-eGFP-HA-T2A-fLuc,,normal
read_002770,0,0,0,0,TN,CMV-eGFP-HA-T2A-fLuc,,normal
read_002771,0,0,0,0,TN,CMV-eGFP-HA-T2A-fLuc,,normal
read_002772,0,0,0,0,TN,CMV-eGFP-HA-T2A-fLuc,,normal
read_002773,0,0,0,0,TN,CMV-eGFP-HA-T2A-fLuc,,normal
read_002774,0,0,0,0,TN,CMV-eGFP-HA-T2A-fLuc,,normal
read_002775,0,0,0,0,TN,CMV-eGFP-HA-T2A-fLuc,,normal
read_002776,0,0,0,0,TN,CMV-eGFP-HA-T2A-fLuc,,normal
read_002777,0,0,0,0,TN,CMV-eGFP-HA-T2A-fLuc,,normal
read_002778,0,0,0,0,TN,CMV-eGFP-HA-T2A-fLuc,,normal
read_002779,0,0,0,0,TN,CMV-eGFP-HA-T2A-fLuc,,normal
read_002780,0,0,0,0,TN,CMV-eGFP-HA-T2A-fLuc,,normal
read_002781,0,0,0,0,TN,CMV-eGFP-HA-T2A-fLuc,,normal
read_002782,0,0,0,0,TN,CMV-eGFP-HA-T2A-fLuc,,normal
read_002783,0,0,0,0,TN,CMV-eGFP-HA-T2A-fLuc,,normal
read_002784,0,0,0,0,TN,CMV-eGFP-HA-T2A-fLuc,,normal
read_002785,0,0,0,0,TN,CMV-eGFP-HA-T2A-fLuc,,normal
read_002786,0,0,0,0,TN,CMV-eGFP-HA-T2A-fLuc,,normal
read_002787,0,0,0,0,TN,CMV-eGFP-HA-T2A-fLuc,,normal
read_002788,0,0,0,0,TN,CMV-eGFP-HA-T2A-fLuc,,normal
read_002789,0,0,0,0,TN,CMV-eGFP-HA-T2A-fLuc,,normal
read_002790,0,0,0,0,TN,CMV-eGFP-HA-T2A-fLuc,,normal
read_002791,0,0,0,0,TN,CMV-eGFP-HA-T2A-fLuc,,normal
read_002792,0,0,0,0,TN,CMV-eGFP-HA-T2A-fLuc,,normal
read_002793,0,0,0,0,TN,CMV-eGFP-HA-T2A-fLuc,,normal
read_002794,0,0,0,0,TN,CMV-eGFP-HA-T2A-fLuc,,normal
read_002795,0,0,0,0,TN,CMV-eGFP-HA-T2A-fLuc,,normal
read_002796,0,0,0,0,TN,CMV-eGFP-HA-T2A-fLuc,,normal
read_002797,0,0,0,0,TN,CMV-eGFP-HA-T2A-fLuc,,normal
read_002798,0,0,0,0,TN,CMV-eGFP-HA-T2A-fLuc,,normal
read_002799,0,0,0,0,TN,CMV-eGFP-HA-T2A-fLuc,,normal
read_002800,0,0,0,0,TN,CMV-eGFP-HA-T2A-fLuc,,normal
read_002801,0,0,0,0,TN,CMV-eGFP-HA-T2A-fLuc,,normal
read_002802,0,0,0,0,TN,CMV-eGFP-HA-T2A-fLuc,,normal
read_002803,0,0,0,0,TN,CMV-eGFP-HA-T2A-fLuc,,normal
read_002804,0,0,0,0,TN,CMV-eGFP-HA-T2A-fLuc,,normal
read_002805,0,0,0,0,TN,CMV-eGFP-HA-T2A-fLuc,,normal
read_002806,0,0,0,0,TN,CMV-eGFP-HA-T2A-fLuc,,normal
read_002807,0,0,0,0,TN,CMV-eGFP-HA-T2A-fLuc,,normal
read_002808,0,0,0,0,TN,CMV-eGFP-HA-T2A-fLuc,,normal
read_002809,0,0,0,0,TN,CMV-eGFP-HA-T2A-fLuc,,normal
read_002810,0,0,0,0,TN,CMV-eGFP-HA-T2A-fLuc,,normal
read_002811,0,0,0,0,TN,CMV-eGFP-HA-T2A-fLuc,,normal
read_002812,0,0,0,0,TN,CMV-eGFP-HA-T2A-fLuc,,normal
read_002813,0,0,0,0,TN,CMV-eGFP-HA-T2A-fLuc,,normal
read_002814,0,0,0,0,TN,CMV-eGFP-HA-T2A-fLuc,,normal
read_002815,0,0,0,0,TN,CMV-eGFP-HA-T2A-fLuc,,normal
read_002816,0,0,0,0,TN,CMV-eGFP-HA-T2A-fLuc,,normal
read_002817,0,0,0,0,TN,CMV-eGFP-HA-T2A-fLuc,,normal
read_002818,0,0,0,0,TN,CMV-eGFP-HA-T2A-fLuc,,normal
read_002819,0,0,0,0,TN,CMV-eGFP-HA-T2A-fLuc,,normal
read_002820,0,0,0,0,TN,CMV-eGFP-HA-T2A-fLuc,,normal
read_002821,0,0,0,0,TN,CMV-eGFP-HA-T2A-fLuc,,normal
read_002822,0,0,0,0,TN,CMV-eGFP-HA-T2A-fLuc,,normal
read_002823,0,0,0,0,TN,CMV-eGFP-HA-T2A-fLuc,,normal
read_002824,0,0,0,0,TN,CMV-eGFP-HA-T2A-fLuc,,normal
read_002825,0,0,0,0,TN,CMV-eGFP-HA-T2A-fLuc,,normal
read_002826,0,0,0,0,TN,CMV-eGFP-HA-T2A-fLuc,,normal
read_002827,0,0,0,0,TN,CMV-eGFP-HA-T2A-fLuc,,normal
read_002828,0,0,0,0,TN,CMV-eGFP-HA-T2A-fLuc,,normal
read_002829,0,0,0,0,TN,CMV-eGFP-HA-T2A-fLuc,,normal
read_002830,0,0,0,0,TN,CMV-eGFP-HA-T2A-fLuc,,normal
read_002831,0,0,0,0,TN,CMV-eGFP-HA-T2A-fLuc,,normal
read_002832,0,0,0,0,TN,CMV-eGFP-HA-T2A-fLuc,,normal
read_002833,0,0,0,0,TN,CMV-eGFP-HA-T2A-fLuc,,normal
read_002834,0,0,0,0,TN,CMV-eGFP-HA-T2A-fLuc,,normal
read_002835,0,0,0,0,TN,CMV-eGFP-HA-T2A-fLuc,,normal
read_002836,0,0,0,0,TN,CMV-eGFP-HA-T2A-fLuc,,normal
read_002837,0,0,0,0,TN,CMV-eGFP-HA-T2A-fLuc,,normal
read_002838,0,0,0,0,TN,CMV-eGFP-HA-T2A-fLuc,,normal
read_002839,0,0,0,0,TN,CMV-eGFP-HA-T2A-fLuc,,normal
read_002840,0,0,0,0,TN,CMV-eGFP-HA-T2A-fLuc,,normal
read_002841,0,0,0,0,TN,CMV-eGFP-HA-T2A-fLuc,,normal
read_002842,0,0,0,0,TN,CMV-eGFP-HA-T2A-fLuc,,normal
read_002843,0,0,0,0,TN,CMV-eGFP-HA-T2A-fLuc,,normal
read_002844,0,0,0,0,TN,CMV-eGFP-HA-T2A-fLuc,,normal
read_002845,0,0,0,0,TN,CMV-eGFP-HA-T2A-fLuc,,normal
read_002846,0,0,0,0,TN,CMV-eGFP-HA-T2A-fLuc,,normal
read_002847,0,0,0,0,TN,CMV-eGFP-HA-T2A-fLuc,,normal
read_002848,0,0,0,0,TN,CMV-eGFP-HA-T2A-fLuc,,normal
read_002849,0,0,0,0,TN,CMV-eGFP-HA-T2A-fLuc,,normal
read_002850,0,0,0,0,TN,CMV-eGFP-HA-T2A-fLuc,,normal
read_002851,0,0,0,0,TN,CMV-eGFP-HA-T2A-fLuc,,normal
read_002852,0,0,0,0,TN,CMV-eGFP-HA-T2A-fLuc,,normal
read_002853,0,0,0,0,TN,CMV-eGFP-HA-T2A-fLuc,,normal
read_002854,0,0,0,0,TN,CMV-eGFP-HA-T2A-fLuc,,normal
read_002855,0,0,0,0,TN,CMV-eGFP-HA-T2A-fLuc,,normal
read_002856,0,0,0,0,TN,CMV-eGFP-HA-T2A-fLuc,,normal
read_002857,0,0,0,0,TN,CMV-eGFP-HA-T2A-fLuc,,normal
read_002858,0,0,0,0,TN,CMV-eGFP-HA-T2A-fLuc,,normal
read_002859,0,0,0,0,TN,CMV-eGFP-HA-T2A-fLuc,,normal
read_002860,0,0,0,0,TN,CMV-eGFP-HA-T2A-fLuc,,normal
read_002861,0,0,0,0,TN,CMV-eGFP-HA-T2A-fLuc,,normal
read_002862,0,0,0,0,TN,CMV-eGFP-HA-T2A-fLuc,,normal
read_002863,0,0,0,0,TN,CMV-eGFP-HA-T2A-fLuc,,normal
read_002864,0,0,0,0,TN,CMV-eGFP-HA-T2A-fLuc,,normal
read_002865,0,0,0,0,TN,CMV-eGFP-HA-T2A-fLuc,,normal
read_002866,0,0,0,0,TN,CMV-eGFP-HA-T2A-fLuc,,normal
read_002867,0,0,0,0,TN,CMV-eGFP-HA-T2A-fLuc,,normal
read_002868,0,0,0,0,TN,CMV-eGFP-HA-T2A-fLuc,,normal
read_002869,0,0,0,0,TN,CMV-eGFP-HA-T2A-fLuc,,normal
read_002870,0,0,0,0,TN,CMV-eGFP-HA-T2A-fLuc,,normal
read_002871,0,0,0,0,TN,CMV-eGFP-HA-T2A-fLuc,,normal
read_002872,0,0,0,0,TN,CMV-eGFP-HA-T2A-fLuc,,normal
read_002873,0,0,0,0,TN,CMV-eGFP-HA-T2A-fLuc,,normal
read_002874,0,0,0,0,TN,CMV-eGFP-HA-T2A-fLuc,,normal
read_002875,0,0,0,0,TN,CMV-eGFP-HA-T2A-fLuc,,normal
read_002876,0,0,0,0,TN,CMV-eGFP-HA-T2A-fLuc,,normal
read_002877,0,0,0,0,TN,CMV-eGFP-HA-T2A-fLuc,,normal
read_002878,0,0,0,0,TN,CMV-eGFP-HA-T2A-fLuc,,normal
read_002879,0,0,0,0,TN,CMV-eGFP-HA-T2A-fLuc,,normal
read_002880,0,0,0,0,TN,CMV-eGFP-HA-T2A-fLuc,,normal
read_002881,0,0,0,0,TN,CMV-eGFP-HA-T2A-fLuc,,normal
read_002882,0,0,0,0,TN,CMV-eGFP-HA-T2A-fLuc,,normal
read_002883,0,0,0,0,TN,CMV-eGFP-HA-T2A-fLuc,,normal
read_002884,0,0,0,0,TN,CMV-eGFP-HA-T2A-fLuc,,normal
read_002885,0,0,0,0,TN,CMV-eGFP-HA-T2A-fLuc,,normal
read_002886,0,0,0,0,TN,CMV-eGFP-HA-T2A-fLuc,,normal
read_002887,0,0,0,0,TN,CMV-eGFP-HA-T2A-fLuc,,normal
read_002888,0,0,0,0,TN,CMV-eGFP-HA-T2A-fLuc,,normal
read_002889,0,0,0,0,TN,CMV-eGFP-HA-T2A-fLuc,,normal
read_002890,0,0,0,0,TN,CMV-eGFP-HA-T2A-fLuc,,normal
read_002891,0,0,0,0,TN,CMV-eGFP-HA-T2A-fLuc,,normal
read_002892,0,0,0,0,TN,CMV-eGFP-HA-T2A-fLuc,,normal
read_002893,0,0,0,0,TN,CMV-eGFP-HA-T2A-fLuc,,normal
read_002894,0,0,0,0,TN,CMV-eGFP-HA-T2A-fLuc,,normal
read_002895,0,0,0,0,TN,CMV-eGFP-HA-T2A-fLuc,,normal
read_002896,0,0,0,0,TN,CMV-eGFP-HA-T2A-fLuc,,normal
read_002897,0,0,0,0,TN,CMV-eGFP-HA-T2A-fLuc,,normal
read_002898,0,0,0,0,TN,CMV-eGFP-HA-T2A-fLuc,,normal
read_002899,0,0,0,0,TN,CMV-eGFP-HA-T2A-fLuc,,normal
read_002900,0,0,0,0,TN,CMV-eGFP-HA-T2A-fLuc,,normal
read_002901,0,0,0,0,TN,CMV-eGFP-HA-T2A-fLuc,,normal
read_002902,0,0,0,0,TN,CMV-eGFP-HA-T2A-fLuc,,normal
read_002903,0,0,0,0,TN,CMV-eGFP-HA-T2A-fLuc,,normal
read_002904,0,0,0,0,TN,CMV-eGFP-HA-T2A-fLuc,,normal
read_002905,0,0,0,0,TN,CMV-eGFP-HA-T2A-fLuc,,normal
read_002906,0,0,0,0,TN,CMV-eGFP-HA-T2A-fLuc,,normal
read_002907,0,0,0,0,TN,CMV-eGFP-HA-T2A-fLuc,,normal
read_002908,0,0,0,0,TN,CMV-eGFP-HA-T2A-fLuc,,normal
read_002909,0,0,0,0,TN,CMV-eGFP-HA-T2A-fLuc,,normal
read_002910,0,0,0,0,TN,CMV-eGFP-HA-T2A-fLuc,,normal
read_002911,0,0,0,0,TN,CMV-eGFP-HA-T2A-fLuc,,normal
read_002912,0,0,0,0,TN,CMV-eGFP-HA-T2A-fLuc,,normal
read_002913,0,0,0,0,TN,CMV-eGFP-HA-T2A-fLuc,,normal
read_002914,0,0,0,0,TN,CMV-eGFP-HA-T2A-fLuc,,normal
read_002915,0,0,0,0,TN,CMV-eGFP-HA-T2A-fLuc,,normal
read_002916,0,0,0,0,TN,CMV-eGFP-HA-T2A-fLuc,,normal
read_002917,0,0,0,0,TN,CMV-eGFP-HA-T2A-fLuc,,normal
read_002918,0,0,0,0,TN,CMV-eGFP-HA-T2A-fLuc,,normal
read_002919,0,0,0,0,TN,CMV-eGFP-HA-T2A-fLuc,,normal
read_002920,0,0,0,0,TN,CMV-eGFP-HA-T2A-fLuc,,normal
read_002921,0,0,0,0,TN,CMV-eGFP-HA-T2A-fLuc,,normal
read_002922,0,0,0,0,TN,CMV-eGFP-HA-T2A-fLuc,,normal
read_002923,0,0,0,0,TN,CMV-eGFP-HA-T2A-fLuc,,normal
read_002924,0,0,0,0,TN,CMV-eGFP-HA-T2A-fLuc,,normal
read_002925,0,0,0,0,TN,CMV-eGFP-HA-T2A-fLuc,,normal
read_002926,0,0,0,0,TN,CMV-eGFP-HA-T2A-fLuc,,normal
read_002927,0,0,0,0,TN,CMV-eGFP-HA-T2A-fLuc,,normal
read_002928,0,0,0,0,TN,CMV-eGFP-HA-T2A-fLuc,,normal
read_002929,0,0,0,0,TN,CMV-eGFP-HA-T2A-fLuc,,normal
read_002930,0,0,0,0,TN,CMV-eGFP-HA-T2A-fLuc,,normal
read_002931,0,0,0,0,TN,CMV-eGFP-HA-T2A-fLuc,,normal
read_002932,0,0,0,0,TN,CMV-eGFP-HA-T2A-fLuc,,normal
read_002933,0,0,0,0,TN,CMV-eGFP-HA-T2A-fLuc,,normal
read_002934,0,0,0,0,TN,CMV-eGFP-HA-T2A-fLuc,,normal
read_002935,0,0,0,0,TN,CMV-eGFP-HA-T2A-fLuc,,normal
read_002936,0,0,0,0,TN,CMV-eGFP-HA-T2A-fLuc,,normal
read_002937,0,0,0,0,TN,CMV-eGFP-HA-T2A-fLuc,,normal
read_002938,0,0,0,0,TN,CMV-eGFP-HA-T2A-fLuc,,normal
read_002939,0,0,0,0,TN,CMV-eGFP-HA-T2A-fLuc,,normal
read_002940,0,0,0,0,TN,CMV-eGFP-HA-T2A-fLuc,,normal
read_002941,0,0,0,0,TN,CMV-eGFP-HA-T2A-fLuc,,normal
read_002942,0,0,0,0,TN,CMV-eGFP-HA-T2A-fLuc,,normal
read_002943,0,0,0,0,TN,CMV-eGFP-HA-T2A-fLuc,,normal
read_002944,0,0,0,0,TN,CMV-eGFP-HA-T2A-fLuc,,normal
read_002945,0,0,0,0,TN,CMV-eGFP-HA-T2A-fLuc,,normal
read_002946,0,0,0,0,TN,CMV-eGFP-HA-T2A-fLuc,,normal
read_002947,0,0,0,0,TN,CMV-eGFP-HA-T2A-fLuc,,normal
read_002948,0,0,0,0,TN,CMV-eGFP-HA-T2A-fLuc,,normal
read_002949,0,0,0,0,TN,CMV-eGFP-HA-T2A-fLuc,,normal
read_002950,0,0,0,0,TN,CMV-eGFP-HA-T2A-fLuc,,normal
read_002951,0,0,0,0,TN,CMV-eGFP-HA-T2A-fLuc,,normal
read_002952,0,0,0,0,TN,CMV-eGFP-HA-T2A-fLuc,,normal
read_002953,0,0,0,0,TN,CMV-eGFP-HA-T2A-fLuc,,normal
read_002954,0,0,0,0,TN,CMV-eGFP-HA-T2A-fLuc,,normal
read_002955,0,0,0,0,TN,CMV-eGFP-HA-T2A-fLuc,,normal
read_002956,0,0,0,0,TN,CMV-eGFP-HA-T2A-fLuc,,normal
read_002957,0,0,0,0,TN,CMV-eGFP-HA-T2A-fLuc,,normal
read_002958,0,0,0,0,TN,CMV-eGFP-HA-T2A-fLuc,,normal
read_002959,0,0,0,0,TN,CMV-eGFP-HA-T2A-fLuc,,normal
read_002960,0,0,0,0,TN,CMV-eGFP-HA-T2A-fLuc,,normal
read_002961,0,0,0,0,TN,CMV-eGFP-HA-T2A-fLuc,,normal
read_002962,0,0,0,0,TN,CMV-eGFP-HA-T2A-fLuc,,normal
read_002963,0,0,0,0,TN,CMV-eGFP-HA-T2A-fLuc,,normal
read_002964,0,0,0,0,TN,CMV-eGFP-HA-T2A-fLuc,,normal
read_002965,0,0,0,0,TN,CMV-eGFP-HA-T2A-fLuc,,normal
read_002966,0,0,0,0,TN,CMV-eGFP-HA-T2A-fLuc,,normal
read_002967,0,0,0,0,TN,CMV-eGFP-HA-T2A-fLuc,,normal
read_002968,0,0,0,0,TN,CMV-eGFP-HA-T2A-fLuc,,normal
read_002969,0,0,0,0,TN,CMV-eGFP-HA-T2A-fLuc,,normal
read_002970,0,0,0,0,TN,CMV-eGFP-HA-T2A-fLuc,,normal
read_002971,0,0,0,0,TN,CMV-eGFP-HA-T2A-fLuc,,normal
read_002972,0,0,0,0,TN,CMV-eGFP-HA-T2A-fLuc,,normal
read_002973,0,0,0,0,TN,CMV-eGFP-HA-T2A-fLuc,,normal
read_002974,0,0,0,0,TN,CMV-eGFP-HA-T2A-fLuc,,normal
read_002975,0,0,0,0,TN,CMV-eGFP-HA-T2A-fLuc,,normal
read_002976,0,0,0,0,TN,CMV-eGFP-HA-T2A-fLuc,,normal
read_002977,0,0,0,0,TN,CMV-eGFP-HA-T2A-fLuc,,normal
read_002978,0,0,0,0,TN,CMV-eGFP-HA-T2A-fLuc,,normal
read_002979,0,0,0,0,TN,CMV-eGFP-HA-T2A-fLuc,,normal
read_002980,0,0,0,0,TN,CMV-eGFP-HA-T2A-fLuc,,normal
read_002981,0,0,0,0,TN,CMV-eGFP-HA-T2A-fLuc,,normal
read_002982,0,0,0,0,TN,CMV-eGFP-HA-T2A-fLuc,,normal
read_002983,0,0,0,0,TN,CMV-eGFP-HA-T2A-fLuc,,normal
read_002984,0,0,0,0,TN,CMV-eGFP-HA-T2A-fLuc,,normal
read_002985,0,0,0,0,TN,CMV-eGFP-HA-T2A-fLuc,,normal
read_002986,0,0,0,0,TN,CMV-eGFP-HA-T2A-fLuc,,normal
read_002987,0,0,0,0,TN,CMV-eGFP-HA-T2A-fLuc,,normal
read_002988,0,0,0,0,TN,CMV-eGFP-HA-T2A-fLuc,,normal
read_002989,0,0,0,0,TN,CMV-eGFP-HA-T2A-fLuc,,normal
read_002990,0,0,0,0,TN,CMV-eGFP-HA-T2A-fLuc,,normal
read_002991,0,0,0,0,TN,CMV-eGFP-HA-T2A-fLuc,,normal
read_002992,0,0,0,0,TN,CMV-eGFP-HA-T2A-fLuc,,normal
read_002993,0,0,0,0,TN,CMV-eGFP-HA-T2A-fLuc,,normal
read_002994,0,0,0,0,TN,CMV-eGFP-HA-T2A-fLuc,,normal
read_002995,0,0,0,0,TN,CMV-eGFP-HA-T2A-fLuc,,normal
read_002996,0,0,0,0,TN,CMV-eGFP-HA-T2A-fLuc,,normal
read_002997,0,0,0,0,TN,CMV-eGFP-HA-T2A-fLuc,,normal
read_002998,0,0,0,0,TN,CMV-eGFP-HA-T2A-fLuc,,normal
read_002999,0,0,0,0,TN,CMV-eGFP-HA-T2A-fLuc,,normal
read_003000,0,0,0,0,TN,CMV-eGFP-HA-T2A-fLuc,,normal
read_003001,0,0,0,0,TN,CMV-eGFP-HA-T2A-fLuc,,normal
read_003002,0,0,0,0,TN,CMV-eGFP-HA-T2A-fLuc,,normal
read_003003,0,0,0,0,TN,CMV-eGFP-HA-T2A-fLuc,,normal
read_003004,0,0,0,0,TN,CMV-eGFP-HA-T2A-fLuc,,normal
read_003005,0,0,0,0,TN,CMV-eGFP-HA-T2A-fLuc,,normal
read_003006,0,0,0,0,TN,CMV-eGFP-HA-T2A-fLuc,,normal
read_003007,0,0,0,0,TN,CMV-eGFP-HA-T2A-fLuc,,normal
read_003008,0,0,0,0,TN,CMV-eGFP-HA-T2A-fLuc,,normal
read_003009,0,0,0,0,TN,CMV-eGFP-HA-T2A-fLuc,,normal
read_003010,0,0,0,0,TN,CMV-eGFP-HA-T2A-fLuc,,normal
read_003011,0,0,0,0,TN,CMV-eGFP-HA-T2A-fLuc,,normal
read_003012,0,0,0,0,TN,CMV-eGFP-HA-T2A-fLuc,,normal
read_003013,0,0,0,0,TN,CMV-eGFP-HA-T2A-fLuc,,normal
read_003014,0,0,0,0,TN,CMV-eGFP-HA-T2A-fLuc,,normal
read_003015,0,0,0,0,TN,CMV-eGFP-HA-T2A-fLuc,,normal
read_003016,0,0,0,0,TN,CMV-eGFP-HA-T2A-fLuc,,normal
read_003017,0,0,0,0,TN,CMV-eGFP-HA-T2A-fLuc,,normal
read_003018,0,0,0,0,TN,CMV-eGFP-HA-T2A-fLuc,,normal
read_003019,0,0,0,0,TN,CMV-eGFP-HA-T2A-fLuc,,normal
read_003020,0,0,0,0,TN,CMV-eGFP-HA-T2A-fLuc,,normal
read_003021,0,0,0,0,TN,CMV-eGFP-HA-T2A-fLuc,,normal
read_003022,0,0,0,0,TN,CMV-eGFP-HA-T2A-fLuc,,normal
read_003023,0,0,0,0,TN,CMV-eGFP-HA-T2A-fLuc,,normal
read_003024,0,0,0,0,TN,CMV-eGFP-HA-T2A-fLuc,,normal
read_003025,0,0,0,0,TN,CMV-eGFP-HA-T2A-fLuc,,normal
read_003026,0,0,0,0,TN,CMV-eGFP-HA-T2A-fLuc,,normal
read_003027,0,0,0,0,TN,CMV-eGFP-HA-T2A-fLuc,,normal
read_003028,0,0,0,0,TN,CMV-eGFP-HA-T2A-fLuc,,normal
read_003029,0,0,0,0,TN,CMV-eGFP-HA-T2A-fLuc,,normal
read_003030,0,0,0,0,TN,CMV-eGFP-HA-T2A-fLuc,,normal
read_003031,0,0,0,0,TN,CMV-eGFP-HA-T2A-fLuc,,normal
read_003032,0,0,0,0,TN,CMV-eGFP-HA-T2A-fLuc,,normal
read_003033,0,0,0,0,TN,CMV-eGFP-HA-T2A-fLuc,,normal
read_003034,0,0,0,0,TN,CMV-eGFP-HA-T2A-fLuc,,normal
read_003035,0,0,0,0,TN,CMV-eGFP-HA-T2A-fLuc,,normal
read_003036,0,0,0,0,TN,CMV-eGFP-HA-T2A-fLuc,,normal
read_003037,0,0,0,0,TN,CMV-eGFP-HA-T2A-fLuc,,normal
read_003038,0,0,0,0,TN,CMV-eGFP-HA-T2A-fLuc,,normal
read_003039,0,0,0,0,TN,CMV-eGFP-HA-T2A-fLuc,,normal
read_003040,0,0,0,0,TN,CMV-eGFP-HA-T2A-fLuc,,normal
read_003041,0,0,0,0,TN,CMV-eGFP-HA-T2A-fLuc,,normal
read_003042,0,0,0,0,TN,CMV-eGFP-HA-T2A-fLuc,,normal
read_003043,0,0,0,0,TN,CMV-eGFP-HA-T2A-fLuc,,normal
read_003044,0,0,0,0,TN,CMV-eGFP-HA-T2A-fLuc,,normal
read_003045,0,0,0,0,TN,CMV-eGFP-HA-T2A-fLuc,,normal
read_003046,0,0,0,0,TN,CMV-eGFP-HA-T2A-fLuc,,normal
read_003047,0,0,0,0,TN,CMV-eGFP-HA-T2A-fLuc,,normal
read_003048,0,0,0,0,TN,CMV-eGFP-HA-T2A-fLuc,,normal
read_003049,0,0,0,0,TN,CMV-eGFP-HA-T2A-fLuc,,normal
read_003050,0,0,0,0,TN,CMV-eGFP-HA-T2A-fLuc,,normal
read_003051,0,0,0,0,TN,CMV-eGFP-HA-T2A-fLuc,,normal
read_003052,0,0,0,0,TN,CMV-eGFP-HA-T2A-fLuc,,normal
read_003053,0,0,0,0,TN,CMV-eGFP-HA-T2A-fLuc,,normal
read_003054,0,0,0,0,TN,CMV-eGFP-HA-T2A-fLuc,,normal
read_003055,0,0,0,0,TN,CMV-eGFP-HA-T2A-fLuc,,normal
read_003056,0,0,0,0,TN,CMV-eGFP-HA-T2A-fLuc,,normal
read_003057,0,0,0,0,TN,CMV-eGFP-HA-T2A-fLuc,,normal
read_003058,0,0,0,0,TN,CMV-eGFP-HA-T2A-fLuc,,normal
read_003059,0,0,0,0,TN,CMV-eGFP-HA-T2A-fLuc,,normal
read_003060,0,0,0,0,TN,CMV-eGFP-HA-T2A-fLuc,,normal
read_003061,0,0,0,0,TN,CMV-eGFP-HA-T2A-fLuc,,normal
read_003062,0,0,0,0,TN,CMV-eGFP-HA-T2A-fLuc,,normal
read_003063,0,0,0,0,TN,CMV-eGFP-HA-T2A-fLuc,,normal
read_003064,0,0,0,0,TN,CMV-eGFP-HA-T2A-fLuc,,normal
read_003065,0,0,0,0,TN,CMV-eGFP-HA-T2A-fLuc,,normal
read_003066,0,0,0,0,TN,CMV-eGFP-HA-T2A-fLuc,,normal
read_003067,0,0,0,0,TN,CMV-eGFP-HA-T2A-fLuc,,normal
read_003068,0,0,0,0,TN,CMV-eGFP-HA-T2A-fLuc,,normal
read_003069,0,0,0,0,TN,CMV-eGFP-HA-T2A-fLuc,,normal
read_003070,0,0,0,0,TN,CMV-eGFP-HA-T2A-fLuc,,normal
read_003071,0,0,0,0,TN,CMV-eGFP-HA-T2A-fLuc,,normal
read_003072,0,0,0,0,TN,CMV-eGFP-HA-T2A-fLuc,,normal
read_003073,0,0,0,0,TN,CMV-eGFP-HA-T2A-fLuc,,normal
read_003074,0,0,0,0,TN,CMV-eGFP-HA-T2A-fLuc,,normal
read_003075,0,0,0,0,TN,CMV-eGFP-HA-T2A-fLuc,,normal
read_003076,0,0,0,0,TN,CMV-eGFP-HA-T2A-fLuc,,normal
read_003077,0,0,0,0,TN,CMV-eGFP-HA-T2A-fLuc,,normal
read_003078,0,0,0,0,TN,CMV-eGFP-HA-T2A-fLuc,,normal
read_003079,0,0,0,0,TN,CMV-eGFP-HA-T2A-fLuc,,normal
read_003080,0,0,0,0,TN,CMV-eGFP-HA-T2A-fLuc,,normal
read_003081,0,0,0,0,TN,CMV-eGFP-HA-T2A-fLuc,,normal
read_003082,0,0,0,0,TN,CMV-eGFP-HA-T2A-fLuc,,normal
read_003083,0,0,0,0,TN,CMV-eGFP-HA-T2A-fLuc,,normal
read_003084,0,0,0,0,TN,CMV-eGFP-HA-T2A-fLuc,,normal
read_003085,0,0,0,0,TN,CMV-eGFP-HA-T2A-fLuc,,normal
read_003086,0,0,0,0,TN,CMV-eGFP-HA-T2A-fLuc,,normal
read_003087,0,0,0,0,TN,CMV-eGFP-HA-T2A-fLuc,,normal
read_003088,0,0,0,0,TN,CMV-eGFP-HA-T2A-fLuc,,normal
read_003089,0,0,0,0,TN,CMV-eGFP-HA-T2A-fLuc,,normal
read_003090,0,0,0,0,TN,CMV-eGFP-HA-T2A-fLuc,,normal
read_003091,0,0,0,0,TN,CMV-eGFP-HA-T2A-fLuc,,normal
read_003092,0,0,0,0,TN,CMV-eGFP-HA-T2A-fLuc,,normal
read_003093,0,0,0,0,TN,CMV-eGFP-HA-T2A-fLuc,,normal
read_003094,0,0,0,0,TN,CMV-eGFP-HA-T2A-fLuc,,normal
read_003095,0,0,0,0,TN,CMV-eGFP-HA-T2A-fLuc,,normal
read_003096,0,0,0,0,TN,CMV-eGFP-HA-T2A-fLuc,,normal
read_003097,0,0,0,0,TN,CMV-eGFP-HA-T2A-fLuc,,normal
read_003098,0,0,0,0,TN,CMV-eGFP-HA-T2A-fLuc,,normal
read_003099,0,0,0,0,TN,CMV-eGFP-HA-T2A-fLuc,,normal
read_003100,0,0,0,0,TN,CMV-eGFP-HA-T2A-fLuc,,normal
read_003101,0,0,0,0,TN,CMV-eGFP-HA-T2A-fLuc,,normal
read_003102,0,0,0,0,TN,CMV-eGFP-HA-T2A-fLuc,,normal
read_003103,0,0,0,0,TN,CMV-eGFP-HA-T2A-fLuc,,normal
read_003104,0,0,0,0,TN,CMV-eGFP-HA-T2A-fLuc,,normal
read_003105,0,0,0,0,TN,CMV-eGFP-HA-T2A-fLuc,,normal
read_003106,0,0,0,0,TN,CMV-eGFP-HA-T2A-fLuc,,normal
read_003107,0,0,0,0,TN,CMV-eGFP-HA-T2A-fLuc,,normal
read_003108,0,0,0,0,TN,CMV-eGFP-HA-T2A-fLuc,,normal
read_003109,0,0,0,0,TN,CMV-eGFP-HA-T2A-fLuc,,normal
read_003110,0,0,0,0,TN,CMV-eGFP-HA-T2A-fLuc,,normal
read_003111,0,0,0,0,TN,CMV-eGFP-HA-T2A-fLuc,,normal
read_003112,0,0,0,0,TN,CMV-eGFP-HA-T2A-fLuc,,normal
read_003113,0,0,0,0,TN,CMV-eGFP-HA-T2A-fLuc,,normal
read_003114,0,0,0,0,TN,CMV-eGFP-HA-T2A-fLuc,,normal
read_003115,0,0,0,0,TN,CMV-eGFP-HA-T2A-fLuc,,normal
read_003116,0,0,0,0,TN,CMV-eGFP-HA-T2A-fLuc,,normal
read_003117,0,0,0,0,TN,CMV-eGFP-HA-T2A-fLuc,,normal
read_003118,0,0,0,0,TN,CMV-eGFP-HA-T2A-fLuc,,normal
read_003119,0,0,0,0,TN,CMV-eGFP-HA-T2A-fLuc,,normal
read_003120,0,0,0,0,TN,CMV-eGFP-HA-T2A-fLuc,,normal
read_003121,0,0,0,0,TN,CMV-eGFP-HA-T2A-fLuc,,normal
read_003122,0,0,0,0,TN,CMV-eGFP-HA-T2A-fLuc,,normal
read_003123,0,0,0,0,TN,CMV-eGFP-HA-T2A-fLuc,,normal
read_003124,0,0,0,0,TN,CMV-eGFP-HA-T2A-fLuc,,normal
read_003125,0,0,0,0,TN,CMV-eGFP-HA-T2A-fLuc,,normal
read_003126,0,0,0,0,TN,CMV-eGFP-HA-T2A-fLuc,,normal
read_003127,0,0,0,0,TN,CMV-eGFP-HA-T2A-fLuc,,normal
read_003128,0,0,0,0,TN,CMV-eGFP-HA-T2A-fLuc,,normal
read_003129,0,0,0,0,TN,CMV-eGFP-HA-T2A-fLuc,,normal
read_003130,0,0,0,0,TN,CMV-eGFP-HA-T2A-fLuc,,normal
read_003131,0,0,0,0,TN,CMV-eGFP-HA-T2A-fLuc,,normal
read_003132,0,0,0,0,TN,CMV-eGFP-HA-T2A-fLuc,,normal
read_003133,0,0,0,0,TN,CMV-eGFP-HA-T2A-fLuc,,normal
read_003134,0,0,0,0,TN,CMV-eGFP-HA-T2A-fLuc,,normal
read_003135,0,0,0,0,TN,CMV-eGFP-HA-T2A-fLuc,,normal
read_003136,0,0,0,0,TN,CMV-eGFP-HA-T2A-fLuc,,normal
read_003137,0,0,0,0,TN,CMV-eGFP-HA-T2A-fLuc,,normal
read_003138,0,0,0,0,TN,CMV-eGFP-HA-T2A-fLuc,,normal
read_003139,0,0,0,0,TN,CMV-eGFP-HA-T2A-fLuc,,normal
read_003140,0,0,0,0,TN,CMV-eGFP-HA-T2A-fLuc,,normal
read_003141,0,0,0,0,TN,CMV-eGFP-HA-T2A-fLuc,,normal
read_003142,0,0,0,0,TN,CMV-eGFP-HA-T2A-fLuc,,normal
read_003143,0,0,0,0,TN,CMV-eGFP-HA-T2A-fLuc,,normal
read_003144,0,0,0,0,TN,CMV-eGFP-HA-T2A-fLuc,,normal
read_003145,0,0,0,0,TN,CMV-eGFP-HA-T2A-fLuc,,normal
read_003146,0,0,0,0,TN,CMV-eGFP-HA-T2A-fLuc,,normal
read_003147,0,0,0,0,TN,CMV-eGFP-HA-T2A-fLuc,,normal
read_003148,0,0,0,0,TN,CMV-eGFP-HA-T2A-fLuc,,normal
read_003149,0,0,0,0,TN,CMV-eGFP-HA-T2A-fLuc,,normal
read_003150,0,0,0,0,TN,CMV-eGFP-HA-T2A-fLuc,,normal
read_003151,0,0,0,0,TN,CMV-eGFP-HA-T2A-fLuc,,normal
read_003152,0,0,0,0,TN,CMV-eGFP-HA-T2A-fLuc,,normal
read_003153,0,0,0,0,TN,CMV-eGFP-HA-T2A-fLuc,,normal
read_003154,0,0,0,0,TN,CMV-eGFP-HA-T2A-fLuc,,normal
read_003155,0,0,0,0,TN,CMV-eGFP-HA-T2A-fLuc,,normal
read_003156,0,0,0,0,TN,CMV-eGFP-HA-T2A-fLuc,,normal
read_003157,0,0,0,0,TN,CMV-eGFP-HA-T2A-fLuc,,normal
read_003158,0,0,0,0,TN,CMV-eGFP-HA-T2A-fLuc,,normal
read_003159,0,0,0,0,TN,CMV-eGFP-HA-T2A-fLuc,,normal
read_003160,0,0,0,0,TN,CMV-eGFP-HA-T2A-fLuc,,normal
read_003161,0,0,0,0,TN,CMV-eGFP-HA-T2A-fLuc,,normal
read_003162,0,0,0,0,TN,CMV-eGFP-HA-T2A-fLuc,,normal
read_003163,0,0,0,0,TN,CMV-eGFP-HA-T2A-fLuc,,normal
read_003164,0,0,0,0,TN,CMV-eGFP-HA-T2A-fLuc,,normal
read_003165,0,0,0,0,TN,CMV-eGFP-HA-T2A-fLuc,,normal
read_003166,0,0,0,0,TN,CMV-eGFP-HA-T2A-fLuc,,normal
read_003167,0,0,0,0,TN,CMV-eGFP-HA-T2A-fLuc,,normal
read_003168,0,0,0,0,TN,CMV-eGFP-HA-T2A-fLuc,,normal
read_003169,0,0,0,0,TN,CMV-eGFP-HA-T2A-fLuc,,normal
read_003170,0,0,0,0,TN,CMV-eGFP-HA-T2A-fLuc,,normal
read_003171,0,0,0,0,TN,CMV-eGFP-HA-T2A-fLuc,,normal
read_003172,0,0,0,0,TN,CMV-eGFP-HA-T2A-fLuc,,normal
read_003173,0,0,0,0,TN,CMV-eGFP-HA-T2A-fLuc,,normal
read_003174,0,0,0,0,TN,CMV-eGFP-HA-T2A-fLuc,,normal
read_003175,0,0,0,0,TN,CMV-eGFP-HA-T2A-fLuc,,normal
read_003176,0,0,0,0,TN,CMV-eGFP-HA-T2A-fLuc,,normal
read_003177,0,0,0,0,TN,CMV-eGFP-HA-T2A-fLuc,,normal
read_003178,0,0,0,0,TN,CMV-eGFP-HA-T2A-fLuc,,normal
read_003179,0,0,0,0,TN,CMV-eGFP-HA-T2A-fLuc,,normal
read_003180,0,0,0,0,TN,CMV-eGFP-HA-T2A-fLuc,,normal
read_003181,0,0,0,0,TN,CMV-eGFP-HA-T2A-fLuc,,normal
read_003182,0,0,0,0,TN,CMV-eGFP-HA-T2A-fLuc,,normal
read_003183,0,0,0,0,TN,CMV-eGFP-HA-T2A-fLuc,,normal
read_003184,0,0,0,0,TN,CMV-eGFP-HA-T2A-fLuc,,normal
read_003185,0,0,0,0,TN,CMV-eGFP-HA-T2A-fLuc,,normal
read_003186,0,0,0,0,TN,CMV-eGFP-HA-T2A-fLuc,,normal
read_003187,0,0,0,0,TN,CMV-eGFP-HA-T2A-fLuc,,normal
read_003188,0,0,0,0,TN,CMV-eGFP-HA-T2A-fLuc,,normal
read_003189,0,0,0,0,TN,CMV-eGFP-HA-T2A-fLuc,,normal
read_003190,0,0,0,0,TN,CMV-eGFP-HA-T2A-fLuc,,normal
read_003191,0,0,0,0,TN,CMV-eGFP-HA-T2A-fLuc,,normal
read_003192,0,0,0,0,TN,CMV-eGFP-HA-T2A-fLuc,,normal
read_003193,0,0,0,0,TN,CMV-eGFP-HA-T2A-fLuc,,normal
read_003194,0,0,0,0,TN,CMV-eGFP-HA-T2A-fLuc,,normal
read_003195,0,0,0,0,TN,CMV-eGFP-HA-T2A-fLuc,,normal
read_003196,0,0,0,0,TN,CMV-eGFP-HA-T2A-fLuc,,normal
read_003197,0,0,0,0,TN,CMV-eGFP-HA-T2A-fLuc,,normal
read_003198,0,0,0,0,TN,CMV-eGFP-HA-T2A-fLuc,,normal
read_003199,0,0,0,0,TN,CMV-eGFP-HA-T2A-fLuc,,normal
read_003200,0,0,0,0,TN,CMV-eGFP-HA-T2A-fLuc,,normal
read_003201,0,0,0,0,TN,CMV-eGFP-HA-T2A-fLuc,,normal
read_003202,0,0,0,0,TN,CMV-eGFP-HA-T2A-fLuc,,normal
read_003203,0,0,0,0,TN,CMV-eGFP-HA-T2A-fLuc,,normal
read_003204,0,0,0,0,TN,CMV-eGFP-HA-T2A-fLuc,,normal
read_003205,0,0,0,0,TN,CMV-eGFP-HA-T2A-fLuc,,normal
read_003206,0,0,0,0,TN,CMV-eGFP-HA-T2A-fLuc,,normal
read_003207,0,0,0,0,TN,CMV-eGFP-HA-T2A-fLuc,,normal
read_003208,0,0,0,0,TN,CMV-eGFP-HA-T2A-fLuc,,normal
read_003209,0,0,0,0,TN,CMV-eGFP-HA-T2A-fLuc,,normal
read_003210,0,0,0,0,TN,CMV-eGFP-HA-T2A-fLuc,,normal
read_003211,0,0,0,0,TN,CMV-eGFP-HA-T2A-fLuc,,normal
read_003212,0,0,0,0,TN,CMV-eGFP-HA-T2A-fLuc,,normal
read_003213,0,0,0,0,TN,CMV-eGFP-HA-T2A-fLuc,,normal
read_003214,0,0,0,0,TN,CMV-eGFP-HA-T2A-fLuc,,normal
read_003215,0,0,0,0,TN,CMV-eGFP-HA-T2A-fLuc,,normal
read_003216,0,0,0,0,TN,CMV-eGFP-HA-T2A-fLuc,,normal
read_003217,0,0,0,0,TN,CMV-eGFP-HA-T2A-fLuc,,normal
read_003218,0,0,0,0,TN,CMV-eGFP-HA-T2A-fLuc,,normal
read_003219,0,0,0,0,TN,CMV-eGFP-HA-T2A-fLuc,,normal
read_003220,0,0,0,0,TN,CMV-eGFP-HA-T2A-fLuc,,normal
read_003221,0,0,0,0,TN,CMV-eGFP-HA-T2A-fLuc,,normal
read_003222,0,0,0,0,TN,CMV-eGFP-HA-T2A-fLuc,,normal
read_003223,0,0,0,0,TN,CMV-eGFP-HA-T2A-fLuc,,normal
read_003224,0,0,0,0,TN,CMV-eGFP-HA-T2A-fLuc,,normal
read_003225,0,0,0,0,TN,CMV-eGFP-HA-T2A-fLuc,,normal
read_003226,0,0,0,0,TN,CMV-eGFP-HA-T2A-fLuc,,normal
read_003227,0,0,0,0,TN,CMV-eGFP-HA-T2A-fLuc,,normal
read_003228,0,0,0,0,TN,CMV-eGFP-HA-T2A-fLuc,,normal
read_003229,0,0,0,0,TN,CMV-eGFP-HA-T2A-fLuc,,normal
read_003230,0,0,0,0,TN,CMV-eGFP-HA-T2A-fLuc,,normal
read_003231,0,0,0,0,TN,CMV-eGFP-HA-T2A-fLuc,,normal
read_003232,0,0,0,0,TN,CMV-eGFP-HA-T2A-fLuc,,normal
read_003233,0,0,0,0,TN,CMV-eGFP-HA-T2A-fLuc,,normal
read_003234,0,0,0,0,TN,CMV-eGFP-HA-T2A-fLuc,,normal
read_003235,0,0,0,0,TN,CMV-eGFP-HA-T2A-fLuc,,normal
read_003236,0,0,0,0,TN,CMV-eGFP-HA-T2A-fLuc,,normal
read_003237,0,0,0,0,TN,CMV-eGFP-HA-T2A-fLuc,,normal
read_003238,0,0,0,0,TN,CMV-eGFP-HA-T2A-fLuc,,normal
read_003239,0,0,0,0,TN,CMV-eGFP-HA-T2A-fLuc,,normal
read_003240,0,0,0,0,TN,CMV-eGFP-HA-T2A-fLuc,,normal
read_003241,0,0,0,0,TN,CMV-eGFP-HA-T2A-fLuc,,normal
read_003242,0,0,0,0,TN,CMV-eGFP-HA-T2A-fLuc,,normal
read_003243,0,0,0,0,TN,CMV-eGFP-HA-T2A-fLuc,,normal
read_003244,0,0,0,0,TN,CMV-eGFP-HA-T2A-fLuc,,normal
read_003245,0,0,0,0,TN,CMV-eGFP-HA-T2A-fLuc,,normal
read_003246,0,0,0,0,TN,CMV-eGFP-HA-T2A-fLuc,,normal
read_003247,0,0,0,0,TN,CMV-eGFP-HA-T2A-fLuc,,normal
read_003248,0,0,0,0,TN,CMV-eGFP-HA-T2A-fLuc,,normal
read_003249,0,0,0,0,TN,CMV-eGFP-HA-T2A-fLuc,,normal
read_003250,0,0,0,0,TN,CMV-eGFP-HA-T2A-fLuc,,normal
read_003251,0,0,0,0,TN,CMV-eGFP-HA-T2A-fLuc,,normal
read_003252,0,0,0,0,TN,CMV-eGFP-HA-T2A-fLuc,,normal
read_003253,0,0,0,0,TN,CMV-eGFP-HA-T2A-fLuc,,normal
read_003254,0,0,0,0,TN,CMV-eGFP-HA-T2A-fLuc,,normal
read_003255,0,0,0,0,TN,CMV-eGFP-HA-T2A-fLuc,,normal
read_003256,0,0,0,0,TN,CMV-eGFP-HA-T2A-fLuc,,normal
read_003257,0,0,0,0,TN,CMV-eGFP-HA-T2A-fLuc,,normal
read_003258,0,0,0,0,TN,CMV-eGFP-HA-T2A-fLuc,,normal
read_003259,0,0,0,0,TN,CMV-eGFP-HA-T2A-fLuc,,normal
read_003260,0,0,0,0,TN,CMV-eGFP-HA-T2A-fLuc,,normal
read_003261,0,0,0,0,TN,CMV-eGFP-HA-T2A-fLuc,,normal
read_003262,0,0,0,0,TN,CMV-eGFP-HA-T2A-fLuc,,normal
read_003263,0,0,0,0,TN,CMV-eGFP-HA-T2A-fLuc,,normal
read_003264,0,0,0,0,TN,CMV-eGFP-HA-T2A-fLuc,,normal
read_003265,0,0,0,0,TN,CMV-eGFP-HA-T2A-fLuc,,normal
read_003266,0,0,0,0,TN,CMV-eGFP-HA-T2A-fLuc,,normal
read_003267,0,0,0,0,TN,CMV-eGFP-HA-T2A-fLuc,,normal
read_003268,0,0,0,0,TN,CMV-eGFP-HA-T2A-fLuc,,normal
read_003269,0,0,0,0,TN,CMV-eGFP-HA-T2A-fLuc,,normal
read_003270,0,0,0,0,TN,CMV-eGFP-HA-T2A-fLuc,,normal
read_003271,0,0,0,0,TN,CMV-eGFP-HA-T2A-fLuc,,normal
read_003272,0,0,0,0,TN,CMV-eGFP-HA-T2A-fLuc,,normal
read_003273,0,0,0,0,TN,CMV-eGFP-HA-T2A-fLuc,,normal
read_003274,0,0,0,0,TN,CMV-eGFP-HA-T2A-fLuc,,normal
read_003275,0,0,0,0,TN,CMV-eGFP-HA-T2A-fLuc,,normal
read_003276,0,0,0,0,TN,CMV-eGFP-HA-T2A-fLuc,,normal
read_003277,0,0,0,0,TN,CMV-eGFP-HA-T2A-fLuc,,normal
read_003278,0,0,0,0,TN,CMV-eGFP-HA-T2A-fLuc,,normal
read_003279,0,0,0,0,TN,CMV-eGFP-HA-T2A-fLuc,,normal
read_003280,0,0,0,0,TN,CMV-eGFP-HA-T2A-fLuc,,normal
read_003281,0,0,0,0,TN,CMV-eGFP-HA-T2A-fLuc,,normal
read_003282,0,0,0,0,TN,CMV-eGFP-HA-T2A-fLuc,,normal
read_003283,0,0,0,0,TN,CMV-eGFP-HA-T2A-fLuc,,normal
read_003284,0,0,0,0,TN,CMV-eGFP-HA-T2A-fLuc,,normal
read_003285,0,0,0,0,TN,CMV-eGFP-HA-T2A-fLuc,,normal
read_003286,0,0,0,0,TN,CMV-eGFP-HA-T2A-fLuc,,normal
read_003287,0,0,0,0,TN,CMV-eGFP-HA-T2A-fLuc,,normal
read_003288,0,0,0,0,TN,CMV-eGFP-HA-T2A-fLuc,,normal
read_003289,0,0,0,0,TN,CMV-eGFP-HA-T2A-fLuc,,normal
read_003290,0,0,0,0,TN,CMV-eGFP-HA-T2A-fLuc,,normal
read_003291,0,0,0,0,TN,CMV-eGFP-HA-T2A-fLuc,,normal
read_003292,0,0,0,0,TN,CMV-eGFP-HA-T2A-fLuc,,normal
read_003293,0,0,0,0,TN,CMV-eGFP-HA-T2A-fLuc,,normal
read_003294,0,0,0,0,TN,CMV-eGFP-HA-T2A-fLuc,,normal
read_003295,0,0,0,0,TN,CMV-eGFP-HA-T2A-fLuc,,normal
read_003296,0,0,0,0,TN,CMV-eGFP-HA-T2A-fLuc,,normal
read_003297,0,0,0,0,TN,CMV-eGFP-HA-T2A-fLuc,,normal
read_003298,0,0,0,0,TN,CMV-eGFP-HA-T2A-fLuc,,normal
read_003299,0,0,0,0,TN,CMV-eGFP-HA-T2A-fLuc,,normal
read_003300,0,0,0,0,TN,CMV-eGFP-HA-T2A-fLuc,,normal
read_003301,0,0,0,0,TN,CMV-eGFP-HA-T2A-fLuc,,normal
read_003302,0,0,0,0,TN,CMV-eGFP-HA-T2A-fLuc,,normal
read_003303,0,0,0,0,TN,CMV-eGFP-HA-T2A-fLuc,,normal
read_003304,0,0,0,0,TN,CMV-eGFP-HA-T2A-fLuc,,normal
read_003305,0,0,0,0,TN,CMV-eGFP-HA-T2A-fLuc,,normal
read_003306,0,0,0,0,TN,CMV-eGFP-HA-T2A-fLuc,,normal
read_003307,0,0,0,0,TN,CMV-eGFP-HA-T2A-fLuc,,normal
read_003308,0,0,0,0,TN,CMV-eGFP-HA-T2A-fLuc,,normal
read_003309,0,0,0,0,TN,CMV-eGFP-HA-T2A-fLuc,,normal
read_003310,0,0,0,0,TN,CMV-eGFP-HA-T2A-fLuc,,normal
read_003311,0,0,0,0,TN,CMV-eGFP-HA-T2A-fLuc,,normal
read_003312,0,0,0,0,TN,CMV-eGFP-HA-T2A-fLuc,,normal
read_003313,0,0,0,0,TN,CMV-eGFP-HA-T2A-fLuc,,normal
read_003314,0,0,0,0,TN,CMV-eGFP-HA-T2A-fLuc,,normal
read_003315,0,0,0,0,TN,CMV-eGFP-HA-T2A-fLuc,,normal
read_003316,0,0,0,0,TN,CMV-eGFP-HA-T2A-fLuc,,normal
read_003317,0,0,0,0,TN,CMV-eGFP-HA-T2A-fLuc,,normal
read_003318,0,0,0,0,TN,CMV-eGFP-HA-T2A-fLuc,,normal
read_003319,0,0,0,0,TN,CMV-eGFP-HA-T2A-fLuc,,normal
read_003320,0,0,0,0,TN,CMV-eGFP-HA-T2A-fLuc,,normal
read_003321,0,0,0,0,TN,CMV-eGFP-HA-T2A-fLuc,,normal
read_003322,0,0,0,0,TN,CMV-eGFP-HA-T2A-fLuc,,normal
read_003323,0,0,0,0,TN,CMV-eGFP-HA-T2A-fLuc,,normal
read_003324,0,0,0,0,TN,CMV-eGFP-HA-T2A-fLuc,,normal
read_003325,0,0,0,0,TN,CMV-eGFP-HA-T2A-fLuc,,normal
read_003326,0,0,0,0,TN,CMV-eGFP-HA-T2A-fLuc,,normal
read_003327,0,0,0,0,TN,CMV-eGFP-HA-T2A-fLuc,,normal
read_003328,0,0,0,0,TN,CMV-eGFP-HA-T2A-fLuc,,normal
read_003329,0,0,0,0,TN,CMV-eGFP-HA-T2A-fLuc,,normal
read_003330,0,0,0,0,TN,CMV-eGFP-HA-T2A-fLuc,,normal
read_003331,0,0,0,0,TN,CMV-eGFP-HA-T2A-fLuc,,normal
read_003332,0,0,0,0,TN,CMV-eGFP-HA-T2A-fLuc,,normal
read_003333,0,0,0,0,TN,CMV-eGFP-HA-T2A-fLuc,,normal
read_003334,0,0,0,0,TN,CMV-eGFP-HA-T2A-fLuc,,normal
read_003335,0,0,0,0,TN,CMV-eGFP-HA-T2A-fLuc,,normal
read_003336,0,0,0,0,TN,CMV-eGFP-HA-T2A-fLuc,,normal
read_003337,0,0,0,0,TN,CMV-eGFP-HA-T2A-fLuc,,normal
read_003338,0,0,0,0,TN,CMV-eGFP-HA-T2A-fLuc,,normal
read_003339,0,0,0,0,TN,CMV-eGFP-HA-T2A-fLuc,,normal
read_003340,0,0,0,0,TN,CMV-eGFP-HA-T2A-fLuc,,normal
read_003341,0,0,0,0,TN,CMV-eGFP-HA-T2A-fLuc,,normal
read_003342,0,0,0,0,TN,CMV-eGFP-HA-T2A-fLuc,,normal
read_003343,0,0,0,0,TN,CMV-eGFP-HA-T2A-fLuc,,normal
read_003344,0,0,0,0,TN,CMV-eGFP-HA-T2A-fLuc,,normal
read_003345,0,0,0,0,TN,CMV-eGFP-HA-T2A-fLuc,,normal
read_003346,0,0,0,0,TN,CMV-eGFP-HA-T2A-fLuc,,normal
read_003347,0,0,0,0,TN,CMV-eGFP-HA-T2A-fLuc,,normal
read_003348,0,0,0,0,TN,CMV-eGFP-HA-T2A-fLuc,,normal
read_003349,0,0,0,0,TN,CMV-eGFP-HA-T2A-fLuc,,normal
read_003350,0,0,0,0,TN,CMV-eGFP-HA-T2A-fLuc,,normal
read_003351,0,0,0,0,TN,CMV-eGFP-HA-T2A-fLuc,,normal
read_003352,0,0,0,0,TN,CMV-eGFP-HA-T2A-fLuc,,normal
read_003353,0,0,0,0,TN,CMV-eGFP-HA-T2A-fLuc,,normal
read_003354,0,0,0,0,TN,CMV-eGFP-HA-T2A-fLuc,,normal
read_003355,0,0,0,0,TN,CMV-eGFP-HA-T2A-fLuc,,normal
read_003356,0,0,0,0,TN,CMV-eGFP-HA-T2A-fLuc,,normal
read_003357,0,0,0,0,TN,CMV-eGFP-HA-T2A-fLuc,,normal
read_003358,0,0,0,0,TN,CMV-eGFP-HA-T2A-fLuc,,normal
read_003359,0,0,0,0,TN,CMV-eGFP-HA-T2A-fLuc,,normal
read_003360,0,0,0,0,TN,CMV-eGFP-HA-T2A-fLuc,,normal
read_003361,0,0,0,0,TN,CMV-eGFP-HA-T2A-fLuc,,normal
read_003362,0,0,0,0,TN,CMV-eGFP-HA-T2A-fLuc,,normal
read_003363,0,0,0,0,TN,CMV-eGFP-HA-T2A-fLuc,,normal
read_003364,0,0,0,0,TN,CMV-eGFP-HA-T2A-fLuc,,normal
read_003365,0,0,0,0,TN,CMV-eGFP-HA-T2A-fLuc,,normal
read_003366,0,0,0,0,TN,CMV-eGFP-HA-T2A-fLuc,,normal
read_003367,0,0,0,0,TN,CMV-eGFP-HA-T2A-fLuc,,normal
read_003368,0,0,0,0,TN,CMV-eGFP-HA-T2A-fLuc,,normal
read_003369,0,0,0,0,TN,CMV-eGFP-HA-T2A-fLuc,,normal
read_003370,0,0,0,0,TN,CMV-eGFP-HA-T2A-fLuc,,normal
read_003371,0,0,0,0,TN,CMV-eGFP-HA-T2A-fLuc,,normal
read_003372,0,0,0,0,TN,CMV-eGFP-HA-T2A-fLuc,,normal
read_003373,0,0,0,0,TN,CMV-eGFP-HA-T2A-fLuc,,normal
read_003374,0,0,0,0,TN,CMV-eGFP-HA-T2A-fLuc,,normal
read_003375,0,0,0,0,TN,CMV-eGFP-HA-T2A-fLuc,,normal
read_003376,0,0,0,0,TN,CMV-eGFP-HA-T2A-fLuc,,normal
read_003377,0,0,0,0,TN,CMV-eGFP-HA-T2A-fLuc,,normal
read_003378,0,0,0,0,TN,CMV-eGFP-HA-T2A-fLuc,,normal
read_003379,0,0,0,0,TN,CMV-eGFP-HA-T2A-fLuc,,normal
read_003380,0,0,0,0,TN,CMV-eGFP-HA-T2A-fLuc,,normal
read_003381,0,0,0,0,TN,CMV-eGFP-HA-T2A-fLuc,,normal
read_003382,0,0,0,0,TN,CMV-eGFP-HA-T2A-fLuc,,normal
read_003383,0,0,0,0,TN,CMV-eGFP-HA-T2A-fLuc,,normal
read_003384,0,0,0,0,TN,CMV-eGFP-HA-T2A-fLuc,,normal
read_003385,0,0,0,0,TN,CMV-eGFP-HA-T2A-fLuc,,normal
read_003386,0,0,0,0,TN,CMV-eGFP-HA-T2A-fLuc,,normal
read_003387,0,0,0,0,TN,CMV-eGFP-HA-T2A-fLuc,,normal
read_003388,0,0,0,0,TN,CMV-eGFP-HA-T2A-fLuc,,normal
read_003389,0,0,0,0,TN,CMV-eGFP-HA-T2A-fLuc,,normal
read_003390,0,0,0,0,TN,CMV-eGFP-HA-T2A-fLuc,,normal
read_003391,0,0,0,0,TN,CMV-eGFP-HA-T2A-fLuc,,normal
read_003392,0,0,0,0,TN,CMV-eGFP-HA-T2A-fLuc,,normal
read_003393,0,0,0,0,TN,CMV-eGFP-HA-T2A-fLuc,,normal
read_003394,0,0,0,0,TN,CMV-eGFP-HA-T2A-fLuc,,normal
read_003395,0,0,0,0,TN,CMV-eGFP-HA-T2A-fLuc,,normal
read_003396,0,0,0,0,TN,CMV-eGFP-HA-T2A-fLuc,,normal
read_003397,0,0,0,0,TN,CMV-eGFP-HA-T2A-fLuc,,normal
read_003398,0,0,0,0,TN,CMV-eGFP-HA-T2A-fLuc,,normal
read_003399,0,0,0,0,TN,CMV-eGFP-HA-T2A-fLuc,,normal
read_003400,0,0,0,0,TN,CMV-eGFP-HA-T2A-fLuc,,normal
read_003401,0,0,0,0,TN,CMV-eGFP-HA-T2A-fLuc,,normal
read_003402,0,0,0,0,TN,CMV-eGFP-HA-T2A-fLuc,,normal
read_003403,0,0,0,0,TN,CMV-eGFP-HA-T2A-fLuc,,normal
read_003404,0,0,0,0,TN,CMV-eGFP-HA-T2A-fLuc,,normal
read_003405,0,0,0,0,TN,CMV-eGFP-HA-T2A-fLuc,,normal
read_003406,0,0,0,0,TN,CMV-eGFP-HA-T2A-fLuc,,normal
read_003407,0,0,0,0,TN,CMV-eGFP-HA-T2A-fLuc,,normal
read_003408,0,0,0,0,TN,CMV-eGFP-HA-T2A-fLuc,,normal
read_003409,0,0,0,0,TN,CMV-eGFP-HA-T2A-fLuc,,normal
read_003410,0,0,0,0,TN,CMV-eGFP-HA-T2A-fLuc,,normal
read_003411,0,0,0,0,TN,CMV-eGFP-HA-T2A-fLuc,,normal
read_003412,0,0,0,0,TN,CMV-eGFP-HA-T2A-fLuc,,normal
read_003413,0,0,0,0,TN,CMV-eGFP-HA-T2A-fLuc,,normal
read_003414,0,0,0,0,TN,CMV-eGFP-HA-T2A-fLuc,,normal
read_003415,0,0,0,0,TN,CMV-eGFP-HA-T2A-fLuc,,normal
read_003416,0,0,0,0,TN,CMV-eGFP-HA-T2A-fLuc,,normal
read_003417,0,0,0,0,TN,CMV-eGFP-HA-T2A-fLuc,,normal
read_003418,0,0,0,0,TN,CMV-eGFP-HA-T2A-fLuc,,normal
read_003419,0,0,0,0,TN,CMV-eGFP-HA-T2A-fLuc,,normal
read_003420,0,0,0,0,TN,CMV-eGFP-HA-T2A-fLuc,,normal
read_003421,0,0,0,0,TN,CMV-eGFP-HA-T2A-fLuc,,normal
read_003422,0,0,0,0,TN,CMV-eGFP-HA-T2A-fLuc,,normal
read_003423,0,0,0,0,TN,CMV-eGFP-HA-T2A-fLuc,,normal
read_003424,0,0,0,0,TN,CMV-eGFP-HA-T2A-fLuc,,normal
read_003425,0,0,0,0,TN,CMV-eGFP-HA-T2A-fLuc,,normal
read_003426,0,0,0,0,TN,CMV-eGFP-HA-T2A-fLuc,,normal
read_003427,0,0,0,0,TN,CMV-eGFP-HA-T2A-fLuc,,normal
read_003428,0,0,0,0,TN,CMV-eGFP-HA-T2A-fLuc,,normal
read_003429,0,0,0,0,TN,CMV-eGFP-HA-T2A-fLuc,,normal
read_003430,0,0,0,0,TN,CMV-eGFP-HA-T2A-fLuc,,normal
read_003431,0,0,0,0,TN,CMV-eGFP-HA-T2A-fLuc,,normal
read_003432,0,0,0,0,TN,CMV-eGFP-HA-T2A-fLuc,,normal
read_003433,0,0,0,0,TN,CMV-eGFP-HA-T2A-fLuc,,normal
read_003434,0,0,0,0,TN,CMV-eGFP-HA-T2A-fLuc,,normal
read_003435,0,0,0,0,TN,CMV-eGFP-HA-T2A-fLuc,,normal
read_003436,0,0,0,0,TN,CMV-eGFP-HA-T2A-fLuc,,normal
read_003437,0,0,0,0,TN,CMV-eGFP-HA-T2A-fLuc,,normal
read_003438,0,0,0,0,TN,CMV-eGFP-HA-T2A-fLuc,,normal
read_003439,0,0,0,0,TN,CMV-eGFP-HA-T2A-fLuc,,normal
read_003440,0,0,0,0,TN,CMV-eGFP-HA-T2A-fLuc,,normal
read_003441,0,0,0,0,TN,CMV-eGFP-HA-T2A-fLuc,,normal
read_003442,0,0,0,0,TN,CMV-eGFP-HA-T2A-fLuc,,normal
read_003443,0,0,0,0,TN,CMV-eGFP-HA-T2A-fLuc,,normal
read_003444,0,0,0,0,TN,CMV-eGFP-HA-T2A-fLuc,,normal
read_003445,0,0,0,0,TN,CMV-eGFP-HA-T2A-fLuc,,normal
read_003446,0,0,0,0,TN,CMV-eGFP-HA-T2A-fLuc,,normal
read_003447,0,0,0,0,TN,CMV-eGFP-HA-T2A-fLuc,,normal
read_003448,0,0,0,0,TN,CMV-eGFP-HA-T2A-fLuc,,normal
read_003449,0,0,0,0,TN,CMV-eGFP-HA-T2A-fLuc,,normal
read_003450,0,0,0,0,TN,CMV-eGFP-HA-T2A-fLuc,,normal
read_003451,0,0,0,0,TN,CMV-eGFP-HA-T2A-fLuc,,normal
read_003452,0,0,0,0,TN,CMV-eGFP-HA-T2A-fLuc,,normal
read_003453,0,0,0,0,TN,CMV-eGFP-HA-T2A-fLuc,,normal
read_003454,0,0,0,0,TN,CMV-eGFP-HA-T2A-fLuc,,normal
read_003455,0,0,0,0,TN,CMV-eGFP-HA-T2A-fLuc,,normal
read_003456,0,0,0,0,TN,CMV-eGFP-HA-T2A-fLuc,,normal
read_003457,0,0,0,0,TN,CMV-eGFP-HA-T2A-fLuc,,normal
read_003458,0,0,0,0,TN,CMV-eGFP-HA-T2A-fLuc,,normal
read_003459,0,0,0,0,TN,CMV-eGFP-HA-T2A-fLuc,,normal
read_003460,0,0,0,0,TN,CMV-eGFP-HA-T2A-fLuc,,normal
read_003461,0,0,0,0,TN,CMV-eGFP-HA-T2A-fLuc,,normal
read_003462,0,0,0,0,TN,CMV-eGFP-HA-T2A-fLuc,,normal
read_003463,0,0,0,0,TN,CMV-eGFP-HA-T2A-fLuc,,normal
read_003464,0,0,0,0,TN,CMV-eGFP-HA-T2A-fLuc,,normal
read_003465,0,0,0,0,TN,CMV-eGFP-HA-T2A-fLuc,,normal
read_003466,0,0,0,0,TN,CMV-eGFP-HA-T2A-fLuc,,normal
read_003467,0,0,0,0,TN,CMV-eGFP-HA-T2A-fLuc,,normal
read_003468,0,0,0,0,TN,CMV-eGFP-HA-T2A-fLuc,,normal
read_003469,0,0,0,0,TN,CMV-eGFP-HA-T2A-fLuc,,normal
read_003470,0,0,0,0,TN,CMV-eGFP-HA-T2A-fLuc,,normal
read_003471,0,0,0,0,TN,CMV-eGFP-HA-T2A-fLuc,,normal
read_003472,0,0,0,0,TN,CMV-eGFP-HA-T2A-fLuc,,normal
read_003473,0,0,0,0,TN,CMV-eGFP-HA-T2A-fLuc,,normal
read_003474,0,0,0,0,TN,CMV-eGFP-HA-T2A-fLuc,,normal
read_003475,0,0,0,0,TN,CMV-eGFP-HA-T2A-fLuc,,normal
read_003476,0,0,0,0,TN,CMV-eGFP-HA-T2A-fLuc,,normal
read_003477,0,0,0,0,TN,CMV-eGFP-HA-T2A-fLuc,,normal
read_003478,0,0,0,0,TN,CMV-eGFP-HA-T2A-fLuc,,normal
read_003479,0,0,0,0,TN,CMV-eGFP-HA-T2A-fLuc,,normal
read_003480,0,0,0,0,TN,CMV-eGFP-HA-T2A-fLuc,,normal
read_003481,0,0,0,0,TN,CMV-eGFP-HA-T2A-fLuc,,normal
read_003482,0,0,0,0,TN,CMV-eGFP-HA-T2A-fLuc,,normal
read_003483,0,0,0,0,TN,CMV-eGFP-HA-T2A-fLuc,,normal
read_003484,0,0,0,0,TN,CMV-eGFP-HA-T2A-fLuc,,normal
read_003485,0,0,0,0,TN,CMV-eGFP-HA-T2A-fLuc,,normal
read_003486,0,0,0,0,TN,CMV-eGFP-HA-T2A-fLuc,,normal
read_003487,0,0,0,0,TN,CMV-eGFP-HA-T2A-fLuc,,normal
read_003488,0,0,0,0,TN,CMV-eGFP-HA-T2A-fLuc,,normal
read_003489,0,0,0,0,TN,CMV-eGFP-HA-T2A-fLuc,,normal
read_003490,0,0,0,0,TN,CMV-eGFP-HA-T2A-fLuc,,normal
read_003491,0,0,0,0,TN,CMV-eGFP-HA-T2A-fLuc,,normal
read_003492,0,0,0,0,TN,CMV-eGFP-HA-T2A-fLuc,,normal
read_003493,0,0,0,0,TN,CMV-eGFP-HA-T2A-fLuc,,normal
read_003494,0,0,0,0,TN,CMV-eGFP-HA-T2A-fLuc,,normal
read_003495,0,0,0,0,TN,CMV-eGFP-HA-T2A-fLuc,,normal
read_003496,0,0,0,0,TN,CMV-eGFP-HA-T2A-fLuc,,normal
read_003497,0,0,0,0,TN,CMV-eGFP-HA-T2A-fLuc,,normal
read_003498,0,0,0,0,TN,CMV-eGFP-HA-T2A-fLuc,,normal
read_003499,0,0,0,0,TN,CMV-eGFP-HA-T2A-fLuc,,normal
read_003500,0,0,0,0,TN,CMV-eGFP-HA-T2A-fLuc,,normal
read_003501,0,0,0,0,TN,CMV-eGFP-HA-T2A-fLuc,,normal
read_003502,0,0,0,0,TN,CMV-eGFP-HA-T2A-fLuc,,normal
read_003503,0,0,0,0,TN,CMV-eGFP-HA-T2A-fLuc,,normal
read_003504,0,0,0,0,TN,CMV-eGFP-HA-T2A-fLuc,,normal
read_003505,0,0,0,0,TN,CMV-eGFP-HA-T2A-fLuc,,normal
read_003506,0,0,0,0,TN,CMV-eGFP-HA-T2A-fLuc,,normal
read_003507,0,0,0,0,TN,CMV-eGFP-HA-T2A-fLuc,,normal
read_003508,0,0,0,0,TN,CMV-eGFP-HA-T2A-fLuc,,normal
read_003509,0,0,0,0,TN,CMV-eGFP-HA-T2A-fLuc,,normal
read_003510,0,0,0,0,TN,CMV-eGFP-HA-T2A-fLuc,,normal
read_003511,0,0,0,0,TN,CMV-eGFP-HA-T2A-fLuc,,normal
read_003512,0,0,0,0,TN,CMV-eGFP-HA-T2A-fLuc,,normal
read_003513,0,0,0,0,TN,CMV-eGFP-HA-T2A-fLuc,,normal
read_003514,0,0,0,0,TN,CMV-eGFP-HA-T2A-fLuc,,normal
read_003515,0,0,0,0,TN,CMV-eGFP-HA-T2A-fLuc,,normal
read_003516,0,0,0,0,TN,CMV-eGFP-HA-T2A-fLuc,,normal
read_003517,0,0,0,0,TN,CMV-eGFP-HA-T2A-fLuc,,normal
read_003518,0,0,0,0,TN,CMV-eGFP-HA-T2A-fLuc,,normal
read_003519,0,0,0,0,TN,CMV-eGFP-HA-T2A-fLuc,,normal
read_003520,0,0,0,0,TN,CMV-eGFP-HA-T2A-fLuc,,normal
read_003521,0,0,0,0,TN,CMV-eGFP-HA-T2A-fLuc,,normal
read_003522,0,0,0,0,TN,CMV-eGFP-HA-T2A-fLuc,,normal
read_003523,0,0,0,0,TN,CMV-eGFP-HA-T2A-fLuc,,normal
read_003524,0,0,0,0,TN,CMV-eGFP-HA-T2A-fLuc,,normal
read_003525,0,0,0,0,TN,CMV-eGFP-HA-T2A-fLuc,,normal
read_003526,0,0,0,0,TN,CMV-eGFP-HA-T2A-fLuc,,normal
read_003527,0,0,0,0,TN,CMV-eGFP-HA-T2A-fLuc,,normal
read_003528,0,0,0,0,TN,CMV-eGFP-HA-T2A-fLuc,,normal
read_003529,0,0,0,0,TN,CMV-eGFP-HA-T2A-fLuc,,normal
read_003530,0,0,0,0,TN,CMV-eGFP-HA-T2A-fLuc,,normal
read_003531,0,0,0,0,TN,CMV-eGFP-HA-T2A-fLuc,,normal
read_003532,0,0,0,0,TN,CMV-eGFP-HA-T2A-fLuc,,normal
read_003533,0,0,0,0,TN,CMV-eGFP-HA-T2A-fLuc,,normal
read_003534,0,0,0,0,TN,CMV-eGFP-HA-T2A-fLuc,,normal
read_003535,0,0,0,0,TN,CMV-eGFP-HA-T2A-fLuc,,normal
read_003536,0,0,0,0,TN,CMV-eGFP-HA-T2A-fLuc,,normal
read_003537,0,0,0,0,TN,CMV-eGFP-HA-T2A-fLuc,,normal
read_003538,0,0,0,0,TN,CMV-eGFP-HA-T2A-fLuc,,normal
read_003539,0,0,0,0,TN,CMV-eGFP-HA-T2A-fLuc,,normal
read_003540,0,0,0,0,TN,CMV-eGFP-HA-T2A-fLuc,,normal
read_003541,0,0,0,0,TN,CMV-eGFP-HA-T2A-fLuc,,normal
read_003542,0,0,0,0,TN,CMV-eGFP-HA-T2A-fLuc,,normal
read_003543,0,0,0,0,TN,CMV-eGFP-HA-T2A-fLuc,,normal
read_003544,0,0,0,0,TN,CMV-eGFP-HA-T2A-fLuc,,normal
read_003545,0,0,0,0,TN,CMV-eGFP-HA-T2A-fLuc,,normal
read_003546,0,0,0,0,TN,CMV-eGFP-HA-T2A-fLuc,,normal
read_003547,0,0,0,0,TN,CMV-eGFP-HA-T2A-fLuc,,normal
read_003548,0,0,0,0,TN,CMV-eGFP-HA-T2A-fLuc,,normal
read_003549,0,0,0,0,TN,CMV-eGFP-HA-T2A-fLuc,,normal
read_003550,0,0,0,0,TN,CMV-eGFP-HA-T2A-fLuc,,normal
read_003551,0,0,0,0,TN,CMV-eGFP-HA-T2A-fLuc,,normal
read_003552,0,0,0,0,TN,CMV-eGFP-HA-T2A-fLuc,,normal
read_003553,0,0,0,0,TN,CMV-eGFP-HA-T2A-fLuc,,normal
read_003554,0,0,0,0,TN,CMV-eGFP-HA-T2A-fLuc,,normal
read_003555,0,0,0,0,TN,CMV-eGFP-HA-T2A-fLuc,,normal
read_003556,0,0,0,0,TN,CMV-eGFP-HA-T2A-fLuc,,normal
read_003557,0,0,0,0,TN,CMV-eGFP-HA-T2A-fLuc,,normal
read_003558,0,0,0,0,TN,CMV-eGFP-HA-T2A-fLuc,,normal
read_003559,0,0,0,0,TN,CMV-eGFP-HA-T2A-fLuc,,normal
read_003560,0,0,0,0,TN,CMV-eGFP-HA-T2A-fLuc,,normal
read_003561,0,0,0,0,TN,CMV-eGFP-HA-T2A-fLuc,,normal
read_003562,0,0,0,0,TN,CMV-eGFP-HA-T2A-fLuc,,normal
read_003563,0,0,0,0,TN,CMV-eGFP-HA-T2A-fLuc,,normal
read_003564,0,0,0,0,TN,CMV-eGFP-HA-T2A-fLuc,,normal
read_003565,0,0,0,0,TN,CMV-eGFP-HA-T2A-fLuc,,normal
read_003566,0,0,0,0,TN,CMV-eGFP-HA-T2A-fLuc,,normal
read_003567,0,0,0,0,TN,CMV-eGFP-HA-T2A-fLuc,,normal
read_003568,0,0,0,0,TN,CMV-eGFP-HA-T2A-fLuc,,normal
read_003569,0,0,0,0,TN,CMV-eGFP-HA-T2A-fLuc,,normal
read_003570,0,0,0,0,TN,CMV-eGFP-HA-T2A-fLuc,,normal
read_003571,0,0,0,0,TN,CMV-eGFP-HA-T2A-fLuc,,normal
read_003572,0,0,0,0,TN,CMV-eGFP-HA-T2A-fLuc,,normal
read_003573,0,0,0,0,TN,CMV-eGFP-HA-T2A-fLuc,,normal
read_003574,0,0,0,0,TN,CMV-eGFP-HA-T2A-fLuc,,normal
read_003575,0,0,0,0,TN,CMV-eGFP-HA-T2A-fLuc,,normal
read_003576,0,0,0,0,TN,CMV-eGFP-HA-T2A-fLuc,,normal
read_003577,0,0,0,0,TN,CMV-eGFP-HA-T2A-fLuc,,normal
read_003578,0,0,0,0,TN,CMV-eGFP-HA-T2A-fLuc,,normal
read_003579,0,0,0,0,TN,CMV-eGFP-HA-T2A-fLuc,,normal
read_003580,0,0,0,0,TN,CMV-eGFP-HA-T2A-fLuc,,normal
read_003581,0,0,0,0,TN,CMV-eGFP-HA-T2A-fLuc,,normal
read_003582,0,0,0,0,TN,CMV-eGFP-HA-T2A-fLuc,,normal
read_003583,0,0,0,0,TN,CMV-eGFP-HA-T2A-fLuc,,normal
read_003584,0,0,0,0,TN,CMV-eGFP-HA-T2A-fLuc,,normal
read_003585,0,0,0,0,TN,CMV-eGFP-HA-T2A-fLuc,,normal
read_003586,0,0,0,0,TN,CMV-eGFP-HA-T2A-fLuc,,normal
read_003587,0,0,0,0,TN,CMV-eGFP-HA-T2A-fLuc,,normal
read_003588,0,0,0,0,TN,CMV-eGFP-HA-T2A-fLuc,,normal
read_003589,0,0,0,0,TN,CMV-eGFP-HA-T2A-fLuc,,normal
read_003590,0,0,0,0,TN,CMV-eGFP-HA-T2A-fLuc,,normal
read_003591,0,0,0,0,TN,CMV-eGFP-HA-T2A-fLuc,,normal
read_003592,0,0,0,0,TN,CMV-eGFP-HA-T2A-fLuc,,normal
read_003593,0,0,0,0,TN,CMV-eGFP-HA-T2A-fLuc,,normal
read_003594,0,0,0,0,TN,CMV-eGFP-HA-T2A-fLuc,,normal
read_003595,0,0,0,0,TN,CMV-eGFP-HA-T2A-fLuc,,normal
read_003596,0,0,0,0,TN,CMV-eGFP-HA-T2A-fLuc,,normal
read_003597,0,0,0,0,TN,CMV-eGFP-HA-T2A-fLuc,,normal
read_003598,0,0,0,0,TN,CMV-eGFP-HA-T2A-fLuc,,normal
read_003599,0,0,0,0,TN,CMV-eGFP-HA-T2A-fLuc,,normal
read_003600,0,0,0,0,TN,CMV-eGFP-HA-T2A-fLuc,,normal
read_003601,0,0,0,0,TN,CMV-eGFP-HA-T2A-fLuc,,normal
read_003602,0,0,0,0,TN,CMV-eGFP-HA-T2A-fLuc,,normal
read_003603,0,0,0,0,TN,CMV-eGFP-HA-T2A-fLuc,,normal
read_003604,0,0,0,0,TN,CMV-eGFP-HA-T2A-fLuc,,normal
read_003605,0,0,0,0,TN,CMV-eGFP-HA-T2A-fLuc,,normal
read_003606,0,0,0,0,TN,CMV-eGFP-HA-T2A-fLuc,,normal
read_003607,0,0,0,0,TN,CMV-eGFP-HA-T2A-fLuc,,normal
read_003608,0,0,0,0,TN,CMV-eGFP-HA-T2A-fLuc,,normal
read_003609,0,0,0,0,TN,CMV-eGFP-HA-T2A-fLuc,,normal
read_003610,0,0,0,0,TN,CMV-eGFP-HA-T2A-fLuc,,normal
read_003611,0,0,0,0,TN,CMV-eGFP-HA-T2A-fLuc,,normal
read_003612,0,0,0,0,TN,CMV-eGFP-HA-T2A-fLuc,,normal
read_003613,0,0,0,0,TN,CMV-eGFP-HA-T2A-fLuc,,normal
read_003614,0,0,0,0,TN,CMV-eGFP-HA-T2A-fLuc,,normal
read_003615,0,0,0,0,TN,CMV-eGFP-HA-T2A-fLuc,,normal
read_003616,0,0,0,0,TN,CMV-eGFP-HA-T2A-fLuc,,normal
read_003617,0,0,0,0,TN,CMV-eGFP-HA-T2A-fLuc,,normal
read_003618,0,0,0,0,TN,CMV-eGFP-HA-T2A-fLuc,,normal
read_003619,0,0,0,0,TN,CMV-eGFP-HA-T2A-fLuc,,normal
read_003620,0,0,0,0,TN,CMV-eGFP-HA-T2A-fLuc,,normal
read_003621,0,0,0,0,TN,CMV-eGFP-HA-T2A-fLuc,,normal
read_003622,0,0,0,0,TN,CMV-eGFP-HA-T2A-fLuc,,normal
read_003623,0,0,0,0,TN,CMV-eGFP-HA-T2A-fLuc,,normal
read_003624,0,0,0,0,TN,CMV-eGFP-HA-T2A-fLuc,,normal
read_003625,0,0,0,0,TN,CMV-eGFP-HA-T2A-fLuc,,normal
read_003626,0,0,0,0,TN,CMV-eGFP-HA-T2A-fLuc,,normal
read_003627,0,0,0,0,TN,CMV-eGFP-HA-T2A-fLuc,,normal
read_003628,0,0,0,0,TN,CMV-eGFP-HA-T2A-fLuc,,normal
read_003629,0,0,0,0,TN,CMV-eGFP-HA-T2A-fLuc,,normal
read_003630,0,0,0,0,TN,CMV-eGFP-HA-T2A-fLuc,,normal
read_003631,0,0,0,0,TN,CMV-eGFP-HA-T2A-fLuc,,normal
read_003632,0,0,0,0,TN,CMV-eGFP-HA-T2A-fLuc,,normal
read_003633,0,0,0,0,TN,CMV-eGFP-HA-T2A-fLuc,,normal
read_003634,0,0,0,0,TN,CMV-eGFP-HA-T2A-fLuc,,normal
read_003635,0,0,0,0,TN,CMV-eGFP-HA-T2A-fLuc,,normal
read_003636,0,0,0,0,TN,CMV-eGFP-HA-T2A-fLuc,,normal
read_003637,0,0,0,0,TN,CMV-eGFP-HA-T2A-fLuc,,normal
read_003638,0,0,0,0,TN,CMV-eGFP-HA-T2A-fLuc,,normal
read_003639,0,0,0,0,TN,CMV-eGFP-HA-T2A-fLuc,,normal
read_003640,0,0,0,0,TN,CMV-eGFP-HA-T2A-fLuc,,normal
read_003641,0,0,0,0,TN,CMV-eGFP-HA-T2A-fLuc,,normal
read_003642,0,0,0,0,TN,CMV-eGFP-HA-T2A-fLuc,,normal
read_003643,0,0,0,0,TN,CMV-eGFP-HA-T2A-fLuc,,normal
read_003644,0,0,0,0,TN,CMV-eGFP-HA-T2A-fLuc,,normal
read_003645,0,0,0,0,TN,CMV-eGFP-HA-T2A-fLuc,,normal
read_003646,0,0,0,0,TN,CMV-eGFP-HA-T2A-fLuc,,normal
read_003647,0,0,0,0,TN,CMV-eGFP-HA-T2A-fLuc,,normal
read_003648,0,0,0,0,TN,CMV-eGFP-HA-T2A-fLuc,,normal
read_003649,0,0,0,0,TN,CMV-eGFP-HA-T2A-fLuc,,normal
read_003650,0,0,0,0,TN,CMV-eGFP-HA-T2A-fLuc,,normal
read_003651,0,0,0,0,TN,CMV-eGFP-HA-T2A-fLuc,,normal
read_003652,0,0,0,0,TN,CMV-eGFP-HA-T2A-fLuc,,normal
read_003653,0,0,0,0,TN,CMV-eGFP-HA-T2A-fLuc,,normal
read_003654,0,0,0,0,TN,CMV-eGFP-HA-T2A-fLuc,,normal
read_003655,0,0,0,0,TN,CMV-eGFP-HA-T2A-fLuc,,normal
read_003656,0,0,0,0,TN,CMV-eGFP-HA-T2A-fLuc,,normal
read_003657,0,0,0,0,TN,CMV-eGFP-HA-T2A-fLuc,,normal
read_003658,0,0,0,0,TN,CMV-eGFP-HA-T2A-fLuc,,normal
read_003659,0,0,0,0,TN,CMV-eGFP-HA-T2A-fLuc,,normal
read_003660,0,0,0,0,TN,CMV-eGFP-HA-T2A-fLuc,,normal
read_003661,0,0,0,0,TN,CMV-eGFP-HA-T2A-fLuc,,normal
read_003662,0,0,0,0,TN,CMV-eGFP-HA-T2A-fLuc,,normal
read_003663,0,0,0,0,TN,CMV-eGFP-HA-T2A-fLuc,,normal
read_003664,0,0,0,0,TN,CMV-eGFP-HA-T2A-fLuc,,normal
read_003665,0,0,0,0,TN,CMV-eGFP-HA-T2A-fLuc,,normal
read_003666,0,0,0,0,TN,CMV-eGFP-HA-T2A-fLuc,,normal
read_003667,0,0,0,0,TN,CMV-eGFP-HA-T2A-fLuc,,normal
read_003668,0,0,0,0,TN,CMV-eGFP-HA-T2A-fLuc,,normal
read_003669,0,0,0,0,TN,CMV-eGFP-HA-T2A-fLuc,,normal
read_003670,0,0,0,0,TN,CMV-eGFP-HA-T2A-fLuc,,normal
read_003671,0,0,0,0,TN,CMV-eGFP-HA-T2A-fLuc,,normal
read_003672,0,0,0,0,TN,CMV-eGFP-HA-T2A-fLuc,,normal
read_003673,0,0,0,0,TN,CMV-eGFP-HA-T2A-fLuc,,normal
read_003674,0,0,0,0,TN,CMV-eGFP-HA-T2A-fLuc,,normal
read_003675,0,0,0,0,TN,CMV-eGFP-HA-T2A-fLuc,,normal
read_003676,0,0,0,0,TN,CMV-eGFP-HA-T2A-fLuc,,normal
read_003677,0,0,0,0,TN,CMV-eGFP-HA-T2A-fLuc,,normal
read_003678,0,0,0,0,TN,CMV-eGFP-HA-T2A-fLuc,,normal
read_003679,0,0,0,0,TN,CMV-eGFP-HA-T2A-fLuc,,normal
read_003680,0,0,0,0,TN,CMV-eGFP-HA-T2A-fLuc,,normal
read_003681,0,0,0,0,TN,CMV-eGFP-HA-T2A-fLuc,,normal
read_003682,0,0,0,0,TN,CMV-eGFP-HA-T2A-fLuc,,normal
read_003683,0,0,0,0,TN,CMV-eGFP-HA-T2A-fLuc,,normal
read_003684,0,0,0,0,TN,CMV-eGFP-HA-T2A-fLuc,,normal
read_003685,0,0,0,0,TN,CMV-eGFP-HA-T2A-fLuc,,normal
read_003686,0,0,0,0,TN,CMV-eGFP-HA-T2A-fLuc,,normal
read_003687,0,0,0,0,TN,CMV-eGFP-HA-T2A-fLuc,,normal
read_003688,0,0,0,0,TN,CMV-eGFP-HA-T2A-fLuc,,normal
read_003689,0,0,0,0,TN,CMV-eGFP-HA-T2A-fLuc,,normal
read_003690,0,0,0,0,TN,CMV-eGFP-HA-T2A-fLuc,,normal
read_003691,0,0,0,0,TN,CMV-eGFP-HA-T2A-fLuc,,normal
read_003692,0,0,0,0,TN,CMV-eGFP-HA-T2A-fLuc,,normal
read_003693,0,0,0,0,TN,CMV-eGFP-HA-T2A-fLuc,,normal
read_003694,0,0,0,0,TN,CMV-eGFP-HA-T2A-fLuc,,normal
read_003695,0,0,0,0,TN,CMV-eGFP-HA-T2A-fLuc,,normal
read_003696,0,0,0,0,TN,CMV-eGFP-HA-T2A-fLuc,,normal
read_003697,0,0,0,0,TN,CMV-eGFP-HA-T2A-fLuc,,normal
read_003698,0,0,0,0,TN,CMV-eGFP-HA-T2A-fLuc,,normal
read_003699,0,0,0,0,TN,CMV-eGFP-HA-T2A-fLuc,,normal
read_003700,0,0,0,0,TN,CMV-eGFP-HA-T2A-fLuc,,normal
read_003701,0,0,0,0,TN,CMV-eGFP-HA-T2A-fLuc,,normal
read_003702,0,0,0,0,TN,CMV-eGFP-HA-T2A-fLuc,,normal
read_003703,0,0,0,0,TN,CMV-eGFP-HA-T2A-fLuc,,normal
read_003704,0,0,0,0,TN,CMV-eGFP-HA-T2A-fLuc,,normal
read_003705,0,0,0,0,TN,CMV-eGFP-HA-T2A-fLuc,,normal
read_003706,0,0,0,0,TN,CMV-eGFP-HA-T2A-fLuc,,normal
read_003707,0,0,0,0,TN,CMV-eGFP-HA-T2A-fLuc,,normal
read_003708,0,0,0,0,TN,CMV-eGFP-HA-T2A-fLuc,,normal
read_003709,0,0,0,0,TN,CMV-eGFP-HA-T2A-fLuc,,normal
read_003710,0,0,0,0,TN,CMV-eGFP-HA-T2A-fLuc,,normal
read_003711,0,0,0,0,TN,CMV-eGFP-HA-T2A-fLuc,,normal
read_003712,0,0,0,0,TN,CMV-eGFP-HA-T2A-fLuc,,normal
read_003713,0,0,0,0,TN,CMV-eGFP-HA-T2A-fLuc,,normal
read_003714,0,0,0,0,TN,CMV-eGFP-HA-T2A-fLuc,,normal
read_003715,0,0,0,0,TN,CMV-eGFP-HA-T2A-fLuc,,normal
read_003716,0,0,0,0,TN,CMV-eGFP-HA-T2A-fLuc,,normal
read_003717,0,0,0,0,TN,CMV-eGFP-HA-T2A-fLuc,,normal
read_003718,0,0,0,0,TN,CMV-eGFP-HA-T2A-fLuc,,normal
read_003719,0,0,0,0,TN,CMV-eGFP-HA-T2A-fLuc,,normal
read_003720,0,0,0,0,TN,CMV-eGFP-HA-T2A-fLuc,,normal
read_003721,0,0,0,0,TN,CMV-eGFP-HA-T2A-fLuc,,normal
read_003722,0,0,0,0,TN,CMV-eGFP-HA-T2A-fLuc,,normal
read_003723,0,0,0,0,TN,CMV-eGFP-HA-T2A-fLuc,,normal
read_003724,0,0,0,0,TN,CMV-eGFP-HA-T2A-fLuc,,normal
read_003725,0,0,0,0,TN,CMV-eGFP-HA-T2A-fLuc,,normal
read_003726,0,0,0,0,TN,CMV-eGFP-HA-T2A-fLuc,,normal
read_003727,0,0,0,0,TN,CMV-eGFP-HA-T2A-fLuc,,normal
read_003728,0,0,0,0,TN,CMV-eGFP-HA-T2A-fLuc,,normal
read_003729,0,0,0,0,TN,CMV-eGFP-HA-T2A-fLuc,,normal
read_003730,0,0,0,0,TN,CMV-eGFP-HA-T2A-fLuc,,normal
read_003731,0,0,0,0,TN,CMV-eGFP-HA-T2A-fLuc,,normal
read_003732,0,0,0,0,TN,CMV-eGFP-HA-T2A-fLuc,,normal
read_003733,0,0,0,0,TN,CMV-eGFP-HA-T2A-fLuc,,normal
read_003734,0,0,0,0,TN,CMV-eGFP-HA-T2A-fLuc,,normal
read_003735,0,0,0,0,TN,CMV-eGFP-HA-T2A-fLuc,,normal
read_003736,0,0,0,0,TN,CMV-eGFP-HA-T2A-fLuc,,normal
read_003737,0,0,0,0,TN,CMV-eGFP-HA-T2A-fLuc,,normal
read_003738,0,0,0,0,TN,CMV-eGFP-HA-T2A-fLuc,,normal
read_003739,0,0,0,0,TN,CMV-eGFP-HA-T2A-fLuc,,normal
read_003740,0,0,0,0,TN,CMV-eGFP-HA-T2A-fLuc,,normal
read_003741,0,0,0,0,TN,CMV-eGFP-HA-T2A-fLuc,,normal
read_003742,0,0,0,0,TN,CMV-eGFP-HA-T2A-fLuc,,normal
read_003743,0,0,0,0,TN,CMV-eGFP-HA-T2A-fLuc,,normal
read_003744,0,0,0,0,TN,CMV-eGFP-HA-T2A-fLuc,,normal
read_003745,0,0,0,0,TN,CMV-eGFP-HA-T2A-fLuc,,normal
read_003746,0,0,0,0,TN,CMV-eGFP-HA-T2A-fLuc,,normal
read_003747,0,0,0,0,TN,CMV-eGFP-HA-T2A-fLuc,,normal
read_003748,0,0,0,0,TN,CMV-eGFP-HA-T2A-fLuc,,normal
read_003749,0,0,0,0,TN,CMV-eGFP-HA-T2A-fLuc,,normal
read_003750,0,0,0,0,TN,CMV-eGFP-HA-T2A-fLuc,,normal
read_003751,0,0,0,0,TN,CMV-eGFP-HA-T2A-fLuc,,normal
read_003752,0,0,0,0,TN,CMV-eGFP-HA-T2A-fLuc,,normal
read_003753,0,0,0,0,TN,CMV-eGFP-HA-T2A-fLuc,,normal
read_003754,0,0,0,0,TN,CMV-eGFP-HA-T2A-fLuc,,normal
read_003755,0,0,0,0,TN,CMV-eGFP-HA-T2A-fLuc,,normal
read_003756,0,0,0,0,TN,CMV-eGFP-HA-T2A-fLuc,,normal
read_003757,0,0,0,0,TN,CMV-eGFP-HA-T2A-fLuc,,normal
read_003758,0,0,0,0,TN,CMV-eGFP-HA-T2A-fLuc,,normal
read_003759,0,0,0,0,TN,CMV-eGFP-HA-T2A-fLuc,,normal
read_003760,0,0,0,0,TN,CMV-eGFP-HA-T2A-fLuc,,normal
read_003761,0,0,0,0,TN,CMV-eGFP-HA-T2A-fLuc,,normal
read_003762,0,0,0,0,TN,CMV-eGFP-HA-T2A-fLuc,,normal
read_003763,0,0,0,0,TN,CMV-eGFP-HA-T2A-fLuc,,normal
read_003764,0,0,0,0,TN,CMV-eGFP-HA-T2A-fLuc,,normal
read_003765,0,0,0,0,TN,CMV-eGFP-HA-T2A-fLuc,,normal
read_003766,0,0,0,0,TN,CMV-eGFP-HA-T2A-fLuc,,normal
read_003767,0,0,0,0,TN,CMV-eGFP-HA-T2A-fLuc,,normal
read_003768,0,0,0,0,TN,CMV-eGFP-HA-T2A-fLuc,,normal
read_003769,0,0,0,0,TN,CMV-eGFP-HA-T2A-fLuc,,normal
read_003770,0,0,0,0,TN,CMV-eGFP-HA-T2A-fLuc,,normal
read_003771,0,0,0,0,TN,CMV-eGFP-HA-T2A-fLuc,,normal
read_003772,0,0,0,0,TN,CMV-eGFP-HA-T2A-fLuc,,normal
read_003773,0,0,0,0,TN,CMV-eGFP-HA-T2A-fLuc,,normal
read_003774,0,0,0,0,TN,CMV-eGFP-HA-T2A-fLuc,,normal
read_003775,0,0,0,0,TN,CMV-eGFP-HA-T2A-fLuc,,normal
read_003776,0,0,0,0,TN,CMV-eGFP-HA-T2A-fLuc,,normal
read_003777,0,0,0,0,TN,CMV-eGFP-HA-T2A-fLuc,,normal
read_003778,0,0,0,0,TN,CMV-eGFP-HA-T2A-fLuc,,normal
read_003779,0,0,0,0,TN,CMV-eGFP-HA-T2A-fLuc,,normal
read_003780,0,0,0,0,TN,CMV-eGFP-HA-T2A-fLuc,,normal
read_003781,0,0,0,0,TN,CMV-eGFP-HA-T2A-fLuc,,normal
read_003782,0,0,0,0,TN,CMV-eGFP-HA-T2A-fLuc,,normal
read_003783,0,0,0,0,TN,CMV-eGFP-HA-T2A-fLuc,,normal
read_003784,0,0,0,0,TN,CMV-eGFP-HA-T2A-fLuc,,normal
read_003785,0,0,0,0,TN,CMV-eGFP-HA-T2A-fLuc,,normal
read_003786,0,0,0,0,TN,CMV-eGFP-HA-T2A-fLuc,,normal
read_003787,0,0,0,0,TN,CMV-eGFP-HA-T2A-fLuc,,normal
read_003788,0,0,0,0,TN,CMV-eGFP-HA-T2A-fLuc,,normal
read_003789,0,0,0,0,TN,CMV-eGFP-HA-T2A-fLuc,,normal
read_003790,0,0,0,0,TN,CMV-eGFP-HA-T2A-fLuc,,normal
read_003791,0,0,0,0,TN,CMV-eGFP-HA-T2A-fLuc,,normal
read_003792,0,0,0,0,TN,CMV-eGFP-HA-T2A-fLuc,,normal
read_003793,0,0,0,0,TN,CMV-eGFP-HA-T2A-fLuc,,normal
read_003794,0,0,0,0,TN,CMV-eGFP-HA-T2A-fLuc,,normal
read_003795,0,0,0,0,TN,CMV-eGFP-HA-T2A-fLuc,,normal
read_003796,0,0,0,0,TN,CMV-eGFP-HA-T2A-fLuc,,normal
read_003797,0,0,0,0,TN,CMV-eGFP-HA-T2A-fLuc,,normal
read_003798,0,0,0,0,TN,CMV-eGFP-HA-T2A-fLuc,,normal
read_003799,0,0,0,0,TN,CMV-eGFP-HA-T2A-fLuc,,normal
read_003800,0,0,0,0,TN,CMV-eGFP-HA-T2A-fLuc,,normal
read_003801,0,0,0,0,TN,CMV-eGFP-HA-T2A-fLuc,,normal
read_003802,0,0,0,0,TN,CMV-eGFP-HA-T2A-fLuc,,normal
read_003803,0,0,0,0,TN,CMV-eGFP-HA-T2A-fLuc,,normal
read_003804,0,0,0,0,TN,CMV-eGFP-HA-T2A-fLuc,,normal
read_003805,0,0,0,0,TN,CMV-eGFP-HA-T2A-fLuc,,normal
read_003806,0,0,0,0,TN,CMV-eGFP-HA-T2A-fLuc,,normal
read_003807,0,0,0,0,TN,CMV-eGFP-HA-T2A-fLuc,,normal
read_003808,0,0,0,0,TN,CMV-eGFP-HA-T2A-fLuc,,normal
read_003809,0,0,0,0,TN,CMV-eGFP-HA-T2A-fLuc,,normal
read_003810,0,0,0,0,TN,CMV-eGFP-HA-T2A-fLuc,,normal
read_003811,0,0,0,0,TN,CMV-eGFP-HA-T2A-fLuc,,normal
read_003812,0,0,0,0,TN,CMV-eGFP-HA-T2A-fLuc,,normal
read_003813,0,0,0,0,TN,CMV-eGFP-HA-T2A-fLuc,,normal
read_003814,0,0,0,0,TN,CMV-eGFP-HA-T2A-fLuc,,normal
read_003815,0,0,0,0,TN,CMV-eGFP-HA-T2A-fLuc,,normal
read_003816,0,0,0,0,TN,CMV-eGFP-HA-T2A-fLuc,,normal
read_003817,0,0,0,0,TN,CMV-eGFP-HA-T2A-fLuc,,normal
read_003818,0,0,0,0,TN,CMV-eGFP-HA-T2A-fLuc,,normal
read_003819,0,0,0,0,TN,CMV-eGFP-HA-T2A-fLuc,,normal
read_003820,0,0,0,0,TN,CMV-eGFP-HA-T2A-fLuc,,normal
read_003821,0,0,0,0,TN,CMV-eGFP-HA-T2A-fLuc,,normal
read_003822,0,0,0,0,TN,CMV-eGFP-HA-T2A-fLuc,,normal
read_003823,0,0,0,0,TN,CMV-eGFP-HA-T2A-fLuc,,normal
read_003824,0,0,0,0,TN,CMV-eGFP-HA-T2A-fLuc,,normal
read_003825,0,0,0,0,TN,CMV-eGFP-HA-T2A-fLuc,,normal
read_003826,0,0,0,0,TN,CMV-eGFP-HA-T2A-fLuc,,normal
read_003827,0,0,0,0,TN,CMV-eGFP-HA-T2A-fLuc,,normal
read_003828,0,0,0,0,TN,CMV-eGFP-HA-T2A-fLuc,,normal
read_003829,0,0,0,0,TN,CMV-eGFP-HA-T2A-fLuc,,normal
read_003830,0,0,0,0,TN,CMV-eGFP-HA-T2A-fLuc,,normal
read_003831,0,0,0,0,TN,CMV-eGFP-HA-T2A-fLuc,,normal
read_003832,0,0,0,0,TN,CMV-eGFP-HA-T2A-fLuc,,normal
read_003833,0,0,0,0,TN,CMV-eGFP-HA-T2A-fLuc,,normal
read_003834,0,0,0,0,TN,CMV-eGFP-HA-T2A-fLuc,,normal
read_003835,0,0,0,0,TN,CMV-eGFP-HA-T2A-fLuc,,normal
read_003836,0,0,0,0,TN,CMV-eGFP-HA-T2A-fLuc,,normal
read_003837,0,0,0,0,TN,CMV-eGFP-HA-T2A-fLuc,,normal
read_003838,0,0,0,0,TN,CMV-eGFP-HA-T2A-fLuc,,normal
read_003839,0,0,0,0,TN,CMV-eGFP-HA-T2A-fLuc,,normal
read_003840,0,0,0,0,TN,CMV-eGFP-HA-T2A-fLuc,,normal
read_003841,0,0,0,0,TN,CMV-eGFP-HA-T2A-fLuc,,normal
read_003842,0,0,0,0,TN,CMV-eGFP-HA-T2A-fLuc,,normal
read_003843,0,0,0,0,TN,CMV-eGFP-HA-T2A-fLuc,,normal
read_003844,0,0,0,0,TN,CMV-eGFP-HA-T2A-fLuc,,normal
read_003845,0,0,0,0,TN,CMV-eGFP-HA-T2A-fLuc,,normal
read_003846,0,0,0,0,TN,CMV-eGFP-HA-T2A-fLuc,,normal
read_003847,0,0,0,0,TN,CMV-eGFP-HA-T2A-fLuc,,normal
read_003848,0,0,0,0,TN,CMV-eGFP-HA-T2A-fLuc,,normal
read_003849,0,0,0,0,TN,CMV-eGFP-HA-T2A-fLuc,,normal
read_003850,0,0,0,0,TN,CMV-eGFP-HA-T2A-fLuc,,normal
read_003851,0,0,0,0,TN,CMV-eGFP-HA-T2A-fLuc,,normal
read_003852,0,0,0,0,TN,CMV-eGFP-HA-T2A-fLuc,,normal
read_003853,0,0,0,0,TN,CMV-eGFP-HA-T2A-fLuc,,normal
read_003854,0,0,0,0,TN,CMV-eGFP-HA-T2A-fLuc,,normal
read_003855,0,0,0,0,TN,CMV-eGFP-HA-T2A-fLuc,,normal
read_003856,0,0,0,0,TN,CMV-eGFP-HA-T2A-fLuc,,normal
read_003857,0,0,0,0,TN,CMV-eGFP-HA-T2A-fLuc,,normal
read_003858,0,0,0,0,TN,CMV-eGFP-HA-T2A-fLuc,,normal
read_003859,0,0,0,0,TN,CMV-eGFP-HA-T2A-fLuc,,normal
read_003860,0,0,0,0,TN,CMV-eGFP-HA-T2A-fLuc,,normal
read_003861,0,0,0,0,TN,CMV-eGFP-HA-T2A-fLuc,,normal
read_003862,0,0,0,0,TN,CMV-eGFP-HA-T2A-fLuc,,normal
read_003863,0,0,0,0,TN,CMV-eGFP-HA-T2A-fLuc,,normal
read_003864,0,0,0,0,TN,CMV-eGFP-HA-T2A-fLuc,,normal
read_003865,0,0,0,0,TN,CMV-eGFP-HA-T2A-fLuc,,normal
read_003866,0,0,0,0,TN,CMV-eGFP-HA-T2A-fLuc,,normal
read_003867,0,0,0,0,TN,CMV-eGFP-HA-T2A-fLuc,,normal
read_003868,0,0,0,0,TN,CMV-eGFP-HA-T2A-fLuc,,normal
read_003869,0,0,0,0,TN,CMV-eGFP-HA-T2A-fLuc,,normal
read_003870,0,0,0,0,TN,CMV-eGFP-HA-T2A-fLuc,,normal
read_003871,0,0,0,0,TN,CMV-eGFP-HA-T2A-fLuc,,normal
read_003872,0,0,0,0,TN,CMV-eGFP-HA-T2A-fLuc,,normal
read_003873,0,0,0,0,TN,CMV-eGFP-HA-T2A-fLuc,,normal
read_003874,0,0,0,0,TN,CMV-eGFP-HA-T2A-fLuc,,normal
read_003875,0,0,0,0,TN,CMV-eGFP-HA-T2A-fLuc,,normal
read_003876,0,0,0,0,TN,CMV-eGFP-HA-T2A-fLuc,,normal
read_003877,0,0,0,0,TN,CMV-eGFP-HA-T2A-fLuc,,normal
read_003878,0,0,0,0,TN,CMV-eGFP-HA-T2A-fLuc,,normal
read_003879,0,0,0,0,TN,CMV-eGFP-HA-T2A-fLuc,,normal
read_003880,0,0,0,0,TN,CMV-eGFP-HA-T2A-fLuc,,normal
read_003881,0,0,0,0,TN,CMV-eGFP-HA-T2A-fLuc,,normal
read_003882,0,0,0,0,TN,CMV-eGFP-HA-T2A-fLuc,,normal
read_003883,0,0,0,0,TN,CMV-eGFP-HA-T2A-fLuc,,normal
read_003884,0,0,0,0,TN,CMV-eGFP-HA-T2A-fLuc,,normal
read_003885,0,0,0,0,TN,CMV-eGFP-HA-T2A-fLuc,,normal
read_003886,0,0,0,0,TN,CMV-eGFP-HA-T2A-fLuc,,normal
read_003887,0,0,0,0,TN,CMV-eGFP-HA-T2A-fLuc,,normal
read_003888,0,0,0,0,TN,CMV-eGFP-HA-T2A-fLuc,,normal
read_003889,0,0,0,0,TN,CMV-eGFP-HA-T2A-fLuc,,normal
read_003890,0,0,0,0,TN,CMV-eGFP-HA-T2A-fLuc,,normal
read_003891,0,0,0,0,TN,CMV-eGFP-HA-T2A-fLuc,,normal
read_003892,0,0,0,0,TN,CMV-eGFP-HA-T2A-fLuc,,normal
read_003893,0,0,0,0,TN,CMV-eGFP-HA-T2A-fLuc,,normal
read_003894,0,0,0,0,TN,CMV-eGFP-HA-T2A-fLuc,,normal
read_003895,0,0,0,0,TN,CMV-eGFP-HA-T2A-fLuc,,normal
read_003896,0,0,0,0,TN,CMV-eGFP-HA-T2A-fLuc,,normal
read_003897,0,0,0,0,TN,CMV-eGFP-HA-T2A-fLuc,,normal
read_003898,0,0,0,0,TN,CMV-eGFP-HA-T2A-fLuc,,normal
read_003899,0,0,0,0,TN,CMV-eGFP-HA-T2A-fLuc,,normal
read_003900,0,0,0,0,TN,CMV-eGFP-HA-T2A-fLuc,,normal
read_003901,0,0,0,0,TN,CMV-eGFP-HA-T2A-fLuc,,normal
read_003902,0,0,0,0,TN,CMV-eGFP-HA-T2A-fLuc,,normal
read_003903,0,0,0,0,TN,CMV-eGFP-HA-T2A-fLuc,,normal
read_003904,0,0,0,0,TN,CMV-eGFP-HA-T2A-fLuc,,normal
read_003905,0,0,0,0,TN,CMV-eGFP-HA-T2A-fLuc,,normal
read_003906,0,0,0,0,TN,CMV-eGFP-HA-T2A-fLuc,,normal
read_003907,0,0,0,0,TN,CMV-eGFP-HA-T2A-fLuc,,normal
read_003908,0,0,0,0,TN,CMV-eGFP-HA-T2A-fLuc,,normal
read_003909,0,0,0,0,TN,CMV-eGFP-HA-T2A-fLuc,,normal
read_003910,0,0,0,0,TN,CMV-eGFP-HA-T2A-fLuc,,normal
read_003911,0,0,0,0,TN,CMV-eGFP-HA-T2A-fLuc,,normal
read_003912,0,0,0,0,TN,CMV-eGFP-HA-T2A-fLuc,,normal
read_003913,0,0,0,0,TN,CMV-eGFP-HA-T2A-fLuc,,normal
read_003914,0,0,0,0,TN,CMV-eGFP-HA-T2A-fLuc,,normal
read_003915,0,0,0,0,TN,CMV-eGFP-HA-T2A-fLuc,,normal
read_003916,0,0,0,0,TN,CMV-eGFP-HA-T2A-fLuc,,normal
read_003917,0,0,0,0,TN,CMV-eGFP-HA-T2A-fLuc,,normal
read_003918,0,0,0,0,TN,CMV-eGFP-HA-T2A-fLuc,,normal
read_003919,0,0,0,0,TN,CMV-eGFP-HA-T2A-fLuc,,normal
read_003920,0,0,0,0,TN,CMV-eGFP-HA-T2A-fLuc,,normal
read_003921,0,0,0,0,TN,CMV-eGFP-HA-T2A-fLuc,,normal
read_003922,0,0,0,0,TN,CMV-eGFP-HA-T2A-fLuc,,normal
read_003923,0,0,0,0,TN,CMV-eGFP-HA-T2A-fLuc,,normal
read_003924,0,0,0,0,TN,CMV-eGFP-HA-T2A-fLuc,,normal
read_003925,0,0,0,0,TN,CMV-eGFP-HA-T2A-fLuc,,normal
read_003926,0,0,0,0,TN,CMV-eGFP-HA-T2A-fLuc,,normal
read_003927,0,0,0,0,TN,CMV-eGFP-HA-T2A-fLuc,,normal
read_003928,0,0,0,0,TN,CMV-eGFP-HA-T2A-fLuc,,normal
read_003929,0,0,0,0,TN,CMV-eGFP-HA-T2A-fLuc,,normal
read_003930,0,0,0,0,TN,CMV-eGFP-HA-T2A-fLuc,,normal
read_003931,0,0,0,0,TN,CMV-eGFP-HA-T2A-fLuc,,normal
read_003932,0,0,0,0,TN,CMV-eGFP-HA-T2A-fLuc,,normal
read_003933,0,0,0,0,TN,CMV-eGFP-HA-T2A-fLuc,,normal
read_003934,0,0,0,0,TN,CMV-eGFP-HA-T2A-fLuc,,normal
read_003935,0,0,0,0,TN,CMV-eGFP-HA-T2A-fLuc,,normal
read_003936,0,0,0,0,TN,CMV-eGFP-HA-T2A-fLuc,,normal
read_003937,0,0,0,0,TN,CMV-eGFP-HA-T2A-fLuc,,normal
read_003938,0,0,0,0,TN,CMV-eGFP-HA-T2A-fLuc,,normal
read_003939,0,0,0,0,TN,CMV-eGFP-HA-T2A-fLuc,,normal
read_003940,0,0,0,0,TN,CMV-eGFP-HA-T2A-fLuc,,normal
read_003941,0,0,0,0,TN,CMV-eGFP-HA-T2A-fLuc,,normal
read_003942,0,0,0,0,TN,CMV-eGFP-HA-T2A-fLuc,,normal
read_003943,0,0,0,0,TN,CMV-eGFP-HA-T2A-fLuc,,normal
read_003944,0,0,0,0,TN,CMV-eGFP-HA-T2A-fLuc,,normal
read_003945,0,0,0,0,TN,CMV-eGFP-HA-T2A-fLuc,,normal
read_003946,0,0,0,0,TN,CMV-eGFP-HA-T2A-fLuc,,normal
read_003947,0,0,0,0,TN,CMV-eGFP-HA-T2A-fLuc,,normal
read_003948,0,0,0,0,TN,CMV-eGFP-HA-T2A-fLuc,,normal
read_003949,0,0,0,0,TN,CMV-eGFP-HA-T2A-fLuc,,normal
read_003950,0,0,0,0,TN,CMV-eGFP-HA-T2A-fLuc,,normal
read_003951,0,0,0,0,TN,CMV-eGFP-HA-T2A-fLuc,,normal
read_003952,0,0,0,0,TN,CMV-eGFP-HA-T2A-fLuc,,normal
read_003953,0,0,0,0,TN,CMV-eGFP-HA-T2A-fLuc,,normal
read_003954,0,0,0,0,TN,CMV-eGFP-HA-T2A-fLuc,,normal
read_003955,0,0,0,0,TN,CMV-eGFP-HA-T2A-fLuc,,normal
read_003956,0,0,0,0,TN,CMV-eGFP-HA-T2A-fLuc,,normal
read_003957,0,0,0,0,TN,CMV-eGFP-HA-T2A-fLuc,,normal
read_003958,0,0,0,0,TN,CMV-eGFP-HA-T2A-fLuc,,normal
read_003959,0,0,0,0,TN,CMV-eGFP-HA-T2A-fLuc,,normal
read_003960,0,0,0,0,TN,CMV-eGFP-HA-T2A-fLuc,,normal
read_003961,0,0,0,0,TN,CMV-eGFP-HA-T2A-fLuc,,normal
read_003962,0,0,0,0,TN,CMV-eGFP-HA-T2A-fLuc,,normal
read_003963,0,0,0,0,TN,CMV-eGFP-HA-T2A-fLuc,,normal
read_003964,0,0,0,0,TN,CMV-eGFP-HA-T2A-fLuc,,normal
read_003965,0,0,0,0,TN,CMV-eGFP-HA-T2A-fLuc,,normal
read_003966,0,0,0,0,TN,CMV-eGFP-HA-T2A-fLuc,,normal
read_003967,0,0,0,0,TN,CMV-eGFP-HA-T2A-fLuc,,normal
read_003968,0,0,0,0,TN,CMV-eGFP-HA-T2A-fLuc,,normal
read_003969,0,0,0,0,TN,CMV-eGFP-HA-T2A-fLuc,,normal
read_003970,0,0,0,0,TN,CMV-eGFP-HA-T2A-fLuc,,normal
read_003971,0,0,0,0,TN,CMV-eGFP-HA-T2A-fLuc,,normal
read_003972,0,0,0,0,TN,CMV-eGFP-HA-T2A-fLuc,,normal
read_003973,0,0,0,0,TN,CMV-eGFP-HA-T2A-fLuc,,normal
read_003974,0,0,0,0,TN,CMV-eGFP-HA-T2A-fLuc,,normal
read_003975,0,0,0,0,TN,CMV-eGFP-HA-T2A-fLuc,,normal
read_003976,0,0,0,0,TN,CMV-eGFP-HA-T2A-fLuc,,normal
read_003977,0,0,0,0,TN,CMV-eGFP-HA-T2A-fLuc,,normal
read_003978,0,0,0,0,TN,CMV-eGFP-HA-T2A-fLuc,,normal
read_003979,0,0,0,0,TN,CMV-eGFP-HA-T2A-fLuc,,normal
read_003980,0,0,0,0,TN,CMV-eGFP-HA-T2A-fLuc,,normal
read_003981,0,0,0,0,TN,CMV-eGFP-HA-T2A-fLuc,,normal
read_003982,0,0,0,0,TN,CMV-eGFP-HA-T2A-fLuc,,normal
read_003983,0,0,0,0,TN,CMV-eGFP-HA-T2A-fLuc,,normal
read_003984,0,0,0,0,TN,CMV-eGFP-HA-T2A-fLuc,,normal
read_003985,0,0,0,0,TN,CMV-eGFP-HA-T2A-fLuc,,normal
read_003986,0,0,0,0,TN,CMV-eGFP-HA-T2A-fLuc,,normal
read_003987,0,0,0,0,TN,CMV-eGFP-HA-T2A-fLuc,,normal
read_003988,0,0,0,0,TN,CMV-eGFP-HA-T2A-fLuc,,normal
read_003989,0,0,0,0,TN,CMV-eGFP-HA-T2A-fLuc,,normal
read_003990,0,0,0,0,TN,CMV-eGFP-HA-T2A-fLuc,,normal
read_003991,0,0,0,0,TN,CMV-eGFP-HA-T2A-fLuc,,normal
read_003992,0,0,0,0,TN,CMV-eGFP-HA-T2A-fLuc,,normal
read_003993,0,0,0,0,TN,CMV-eGFP-HA-T2A-fLuc,,normal
read_003994,0,0,0,0,TN,CMV-eGFP-HA-T2A-fLuc,,normal
read_003995,0,0,0,0,TN,CMV-eGFP-HA-T2A-fLuc,,normal
read_003996,0,0,0,0,TN,CMV-eGFP-HA-T2A-fLuc,,normal
read_003997,0,0,0,0,TN,CMV-eGFP-HA-T2A-fLuc,,normal
read_003998,0,0,0,0,TN,CMV-eGFP-HA-T2A-fLuc,,normal
read_003999,0,0,0,0,TN,CMV-eGFP-HA-T2A-fLuc,,normal
read_004000,0,0,0,0,TN,CMV-eGFP-HA-T2A-fLuc,,normal
read_004001,0,0,0,0,TN,CMV-eGFP-HA-T2A-fLuc,,normal
read_004002,0,0,0,0,TN,CMV-eGFP-HA-T2A-fLuc,,normal
read_004003,0,0,0,0,TN,CMV-eGFP-HA-T2A-fLuc,,normal
read_004004,0,0,0,0,TN,CMV-eGFP-HA-T2A-fLuc,,normal
read_004005,0,0,0,0,TN,CMV-eGFP-HA-T2A-fLuc,,normal
read_004006,0,0,0,0,TN,CMV-eGFP-HA-T2A-fLuc,,normal
read_004007,0,0,0,0,TN,CMV-eGFP-HA-T2A-fLuc,,normal
read_004008,0,0,0,0,TN,CMV-eGFP-HA-T2A-fLuc,,normal
read_004009,0,0,0,0,TN,CMV-eGFP-HA-T2A-fLuc,,normal
read_004010,0,0,0,0,TN,CMV-eGFP-HA-T2A-fLuc,,normal
read_004011,0,0,0,0,TN,CMV-eGFP-HA-T2A-fLuc,,normal
read_004012,0,0,0,0,TN,CMV-eGFP-HA-T2A-fLuc,,normal
read_004013,0,0,0,0,TN,CMV-eGFP-HA-T2A-fLuc,,normal
read_004014,0,0,0,0,TN,CMV-eGFP-HA-T2A-fLuc,,normal
read_004015,0,0,0,0,TN,CMV-eGFP-HA-T2A-fLuc,,normal
read_004016,0,0,0,0,TN,CMV-eGFP-HA-T2A-fLuc,,normal
read_004017,0,0,0,0,TN,CMV-eGFP-HA-T2A-fLuc,,normal
read_004018,0,0,0,0,TN,CMV-eGFP-HA-T2A-fLuc,,normal
read_004019,0,0,0,0,TN,CMV-eGFP-HA-T2A-fLuc,,normal
read_004020,0,0,0,0,TN,CMV-eGFP-HA-T2A-fLuc,,normal
read_004021,0,0,0,0,TN,CMV-eGFP-HA-T2A-fLuc,,normal
read_004022,0,0,0,0,TN,CMV-eGFP-HA-T2A-fLuc,,normal
read_004023,0,0,0,0,TN,CMV-eGFP-HA-T2A-fLuc,,normal
read_004024,0,0,0,0,TN,CMV-eGFP-HA-T2A-fLuc,,normal
read_004025,0,0,0,0,TN,CMV-eGFP-HA-T2A-fLuc,,normal
read_004026,0,0,0,0,TN,CMV-eGFP-HA-T2A-fLuc,,normal
read_004027,0,0,0,0,TN,CMV-eGFP-HA-T2A-fLuc,,normal
read_004028,0,0,0,0,TN,CMV-eGFP-HA-T2A-fLuc,,normal
read_004029,0,0,0,0,TN,CMV-eGFP-HA-T2A-fLuc,,normal
read_004030,0,0,0,0,TN,CMV-eGFP-HA-T2A-fLuc,,normal
read_004031,0,0,0,0,TN,CMV-eGFP-HA-T2A-fLuc,,normal
read_004032,0,0,0,0,TN,CMV-eGFP-HA-T2A-fLuc,,normal
read_004033,0,0,0,0,TN,CMV-eGFP-HA-T2A-fLuc,,normal
read_004034,0,0,0,0,TN,CMV-eGFP-HA-T2A-fLuc,,normal
read_004035,0,0,0,0,TN,CMV-eGFP-HA-T2A-fLuc,,normal
read_004036,0,0,0,0,TN,CMV-eGFP-HA-T2A-fLuc,,normal
read_004037,0,0,0,0,TN,CMV-eGFP-HA-T2A-fLuc,,normal
read_004038,0,0,0,0,TN,CMV-eGFP-HA-T2A-fLuc,,normal
read_004039,0,0,0,0,TN,CMV-eGFP-HA-T2A-fLuc,,normal
read_004040,0,0,0,0,TN,CMV-eGFP-HA-T2A-fLuc,,normal
read_004041,0,0,0,0,TN,CMV-eGFP-HA-T2A-fLuc,,normal
read_004042,0,0,0,0,TN,CMV-eGFP-HA-T2A-fLuc,,normal
read_004043,0,0,0,0,TN,CMV-eGFP-HA-T2A-fLuc,,normal
read_004044,0,0,0,0,TN,CMV-eGFP-HA-T2A-fLuc,,normal
read_004045,0,0,0,0,TN,CMV-eGFP-HA-T2A-fLuc,,normal
read_004046,0,0,0,0,TN,CMV-eGFP-HA-T2A-fLuc,,normal
read_004047,0,0,0,0,TN,CMV-eGFP-HA-T2A-fLuc,,normal
read_004048,0,0,0,0,TN,CMV-eGFP-HA-T2A-fLuc,,normal
read_004049,0,0,0,0,TN,CMV-eGFP-HA-T2A-fLuc,,normal
read_004050,0,0,0,0,TN,CMV-eGFP-HA-T2A-fLuc,,normal
read_004051,0,0,0,0,TN,CMV-eGFP-HA-T2A-fLuc,,normal
read_004052,0,0,0,0,TN,CMV-eGFP-HA-T2A-fLuc,,normal
read_004053,0,0,0,0,TN,CMV-eGFP-HA-T2A-fLuc,,normal
read_004054,0,0,0,0,TN,CMV-eGFP-HA-T2A-fLuc,,normal
read_004055,0,0,0,0,TN,CMV-eGFP-HA-T2A-fLuc,,normal
read_004056,0,0,0,0,TN,CMV-eGFP-HA-T2A-fLuc,,normal
read_004057,0,0,0,0,TN,CMV-eGFP-HA-T2A-fLuc,,normal
read_004058,0,0,0,0,TN,CMV-eGFP-HA-T2A-fLuc,,normal
read_004059,0,0,0,0,TN,CMV-eGFP-HA-T2A-fLuc,,normal
read_004060,0,0,0,0,TN,CMV-eGFP-HA-T2A-fLuc,,normal
read_004061,0,0,0,0,TN,CMV-eGFP-HA-T2A-fLuc,,normal
read_004062,0,0,0,0,TN,CMV-eGFP-HA-T2A-fLuc,,normal
read_004063,0,0,0,0,TN,CMV-eGFP-HA-T2A-fLuc,,normal
read_004064,0,0,0,0,TN,CMV-eGFP-HA-T2A-fLuc,,normal
read_004065,0,0,0,0,TN,CMV-eGFP-HA-T2A-fLuc,,normal
read_004066,0,0,0,0,TN,CMV-eGFP-HA-T2A-fLuc,,normal
read_004067,0,0,0,0,TN,CMV-eGFP-HA-T2A-fLuc,,normal
read_004068,0,0,0,0,TN,CMV-eGFP-HA-T2A-fLuc,,normal
read_004069,0,0,0,0,TN,CMV-eGFP-HA-T2A-fLuc,,normal
read_004070,0,0,0,0,TN,CMV-eGFP-HA-T2A-fLuc,,normal
read_004071,0,0,0,0,TN,CMV-eGFP-HA-T2A-fLuc,,normal
read_004072,0,0,0,0,TN,CMV-eGFP-HA-T2A-fLuc,,normal
read_004073,0,0,0,0,TN,CMV-eGFP-HA-T2A-fLuc,,normal
read_004074,0,0,0,0,TN,CMV-eGFP-HA-T2A-fLuc,,normal
read_004075,0,0,0,0,TN,CMV-eGFP-HA-T2A-fLuc,,normal
read_004076,0,0,0,0,TN,CMV-eGFP-HA-T2A-fLuc,,normal
read_004077,0,0,0,0,TN,CMV-eGFP-HA-T2A-fLuc,,normal
read_004078,0,0,0,0,TN,CMV-eGFP-HA-T2A-fLuc,,normal
read_004079,0,0,0,0,TN,CMV-eGFP-HA-T2A-fLuc,,normal
read_004080,0,0,0,0,TN,CMV-eGFP-HA-T2A-fLuc,,normal
read_004081,0,0,0,0,TN,CMV-eGFP-HA-T2A-fLuc,,normal
read_004082,0,0,0,0,TN,CMV-eGFP-HA-T2A-fLuc,,normal
read_004083,0,0,0,0,TN,CMV-eGFP-HA-T2A-fLuc,,normal
read_004084,0,0,0,0,TN,CMV-eGFP-HA-T2A-fLuc,,normal
read_004085,0,0,0,0,TN,CMV-eGFP-HA-T2A-fLuc,,normal
read_004086,0,0,0,0,TN,CMV-eGFP-HA-T2A-fLuc,,normal
read_004087,0,0,0,0,TN,CMV-eGFP-HA-T2A-fLuc,,normal
read_004088,0,0,0,0,TN,CMV-eGFP-HA-T2A-fLuc,,normal
read_004089,0,0,0,0,TN,CMV-eGFP-HA-T2A-fLuc,,normal
read_004090,0,0,0,0,TN,CMV-eGFP-HA-T2A-fLuc,,normal
read_004091,0,0,0,0,TN,CMV-eGFP-HA-T2A-fLuc,,normal
read_004092,0,0,0,0,TN,CMV-eGFP-HA-T2A-fLuc,,normal
read_004093,0,0,0,0,TN,CMV-eGFP-HA-T2A-fLuc,,normal
read_004094,0,0,0,0,TN,CMV-eGFP-HA-T2A-fLuc,,normal
read_004095,0,0,0,0,TN,CMV-eGFP-HA-T2A-fLuc,,normal
read_004096,0,0,0,0,TN,CMV-eGFP-HA-T2A-fLuc,,normal
read_004097,0,0,0,0,TN,CMV-eGFP-HA-T2A-fLuc,,normal
read_004098,0,0,0,0,TN,CMV-eGFP-HA-T2A-fLuc,,normal
read_004099,0,0,0,0,TN,CMV-eGFP-HA-T2A-fLuc,,normal
read_004100,0,0,0,0,TN,CMV-eGFP-HA-T2A-fLuc,,normal
read_004101,0,0,0,0,TN,CMV-eGFP-HA-T2A-fLuc,,normal
read_004102,0,0,0,0,TN,CMV-eGFP-HA-T2A-fLuc,,normal
read_004103,0,0,0,0,TN,CMV-eGFP-HA-T2A-fLuc,,normal
read_004104,0,0,0,0,TN,CMV-eGFP-HA-T2A-fLuc,,normal
read_004105,0,0,0,0,TN,CMV-eGFP-HA-T2A-fLuc,,normal
read_004106,0,0,0,0,TN,CMV-eGFP-HA-T2A-fLuc,,normal
read_004107,0,0,0,0,TN,CMV-eGFP-HA-T2A-fLuc,,normal
read_004108,0,0,0,0,TN,CMV-eGFP-HA-T2A-fLuc,,normal
read_004109,0,0,0,0,TN,CMV-eGFP-HA-T2A-fLuc,,normal
read_004110,0,0,0,0,TN,CMV-eGFP-HA-T2A-fLuc,,normal
read_004111,0,0,0,0,TN,CMV-eGFP-HA-T2A-fLuc,,normal
read_004112,0,0,0,0,TN,CMV-eGFP-HA-T2A-fLuc,,normal
read_004113,0,0,0,0,TN,CMV-eGFP-HA-T2A-fLuc,,normal
read_004114,0,0,0,0,TN,CMV-eGFP-HA-T2A-fLuc,,normal
read_004115,0,0,0,0,TN,CMV-eGFP-HA-T2A-fLuc,,normal
read_004116,0,0,0,0,TN,CMV-eGFP-HA-T2A-fLuc,,normal
read_004117,0,0,0,0,TN,CMV-eGFP-HA-T2A-fLuc,,normal
read_004118,0,0,0,0,TN,CMV-eGFP-HA-T2A-fLuc,,normal
read_004119,0,0,0,0,TN,CMV-eGFP-HA-T2A-fLuc,,normal
read_004120,0,0,0,0,TN,CMV-eGFP-HA-T2A-fLuc,,normal
read_004121,0,0,0,0,TN,CMV-eGFP-HA-T2A-fLuc,,normal
read_004122,0,0,0,0,TN,CMV-eGFP-HA-T2A-fLuc,,normal
read_004123,0,0,0,0,TN,CMV-eGFP-HA-T2A-fLuc,,normal
read_004124,0,0,0,0,TN,CMV-eGFP-HA-T2A-fLuc,,normal
read_004125,0,0,0,0,TN,CMV-eGFP-HA-T2A-fLuc,,normal
read_004126,0,0,0,0,TN,CMV-eGFP-HA-T2A-fLuc,,normal
read_004127,0,0,0,0,TN,CMV-eGFP-HA-T2A-fLuc,,normal
read_004128,0,0,0,0,TN,CMV-eGFP-HA-T2A-fLuc,,normal
read_004129,0,0,0,0,TN,CMV-eGFP-HA-T2A-fLuc,,normal
read_004130,0,0,0,0,TN,CMV-eGFP-HA-T2A-fLuc,,normal
read_004131,0,0,0,0,TN,CMV-eGFP-HA-T2A-fLuc,,normal
read_004132,0,0,0,0,TN,CMV-eGFP-HA-T2A-fLuc,,normal
read_004133,0,0,0,0,TN,CMV-eGFP-HA-T2A-fLuc,,normal
read_004134,0,0,0,0,TN,CMV-eGFP-HA-T2A-fLuc,,normal
read_004135,0,0,0,0,TN,CMV-eGFP-HA-T2A-fLuc,,normal
read_004136,0,0,0,0,TN,CMV-eGFP-HA-T2A-fLuc,,normal
read_004137,0,0,0,0,TN,CMV-eGFP-HA-T2A-fLuc,,normal
read_004138,0,0,0,0,TN,CMV-eGFP-HA-T2A-fLuc,,normal
read_004139,0,0,0,0,TN,CMV-eGFP-HA-T2A-fLuc,,normal
read_004140,0,0,0,0,TN,CMV-eGFP-HA-T2A-fLuc,,normal
read_004141,0,0,0,0,TN,CMV-eGFP-HA-T2A-fLuc,,normal
read_004142,0,0,0,0,TN,CMV-eGFP-HA-T2A-fLuc,,normal
read_004143,0,0,0,0,TN,CMV-eGFP-HA-T2A-fLuc,,normal
read_004144,0,0,0,0,TN,CMV-eGFP-HA-T2A-fLuc,,normal
read_004145,0,0,0,0,TN,CMV-eGFP-HA-T2A-fLuc,,normal
read_004146,0,0,0,0,TN,CMV-eGFP-HA-T2A-fLuc,,normal
read_004147,0,0,0,0,TN,CMV-eGFP-HA-T2A-fLuc,,normal
read_004148,0,0,0,0,TN,CMV-eGFP-HA-T2A-fLuc,,normal
read_004149,0,0,0,0,TN,CMV-eGFP-HA-T2A-fLuc,,normal
read_004150,0,0,0,0,TN,CMV-eGFP-HA-T2A-fLuc,,normal
read_004151,0,0,0,0,TN,CMV-eGFP-HA-T2A-fLuc,,normal
read_004152,0,0,0,0,TN,CMV-eGFP-HA-T2A-fLuc,,normal
read_004153,0,0,0,0,TN,CMV-eGFP-HA-T2A-fLuc,,normal
read_004154,0,0,0,0,TN,CMV-eGFP-HA-T2A-fLuc,,normal
read_004155,0,0,0,0,TN,CMV-eGFP-HA-T2A-fLuc,,normal
read_004156,0,0,0,0,TN,CMV-eGFP-HA-T2A-fLuc,,normal
read_004157,0,0,0,0,TN,CMV-eGFP-HA-T2A-fLuc,,normal
read_004158,0,0,0,0,TN,CMV-eGFP-HA-T2A-fLuc,,normal
read_004159,0,0,0,0,TN,CMV-eGFP-HA-T2A-fLuc,,normal
read_004160,0,0,0,0,TN,CMV-eGFP-HA-T2A-fLuc,,normal
read_004161,0,0,0,0,TN,CMV-eGFP-HA-T2A-fLuc,,normal
read_004162,0,0,0,0,TN,CMV-eGFP-HA-T2A-fLuc,,normal
read_004163,0,0,0,0,TN,CMV-eGFP-HA-T2A-fLuc,,normal
read_004164,0,0,0,0,TN,CMV-eGFP-HA-T2A-fLuc,,normal
read_004165,0,0,0,0,TN,CMV-eGFP-HA-T2A-fLuc,,normal
read_004166,0,0,0,0,TN,CMV-eGFP-HA-T2A-fLuc,,normal
read_004167,0,0,0,0,TN,CMV-eGFP-HA-T2A-fLuc,,normal
read_004168,0,0,0,0,TN,CMV-eGFP-HA-T2A-fLuc,,normal
read_004169,0,0,0,0,TN,CMV-eGFP-HA-T2A-fLuc,,normal
read_004170,0,0,0,0,TN,CMV-eGFP-HA-T2A-fLuc,,normal
read_004171,0,0,0,0,TN,CMV-eGFP-HA-T2A-fLuc,,normal
read_004172,0,0,0,0,TN,CMV-eGFP-HA-T2A-fLuc,,normal
read_004173,0,0,0,0,TN,CMV-eGFP-HA-T2A-fLuc,,normal
read_004174,0,0,0,0,TN,CMV-eGFP-HA-T2A-fLuc,,normal
read_004175,0,0,0,0,TN,CMV-eGFP-HA-T2A-fLuc,,normal
read_004176,0,0,0,0,TN,CMV-eGFP-HA-T2A-fLuc,,normal
read_004177,0,0,0,0,TN,CMV-eGFP-HA-T2A-fLuc,,normal
read_004178,0,0,0,0,TN,CMV-eGFP-HA-T2A-fLuc,,normal
read_004179,0,0,0,0,TN,CMV-eGFP-HA-T2A-fLuc,,normal
read_004180,0,0,0,0,TN,CMV-eGFP-HA-T2A-fLuc,,normal
read_004181,0,0,0,0,TN,CMV-eGFP-HA-T2A-fLuc,,normal
read_004182,0,0,0,0,TN,CMV-eGFP-HA-T2A-fLuc,,normal
read_004183,0,0,0,0,TN,CMV-eGFP-HA-T2A-fLuc,,normal
read_004184,0,0,0,0,TN,CMV-eGFP-HA-T2A-fLuc,,normal
read_004185,0,0,0,0,TN,CMV-eGFP-HA-T2A-fLuc,,normal
read_004186,0,0,0,0,TN,CMV-eGFP-HA-T2A-fLuc,,normal
read_004187,0,0,0,0,TN,CMV-eGFP-HA-T2A-fLuc,,normal
read_004188,0,0,0,0,TN,CMV-eGFP-HA-T2A-fLuc,,normal
read_004189,0,0,0,0,TN,CMV-eGFP-HA-T2A-fLuc,,normal
read_004190,0,0,0,0,TN,CMV-eGFP-HA-T2A-fLuc,,normal
read_004191,0,0,0,0,TN,CMV-eGFP-HA-T2A-fLuc,,normal
read_004192,0,0,0,0,TN,CMV-eGFP-HA-T2A-fLuc,,normal
read_004193,0,0,0,0,TN,CMV-eGFP-HA-T2A-fLuc,,normal
read_004194,0,0,0,0,TN,CMV-eGFP-HA-T2A-fLuc,,normal
read_004195,0,0,0,0,TN,CMV-eGFP-HA-T2A-fLuc,,normal
read_004196,0,0,0,0,TN,CMV-eGFP-HA-T2A-fLuc,,normal
read_004197,0,0,0,0,TN,CMV-eGFP-HA-T2A-fLuc,,normal
read_004198,0,0,0,0,TN,CMV-eGFP-HA-T2A-fLuc,,normal
read_004199,0,0,0,0,TN,CMV-eGFP-HA-T2A-fLuc,,normal
read_004200,0,0,0,0,TN,CMV-eGFP-HA-T2A-fLuc,,normal
read_004201,0,0,0,0,TN,CMV-eGFP-HA-T2A-fLuc,,normal
read_004202,0,0,0,0,TN,CMV-eGFP-HA-T2A-fLuc,,normal
read_004203,0,0,0,0,TN,CMV-eGFP-HA-T2A-fLuc,,normal
read_004204,0,0,0,0,TN,CMV-eGFP-HA-T2A-fLuc,,normal
read_004205,0,0,0,0,TN,CMV-eGFP-HA-T2A-fLuc,,normal
read_004206,0,0,0,0,TN,CMV-eGFP-HA-T2A-fLuc,,normal
read_004207,0,0,0,0,TN,CMV-eGFP-HA-T2A-fLuc,,normal
read_004208,0,0,0,0,TN,CMV-eGFP-HA-T2A-fLuc,,normal
read_004209,0,0,0,0,TN,CMV-eGFP-HA-T2A-fLuc,,normal
read_004210,0,0,0,0,TN,CMV-eGFP-HA-T2A-fLuc,,normal
read_004211,0,0,0,0,TN,CMV-eGFP-HA-T2A-fLuc,,normal
read_004212,0,0,0,0,TN,CMV-eGFP-HA-T2A-fLuc,,normal
read_004213,0,0,0,0,TN,CMV-eGFP-HA-T2A-fLuc,,normal
read_004214,0,0,0,0,TN,CMV-eGFP-HA-T2A-fLuc,,normal
read_004215,0,0,0,0,TN,CMV-eGFP-HA-T2A-fLuc,,normal
read_004216,0,0,0,0,TN,CMV-eGFP-HA-T2A-fLuc,,normal
read_004217,0,0,0,0,TN,CMV-eGFP-HA-T2A-fLuc,,normal
read_004218,0,0,0,0,TN,CMV-eGFP-HA-T2A-fLuc,,normal
read_004219,0,0,0,0,TN,CMV-eGFP-HA-T2A-fLuc,,normal
read_004220,0,0,0,0,TN,CMV-eGFP-HA-T2A-fLuc,,normal
read_004221,0,0,0,0,TN,CMV-eGFP-HA-T2A-fLuc,,normal
read_004222,0,0,0,0,TN,CMV-eGFP-HA-T2A-fLuc,,normal
read_004223,0,0,0,0,TN,CMV-eGFP-HA-T2A-fLuc,,normal
read_004224,0,0,0,0,TN,CMV-eGFP-HA-T2A-fLuc,,normal
read_004225,0,0,0,0,TN,CMV-eGFP-HA-T2A-fLuc,,normal
read_004226,0,0,0,0,TN,CMV-eGFP-HA-T2A-fLuc,,normal
read_004227,0,0,0,0,TN,CMV-eGFP-HA-T2A-fLuc,,normal
read_004228,0,0,0,0,TN,CMV-eGFP-HA-T2A-fLuc,,normal
read_004229,0,0,0,0,TN,CMV-eGFP-HA-T2A-fLuc,,normal
read_004230,0,0,0,0,TN,CMV-eGFP-HA-T2A-fLuc,,normal
read_004231,0,0,0,0,TN,CMV-eGFP-HA-T2A-fLuc,,normal
read_004232,0,0,0,0,TN,CMV-eGFP-HA-T2A-fLuc,,normal
read_004233,0,0,0,0,TN,CMV-eGFP-HA-T2A-fLuc,,normal
read_004234,0,0,0,0,TN,CMV-eGFP-HA-T2A-fLuc,,normal
read_004235,0,0,0,0,TN,CMV-eGFP-HA-T2A-fLuc,,normal
read_004236,0,0,0,0,TN,CMV-eGFP-HA-T2A-fLuc,,normal
read_004237,0,0,0,0,TN,CMV-eGFP-HA-T2A-fLuc,,normal
read_004238,0,0,0,0,TN,CMV-eGFP-HA-T2A-fLuc,,normal
read_004239,0,0,0,0,TN,CMV-eGFP-HA-T2A-fLuc,,normal
read_004240,0,0,0,0,TN,CMV-eGFP-HA-T2A-fLuc,,normal
read_004241,0,0,0,0,TN,CMV-eGFP-HA-T2A-fLuc,,normal
read_004242,0,0,0,0,TN,CMV-eGFP-HA-T2A-fLuc,,normal
read_004243,0,0,0,0,TN,CMV-eGFP-HA-T2A-fLuc,,normal
read_004244,0,0,0,0,TN,CMV-eGFP-HA-T2A-fLuc,,normal
read_004245,0,0,0,0,TN,CMV-eGFP-HA-T2A-fLuc,,normal
read_004246,0,0,0,0,TN,CMV-eGFP-HA-T2A-fLuc,,normal
read_004247,0,0,0,0,TN,CMV-eGFP-HA-T2A-fLuc,,normal
read_004248,0,0,0,0,TN,CMV-eGFP-HA-T2A-fLuc,,normal
read_004249,0,0,0,0,TN,CMV-eGFP-HA-T2A-fLuc,,normal
read_004250,0,0,0,0,TN,CMV-eGFP-HA-T2A-fLuc,,normal
read_004251,0,0,0,0,TN,CMV-eGFP-HA-T2A-fLuc,,normal
read_004252,0,0,0,0,TN,CMV-eGFP-HA-T2A-fLuc,,normal
read_004253,0,0,0,0,TN,CMV-eGFP-HA-T2A-fLuc,,normal
read_004254,0,0,0,0,TN,CMV-eGFP-HA-T2A-fLuc,,normal
read_004255,0,0,0,0,TN,CMV-eGFP-HA-T2A-fLuc,,normal
read_004256,0,0,0,0,TN,CMV-eGFP-HA-T2A-fLuc,,normal
read_004257,0,0,0,0,TN,CMV-eGFP-HA-T2A-fLuc,,normal
read_004258,0,0,0,0,TN,CMV-eGFP-HA-T2A-fLuc,,normal
read_004259,0,0,0,0,TN,CMV-eGFP-HA-T2A-fLuc,,normal
read_004260,0,0,0,0,TN,CMV-eGFP-HA-T2A-fLuc,,normal
read_004261,0,0,0,0,TN,CMV-eGFP-HA-T2A-fLuc,,normal
read_004262,0,0,0,0,TN,CMV-eGFP-HA-T2A-fLuc,,normal
read_004263,0,0,0,0,TN,CMV-eGFP-HA-T2A-fLuc,,normal
read_004264,0,0,0,0,TN,CMV-eGFP-HA-T2A-fLuc,,normal
read_004265,0,0,0,0,TN,CMV-eGFP-HA-T2A-fLuc,,normal
read_004266,0,0,0,0,TN,CMV-eGFP-HA-T2A-fLuc,,normal
read_004267,0,0,0,0,TN,CMV-eGFP-HA-T2A-fLuc,,normal
read_004268,0,0,0,0,TN,CMV-eGFP-HA-T2A-fLuc,,normal
read_004269,0,0,0,0,TN,CMV-eGFP-HA-T2A-fLuc,,normal
read_004270,0,0,0,0,TN,CMV-eGFP-HA-T2A-fLuc,,normal
read_004271,0,0,0,0,TN,CMV-eGFP-HA-T2A-fLuc,,normal
read_004272,0,0,0,0,TN,CMV-eGFP-HA-T2A-fLuc,,normal
read_004273,0,0,0,0,TN,CMV-eGFP-HA-T2A-fLuc,,normal
read_004274,0,0,0,0,TN,CMV-eGFP-HA-T2A-fLuc,,normal
read_004275,0,0,0,0,TN,CMV-eGFP-HA-T2A-fLuc,,normal
read_004276,0,0,0,0,TN,CMV-eGFP-HA-T2A-fLuc,,normal
read_004277,0,0,0,0,TN,CMV-eGFP-HA-T2A-fLuc,,normal
read_004278,0,0,0,0,TN,CMV-eGFP-HA-T2A-fLuc,,normal
read_004279,0,0,0,0,TN,CMV-eGFP-HA-T2A-fLuc,,normal
read_004280,0,0,0,0,TN,CMV-eGFP-HA-T2A-fLuc,,normal
read_004281,0,0,0,0,TN,CMV-eGFP-HA-T2A-fLuc,,normal
read_004282,0,0,0,0,TN,CMV-eGFP-HA-T2A-fLuc,,normal
read_004283,0,0,0,0,TN,CMV-eGFP-HA-T2A-fLuc,,normal
read_004284,0,0,0,0,TN,CMV-eGFP-HA-T2A-fLuc,,normal
read_004285,0,0,0,0,TN,CMV-eGFP-HA-T2A-fLuc,,normal
read_004286,0,0,0,0,TN,CMV-eGFP-HA-T2A-fLuc,,normal
read_004287,0,0,0,0,TN,CMV-eGFP-HA-T2A-fLuc,,normal
read_004288,0,0,0,0,TN,CMV-eGFP-HA-T2A-fLuc,,normal
read_004289,0,0,0,0,TN,CMV-eGFP-HA-T2A-fLuc,,normal
read_004290,0,0,0,0,TN,CMV-eGFP-HA-T2A-fLuc,,normal
read_004291,0,0,0,0,TN,CMV-eGFP-HA-T2A-fLuc,,normal
read_004292,0,0,0,0,TN,CMV-eGFP-HA-T2A-fLuc,,normal
read_004293,0,0,0,0,TN,CMV-eGFP-HA-T2A-fLuc,,normal
read_004294,0,0,0,0,TN,CMV-eGFP-HA-T2A-fLuc,,normal
read_004295,0,0,0,0,TN,CMV-eGFP-HA-T2A-fLuc,,normal
read_004296,0,0,0,0,TN,CMV-eGFP-HA-T2A-fLuc,,normal
read_004297,0,0,0,0,TN,CMV-eGFP-HA-T2A-fLuc,,normal
read_004298,0,0,0,0,TN,CMV-eGFP-HA-T2A-fLuc,,normal
read_004299,0,0,0,0,TN,CMV-eGFP-HA-T2A-fLuc,,normal
read_004300,0,0,0,0,TN,CMV-eGFP-HA-T2A-fLuc,,normal
read_004301,0,0,0,0,TN,CMV-eGFP-HA-T2A-fLuc,,normal
read_004302,0,0,0,0,TN,CMV-eGFP-HA-T2A-fLuc,,normal
read_004303,0,0,0,0,TN,CMV-eGFP-HA-T2A-fLuc,,normal
read_004304,0,0,0,0,TN,CMV-eGFP-HA-T2A-fLuc,,normal
read_004305,0,0,0,0,TN,CMV-eGFP-HA-T2A-fLuc,,normal
read_004306,0,0,0,0,TN,CMV-eGFP-HA-T2A-fLuc,,normal
read_004307,0,0,0,0,TN,CMV-eGFP-HA-T2A-fLuc,,normal
read_004308,0,0,0,0,TN,CMV-eGFP-HA-T2A-fLuc,,normal
read_004309,0,0,0,0,TN,CMV-eGFP-HA-T2A-fLuc,,normal
read_004310,0,0,0,0,TN,CMV-eGFP-HA-T2A-fLuc,,normal
read_004311,0,0,0,0,TN,CMV-eGFP-HA-T2A-fLuc,,normal
read_004312,0,0,0,0,TN,CMV-eGFP-HA-T2A-fLuc,,normal
read_004313,0,0,0,0,TN,CMV-eGFP-HA-T2A-fLuc,,normal
read_004314,0,0,0,0,TN,CMV-eGFP-HA-T2A-fLuc,,normal
read_004315,0,0,0,0,TN,CMV-eGFP-HA-T2A-fLuc,,normal
read_004316,0,0,0,0,TN,CMV-eGFP-HA-T2A-fLuc,,normal
read_004317,0,0,0,0,TN,CMV-eGFP-HA-T2A-fLuc,,normal
read_004318,0,0,0,0,TN,CMV-eGFP-HA-T2A-fLuc,,normal
read_004319,0,0,0,0,TN,CMV-eGFP-HA-T2A-fLuc,,normal
read_004320,0,0,0,0,TN,CMV-eGFP-HA-T2A-fLuc,,normal
read_004321,0,0,0,0,TN,CMV-eGFP-HA-T2A-fLuc,,normal
read_004322,0,0,0,0,TN,CMV-eGFP-HA-T2A-fLuc,,normal
read_004323,0,0,0,0,TN,CMV-eGFP-HA-T2A-fLuc,,normal
read_004324,0,0,0,0,TN,CMV-eGFP-HA-T2A-fLuc,,normal
read_004325,0,0,0,0,TN,CMV-eGFP-HA-T2A-fLuc,,normal
read_004326,0,0,0,0,TN,CMV-eGFP-HA-T2A-fLuc,,normal
read_004327,0,0,0,0,TN,CMV-eGFP-HA-T2A-fLuc,,normal
read_004328,0,0,0,0,TN,CMV-eGFP-HA-T2A-fLuc,,normal
read_004329,0,0,0,0,TN,CMV-eGFP-HA-T2A-fLuc,,normal
read_004330,0,0,0,0,TN,CMV-eGFP-HA-T2A-fLuc,,normal
read_004331,0,0,0,0,TN,CMV-eGFP-HA-T2A-fLuc,,normal
read_004332,0,0,0,0,TN,CMV-eGFP-HA-T2A-fLuc,,normal
read_004333,0,0,0,0,TN,CMV-eGFP-HA-T2A-fLuc,,normal
read_004334,0,0,0,0,TN,CMV-eGFP-HA-T2A-fLuc,,normal
read_004335,0,0,0,0,TN,CMV-eGFP-HA-T2A-fLuc,,normal
read_004336,0,0,0,0,TN,CMV-eGFP-HA-T2A-fLuc,,normal
read_004337,0,0,0,0,TN,CMV-eGFP-HA-T2A-fLuc,,normal
read_004338,0,0,0,0,TN,CMV-eGFP-HA-T2A-fLuc,,normal
read_004339,0,0,0,0,TN,CMV-eGFP-HA-T2A-fLuc,,normal
read_004340,0,0,0,0,TN,CMV-eGFP-HA-T2A-fLuc,,normal
read_004341,0,0,0,0,TN,CMV-eGFP-HA-T2A-fLuc,,normal
read_004342,0,0,0,0,TN,CMV-eGFP-HA-T2A-fLuc,,normal
read_004343,0,0,0,0,TN,CMV-eGFP-HA-T2A-fLuc,,normal
read_004344,0,0,0,0,TN,CMV-eGFP-HA-T2A-fLuc,,normal
read_004345,0,0,0,0,TN,CMV-eGFP-HA-T2A-fLuc,,normal
read_004346,0,0,0,0,TN,CMV-eGFP-HA-T2A-fLuc,,normal
read_004347,0,0,0,0,TN,CMV-eGFP-HA-T2A-fLuc,,normal
read_004348,0,0,0,0,TN,CMV-eGFP-HA-T2A-fLuc,,normal
read_004349,0,0,0,0,TN,CMV-eGFP-HA-T2A-fLuc,,normal
read_004350,0,0,0,0,TN,CMV-eGFP-HA-T2A-fLuc,,normal
read_004351,0,0,0,0,TN,CMV-eGFP-HA-T2A-fLuc,,normal
read_004352,0,0,0,0,TN,CMV-eGFP-HA-T2A-fLuc,,normal
read_004353,0,0,0,0,TN,CMV-eGFP-HA-T2A-fLuc,,normal
read_004354,0,0,0,0,TN,CMV-eGFP-HA-T2A-fLuc,,normal
read_004355,0,0,0,0,TN,CMV-eGFP-HA-T2A-fLuc,,normal
read_004356,0,0,0,0,TN,CMV-eGFP-HA-T2A-fLuc,,normal
read_004357,0,0,0,0,TN,CMV-eGFP-HA-T2A-fLuc,,normal
read_004358,0,0,0,0,TN,CMV-eGFP-HA-T2A-fLuc,,normal
read_004359,0,0,0,0,TN,CMV-eGFP-HA-T2A-fLuc,,normal
read_004360,0,0,0,0,TN,CMV-eGFP-HA-T2A-fLuc,,normal
read_004361,0,0,0,0,TN,CMV-eGFP-HA-T2A-fLuc,,normal
read_004362,0,0,0,0,TN,CMV-eGFP-HA-T2A-fLuc,,normal
read_004363,0,0,0,0,TN,CMV-eGFP-HA-T2A-fLuc,,normal
read_004364,0,0,0,0,TN,CMV-eGFP-HA-T2A-fLuc,,normal
read_004365,0,0,0,0,TN,CMV-eGFP-HA-T2A-fLuc,,normal
read_004366,0,0,0,0,TN,CMV-eGFP-HA-T2A-fLuc,,normal
read_004367,0,0,0,0,TN,CMV-eGFP-HA-T2A-fLuc,,normal
read_004368,0,0,0,0,TN,CMV-eGFP-HA-T2A-fLuc,,normal
read_004369,0,0,0,0,TN,CMV-eGFP-HA-T2A-fLuc,,normal
read_004370,0,0,0,0,TN,CMV-eGFP-HA-T2A-fLuc,,normal
read_004371,0,0,0,0,TN,CMV-eGFP-HA-T2A-fLuc,,normal
read_004372,0,0,0,0,TN,CMV-eGFP-HA-T2A-fLuc,,normal
read_004373,0,0,0,0,TN,CMV-eGFP-HA-T2A-fLuc,,normal
read_004374,0,0,0,0,TN,CMV-eGFP-HA-T2A-fLuc,,normal
read_004375,0,0,0,0,TN,CMV-eGFP-HA-T2A-fLuc,,normal
read_004376,0,0,0,0,TN,CMV-eGFP-HA-T2A-fLuc,,normal
read_004377,0,0,0,0,TN,CMV-eGFP-HA-T2A-fLuc,,normal
read_004378,0,0,0,0,TN,CMV-eGFP-HA-T2A-fLuc,,normal
read_004379,0,0,0,0,TN,CMV-eGFP-HA-T2A-fLuc,,normal
read_004380,0,0,0,0,TN,CMV-eGFP-HA-T2A-fLuc,,normal
read_004381,0,0,0,0,TN,CMV-eGFP-HA-T2A-fLuc,,normal
read_004382,0,0,0,0,TN,CMV-eGFP-HA-T2A-fLuc,,normal
read_004383,0,0,0,0,TN,CMV-eGFP-HA-T2A-fLuc,,normal
read_004384,0,0,0,0,TN,CMV-eGFP-HA-T2A-fLuc,,normal
read_004385,0,0,0,0,TN,CMV-eGFP-HA-T2A-fLuc,,normal
read_004386,0,0,0,0,TN,CMV-eGFP-HA-T2A-fLuc,,normal
read_004387,0,0,0,0,TN,CMV-eGFP-HA-T2A-fLuc,,normal
read_004388,0,0,0,0,TN,CMV-eGFP-HA-T2A-fLuc,,normal
read_004389,0,0,0,0,TN,CMV-eGFP-HA-T2A-fLuc,,normal
read_004390,0,0,0,0,TN,CMV-eGFP-HA-T2A-fLuc,,normal
read_004391,0,0,0,0,TN,CMV-eGFP-HA-T2A-fLuc,,normal
read_004392,0,0,0,0,TN,CMV-eGFP-HA-T2A-fLuc,,normal
read_004393,0,0,0,0,TN,CMV-eGFP-HA-T2A-fLuc,,normal
read_004394,0,0,0,0,TN,CMV-eGFP-HA-T2A-fLuc,,normal
read_004395,0,0,0,0,TN,CMV-eGFP-HA-T2A-fLuc,,normal
read_004396,0,0,0,0,TN,CMV-eGFP-HA-T2A-fLuc,,normal
read_004397,0,0,0,0,TN,CMV-eGFP-HA-T2A-fLuc,,normal
read_004398,0,0,0,0,TN,CMV-eGFP-HA-T2A-fLuc,,normal
read_004399,0,0,0,0,TN,CMV-eGFP-HA-T2A-fLuc,,normal
read_004400,0,0,0,0,TN,CMV-eGFP-HA-T2A-fLuc,,normal
read_004401,0,0,0,0,TN,CMV-eGFP-HA-T2A-fLuc,,normal
read_004402,0,0,0,0,TN,CMV-eGFP-HA-T2A-fLuc,,normal
read_004403,0,0,0,0,TN,CMV-eGFP-HA-T2A-fLuc,,normal
read_004404,0,0,0,0,TN,CMV-eGFP-HA-T2A-fLuc,,normal
read_004405,0,0,0,0,TN,CMV-eGFP-HA-T2A-fLuc,,normal
read_004406,0,0,0,0,TN,CMV-eGFP-HA-T2A-fLuc,,normal
read_004407,0,0,0,0,TN,CMV-eGFP-HA-T2A-fLuc,,normal
read_004408,0,0,0,0,TN,CMV-eGFP-HA-T2A-fLuc,,normal
read_004409,0,0,0,0,TN,CMV-eGFP-HA-T2A-fLuc,,normal
read_004410,0,0,0,0,TN,CMV-eGFP-HA-T2A-fLuc,,normal
read_004411,0,0,0,0,TN,CMV-eGFP-HA-T2A-fLuc,,normal
read_004412,0,0,0,0,TN,CMV-eGFP-HA-T2A-fLuc,,normal
read_004413,0,0,0,0,TN,CMV-eGFP-HA-T2A-fLuc,,normal
read_004414,0,0,0,0,TN,CMV-eGFP-HA-T2A-fLuc,,normal
read_004415,0,0,0,0,TN,CMV-eGFP-HA-T2A-fLuc,,normal
read_004416,0,0,0,0,TN,CMV-eGFP-HA-T2A-fLuc,,normal
read_004417,0,0,0,0,TN,CMV-eGFP-HA-T2A-fLuc,,normal
read_004418,0,0,0,0,TN,CMV-eGFP-HA-T2A-fLuc,,normal
read_004419,0,0,0,0,TN,CMV-eGFP-HA-T2A-fLuc,,normal
read_004420,0,0,0,0,TN,CMV-eGFP-HA-T2A-fLuc,,normal
read_004421,0,0,0,0,TN,CMV-eGFP-HA-T2A-fLuc,,normal
read_004422,0,0,0,0,TN,CMV-eGFP-HA-T2A-fLuc,,normal
read_004423,0,0,0,0,TN,CMV-eGFP-HA-T2A-fLuc,,normal
read_004424,0,0,0,0,TN,CMV-eGFP-HA-T2A-fLuc,,normal
read_004425,0,0,0,0,TN,CMV-eGFP-HA-T2A-fLuc,,normal
read_004426,0,0,0,0,TN,CMV-eGFP-HA-T2A-fLuc,,normal
read_004427,0,0,0,0,TN,CMV-eGFP-HA-T2A-fLuc,,normal
read_004428,0,0,0,0,TN,CMV-eGFP-HA-T2A-fLuc,,normal
read_004429,0,0,0,0,TN,CMV-eGFP-HA-T2A-fLuc,,normal
read_004430,0,0,0,0,TN,CMV-eGFP-HA-T2A-fLuc,,normal
read_004431,0,0,0,0,TN,CMV-eGFP-HA-T2A-fLuc,,normal
read_004432,0,0,0,0,TN,CMV-eGFP-HA-T2A-fLuc,,normal
read_004433,0,0,0,0,TN,CMV-eGFP-HA-T2A-fLuc,,normal
read_004434,0,0,0,0,TN,CMV-eGFP-HA-T2A-fLuc,,normal
read_004435,0,0,0,0,TN,CMV-eGFP-HA-T2A-fLuc,,normal
read_004436,0,0,0,0,TN,CMV-eGFP-HA-T2A-fLuc,,normal
read_004437,0,0,0,0,TN,CMV-eGFP-HA-T2A-fLuc,,normal
read_004438,0,0,0,0,TN,CMV-eGFP-HA-T2A-fLuc,,normal
read_004439,0,0,0,0,TN,CMV-eGFP-HA-T2A-fLuc,,normal
read_004440,0,0,0,0,TN,CMV-eGFP-HA-T2A-fLuc,,normal
read_004441,0,0,0,0,TN,CMV-eGFP-HA-T2A-fLuc,,normal
read_004442,0,0,0,0,TN,CMV-eGFP-HA-T2A-fLuc,,normal
read_004443,0,0,0,0,TN,CMV-eGFP-HA-T2A-fLuc,,normal
read_004444,0,0,0,0,TN,CMV-eGFP-HA-T2A-fLuc,,normal
read_004445,0,0,0,0,TN,CMV-eGFP-HA-T2A-fLuc,,normal
read_004446,0,0,0,0,TN,CMV-eGFP-HA-T2A-fLuc,,normal
read_004447,0,0,0,0,TN,CMV-eGFP-HA-T2A-fLuc,,normal
read_004448,0,0,0,0,TN,CMV-eGFP-HA-T2A-fLuc,,normal
read_004449,0,0,0,0,TN,CMV-eGFP-HA-T2A-fLuc,,normal
read_004450,0,0,0,0,TN,CMV-eGFP-HA-T2A-fLuc,,normal
read_004451,0,0,0,0,TN,CMV-eGFP-HA-T2A-fLuc,,normal
read_004452,0,0,0,0,TN,CMV-eGFP-HA-T2A-fLuc,,normal
read_004453,0,0,0,0,TN,CMV-eGFP-HA-T2A-fLuc,,normal
read_004454,0,0,0,0,TN,CMV-eGFP-HA-T2A-fLuc,,normal
read_004455,0,0,0,0,TN,CMV-eGFP-HA-T2A-fLuc,,normal
read_004456,0,0,0,0,TN,CMV-eGFP-HA-T2A-fLuc,,normal
read_004457,0,0,0,0,TN,CMV-eGFP-HA-T2A-fLuc,,normal
read_004458,0,0,0,0,TN,CMV-eGFP-HA-T2A-fLuc,,normal
read_004459,0,0,0,0,TN,CMV-eGFP-HA-T2A-fLuc,,normal
read_004460,0,0,0,0,TN,CMV-eGFP-HA-T2A-fLuc,,normal
read_004461,0,0,0,0,TN,CMV-eGFP-HA-T2A-fLuc,,normal
read_004462,0,0,0,0,TN,CMV-eGFP-HA-T2A-fLuc,,normal
read_004463,0,0,0,0,TN,CMV-eGFP-HA-T2A-fLuc,,normal
read_004464,0,0,0,0,TN,CMV-eGFP-HA-T2A-fLuc,,normal
read_004465,0,0,0,0,TN,CMV-eGFP-HA-T2A-fLuc,,normal
read_004466,0,0,0,0,TN,CMV-eGFP-HA-T2A-fLuc,,normal
read_004467,0,0,0,0,TN,CMV-eGFP-HA-T2A-fLuc,,normal
read_004468,0,0,0,0,TN,CMV-eGFP-HA-T2A-fLuc,,normal
read_004469,0,0,0,0,TN,CMV-eGFP-HA-T2A-fLuc,,normal
read_004470,0,0,0,0,TN,CMV-eGFP-HA-T2A-fLuc,,normal
read_004471,0,0,0,0,TN,CMV-eGFP-HA-T2A-fLuc,,normal
read_004472,0,0,0,0,TN,CMV-eGFP-HA-T2A-fLuc,,normal
read_004473,0,0,0,0,TN,CMV-eGFP-HA-T2A-fLuc,,normal
read_004474,0,0,0,0,TN,CMV-eGFP-HA-T2A-fLuc,,normal
read_004475,0,0,0,0,TN,CMV-eGFP-HA-T2A-fLuc,,normal
read_004476,0,0,0,0,TN,CMV-eGFP-HA-T2A-fLuc,,normal
read_004477,0,0,0,0,TN,CMV-eGFP-HA-T2A-fLuc,,normal
read_004478,0,0,0,0,TN,CMV-eGFP-HA-T2A-fLuc,,normal
read_004479,0,0,0,0,TN,CMV-eGFP-HA-T2A-fLuc,,normal
read_004480,0,0,0,0,TN,CMV-eGFP-HA-T2A-fLuc,,normal
read_004481,0,0,0,0,TN,CMV-eGFP-HA-T2A-fLuc,,normal
read_004482,0,0,0,0,TN,CMV-eGFP-HA-T2A-fLuc,,normal
read_004483,0,0,0,0,TN,CMV-eGFP-HA-T2A-fLuc,,normal
read_004484,0,0,0,0,TN,CMV-eGFP-HA-T2A-fLuc,,normal
read_004485,0,0,0,0,TN,CMV-eGFP-HA-T2A-fLuc,,normal
read_004486,0,0,0,0,TN,CMV-eGFP-HA-T2A-fLuc,,normal
read_004487,0,0,0,0,TN,CMV-eGFP-HA-T2A-fLuc,,normal
read_004488,0,0,0,0,TN,CMV-eGFP-HA-T2A-fLuc,,normal
read_004489,0,0,0,0,TN,CMV-eGFP-HA-T2A-fLuc,,normal
read_004490,0,0,0,0,TN,CMV-eGFP-HA-T2A-fLuc,,normal
read_004491,0,0,0,0,TN,CMV-eGFP-HA-T2A-fLuc,,normal
read_004492,0,0,0,0,TN,CMV-eGFP-HA-T2A-fLuc,,normal
read_004493,0,0,0,0,TN,CMV-eGFP-HA-T2A-fLuc,,normal
read_004494,0,0,0,0,TN,CMV-eGFP-HA-T2A-fLuc,,normal
read_004495,0,0,0,0,TN,CMV-eGFP-HA-T2A-fLuc,,normal
read_004496,0,0,0,0,TN,CMV-eGFP-HA-T2A-fLuc,,normal
read_004497,0,0,0,0,TN,CMV-eGFP-HA-T2A-fLuc,,normal
read_004498,0,0,0,0,TN,CMV-eGFP-HA-T2A-fLuc,,normal
read_004499,0,0,0,0,TN,CMV-eGFP-HA-T2A-fLuc,,normal
read_004500,0,0,0,0,TN,CMV-eGFP-HA-T2A-fLuc,,normal
read_004501,0,0,0,0,TN,CMV-eGFP-HA-T2A-fLuc,,normal
read_004502,0,0,0,0,TN,CMV-eGFP-HA-T2A-fLuc,,normal
read_004503,0,0,0,0,TN,CMV-eGFP-HA-T2A-fLuc,,normal
read_004504,0,0,0,0,TN,CMV-eGFP-HA-T2A-fLuc,,normal
read_004505,0,0,0,0,TN,CMV-eGFP-HA-T2A-fLuc,,normal
read_004506,0,0,0,0,TN,CMV-eGFP-HA-T2A-fLuc,,normal
read_004507,0,0,0,0,TN,CMV-eGFP-HA-T2A-fLuc,,normal
read_004508,0,0,0,0,TN,CMV-eGFP-HA-T2A-fLuc,,normal
read_004509,0,0,0,0,TN,CMV-eGFP-HA-T2A-fLuc,,normal
read_004510,0,0,0,0,TN,CMV-eGFP-HA-T2A-fLuc,,normal
read_004511,0,0,0,0,TN,CMV-eGFP-HA-T2A-fLuc,,normal
read_004512,0,0,0,0,TN,CMV-eGFP-HA-T2A-fLuc,,normal
read_004513,0,0,0,0,TN,CMV-eGFP-HA-T2A-fLuc,,normal
read_004514,0,0,0,0,TN,CMV-eGFP-HA-T2A-fLuc,,normal
read_004515,0,0,0,0,TN,CMV-eGFP-HA-T2A-fLuc,,normal
read_004516,0,0,0,0,TN,CMV-eGFP-HA-T2A-fLuc,,normal
read_004517,0,0,0,0,TN,CMV-eGFP-HA-T2A-fLuc,,normal
read_004518,0,0,0,0,TN,CMV-eGFP-HA-T2A-fLuc,,normal
read_004519,0,0,0,0,TN,CMV-eGFP-HA-T2A-fLuc,,normal
read_004520,0,0,0,0,TN,CMV-eGFP-HA-T2A-fLuc,,normal
read_004521,0,0,0,0,TN,CMV-eGFP-HA-T2A-fLuc,,normal
read_004522,0,0,0,0,TN,CMV-eGFP-HA-T2A-fLuc,,normal
read_004523,0,0,0,0,TN,CMV-eGFP-HA-T2A-fLuc,,normal
read_004524,0,0,0,0,TN,CMV-eGFP-HA-T2A-fLuc,,normal
read_004525,0,0,0,0,TN,CMV-eGFP-HA-T2A-fLuc,,normal
read_004526,0,0,0,0,TN,CMV-eGFP-HA-T2A-fLuc,,normal
read_004527,0,0,0,0,TN,CMV-eGFP-HA-T2A-fLuc,,normal
read_004528,0,0,0,0,TN,CMV-eGFP-HA-T2A-fLuc,,normal
read_004529,0,0,0,0,TN,CMV-eGFP-HA-T2A-fLuc,,normal
read_004530,0,0,0,0,TN,CMV-eGFP-HA-T2A-fLuc,,normal
read_004531,0,0,0,0,TN,CMV-eGFP-HA-T2A-fLuc,,normal
read_004532,0,0,0,0,TN,CMV-eGFP-HA-T2A-fLuc,,normal
read_004533,0,0,0,0,TN,CMV-eGFP-HA-T2A-fLuc,,normal
read_004534,0,0,0,0,TN,CMV-eGFP-HA-T2A-fLuc,,normal
read_004535,0,0,0,0,TN,CMV-eGFP-HA-T2A-fLuc,,normal
read_004536,0,0,0,0,TN,CMV-eGFP-HA-T2A-fLuc,,normal
read_004537,0,0,0,0,TN,CMV-eGFP-HA-T2A-fLuc,,normal
read_004538,0,0,0,0,TN,CMV-eGFP-HA-T2A-fLuc,,normal
read_004539,0,0,0,0,TN,CMV-eGFP-HA-T2A-fLuc,,normal
read_004540,0,0,0,0,TN,CMV-eGFP-HA-T2A-fLuc,,normal
read_004541,0,0,0,0,TN,CMV-eGFP-HA-T2A-fLuc,,normal
read_004542,0,0,0,0,TN,CMV-eGFP-HA-T2A-fLuc,,normal
read_004543,0,0,0,0,TN,CMV-eGFP-HA-T2A-fLuc,,normal
read_004544,0,0,0,0,TN,CMV-eGFP-HA-T2A-fLuc,,normal
read_004545,0,0,0,0,TN,CMV-eGFP-HA-T2A-fLuc,,normal
read_004546,0,0,0,0,TN,CMV-eGFP-HA-T2A-fLuc,,normal
read_004547,0,0,0,0,TN,CMV-eGFP-HA-T2A-fLuc,,normal
read_004548,0,0,0,0,TN,CMV-eGFP-HA-T2A-fLuc,,normal
read_004549,0,0,0,0,TN,CMV-eGFP-HA-T2A-fLuc,,normal
read_004550,0,0,0,0,TN,CMV-eGFP-HA-T2A-fLuc,,normal
read_004551,0,0,0,0,TN,CMV-eGFP-HA-T2A-fLuc,,normal
read_004552,0,0,0,0,TN,CMV-eGFP-HA-T2A-fLuc,,normal
read_004553,0,0,0,0,TN,CMV-eGFP-HA-T2A-fLuc,,normal
read_004554,0,0,0,0,TN,CMV-eGFP-HA-T2A-fLuc,,normal
read_004555,0,0,0,0,TN,CMV-eGFP-HA-T2A-fLuc,,normal
read_004556,0,0,0,0,TN,CMV-eGFP-HA-T2A-fLuc,,normal
read_004557,0,0,0,0,TN,CMV-eGFP-HA-T2A-fLuc,,normal
read_004558,0,0,0,0,TN,CMV-eGFP-HA-T2A-fLuc,,normal
read_004559,0,0,0,0,TN,CMV-eGFP-HA-T2A-fLuc,,normal
read_004560,0,0,0,0,TN,CMV-eGFP-HA-T2A-fLuc,,normal
read_004561,0,0,0,0,TN,CMV-eGFP-HA-T2A-fLuc,,normal
read_004562,0,0,0,0,TN,CMV-eGFP-HA-T2A-fLuc,,normal
read_004563,0,0,0,0,TN,CMV-eGFP-HA-T2A-fLuc,,normal
read_004564,0,0,0,0,TN,CMV-eGFP-HA-T2A-fLuc,,normal
read_004565,0,0,0,0,TN,CMV-eGFP-HA-T2A-fLuc,,normal
read_004566,0,0,0,0,TN,CMV-eGFP-HA-T2A-fLuc,,normal
read_004567,0,0,0,0,TN,CMV-eGFP-HA-T2A-fLuc,,normal
read_004568,0,0,0,0,TN,CMV-eGFP-HA-T2A-fLuc,,normal
read_004569,0,0,0,0,TN,CMV-eGFP-HA-T2A-fLuc,,normal
read_004570,0,0,0,0,TN,CMV-eGFP-HA-T2A-fLuc,,normal
read_004571,0,0,0,0,TN,CMV-eGFP-HA-T2A-fLuc,,normal
read_004572,0,0,0,0,TN,CMV-eGFP-HA-T2A-fLuc,,normal
read_004573,0,0,0,0,TN,CMV-eGFP-HA-T2A-fLuc,,normal
read_004574,0,0,0,0,TN,CMV-eGFP-HA-T2A-fLuc,,normal
read_004575,0,0,0,0,TN,CMV-eGFP-HA-T2A-fLuc,,normal
read_004576,0,0,0,0,TN,CMV-eGFP-HA-T2A-fLuc,,normal
read_004577,0,0,0,0,TN,CMV-eGFP-HA-T2A-fLuc,,normal
read_004578,0,0,0,0,TN,CMV-eGFP-HA-T2A-fLuc,,normal
read_004579,0,0,0,0,TN,CMV-eGFP-HA-T2A-fLuc,,normal
read_004580,0,0,0,0,TN,CMV-eGFP-HA-T2A-fLuc,,normal
read_004581,0,0,0,0,TN,CMV-eGFP-HA-T2A-fLuc,,normal
read_004582,0,0,0,0,TN,CMV-eGFP-HA-T2A-fLuc,,normal
read_004583,0,0,0,0,TN,CMV-eGFP-HA-T2A-fLuc,,normal
read_004584,0,0,0,0,TN,CMV-eGFP-HA-T2A-fLuc,,normal
read_004585,0,0,0,0,TN,CMV-eGFP-HA-T2A-fLuc,,normal
read_004586,0,0,0,0,TN,CMV-eGFP-HA-T2A-fLuc,,normal
read_004587,0,0,0,0,TN,CMV-eGFP-HA-T2A-fLuc,,normal
read_004588,0,0,0,0,TN,CMV-eGFP-HA-T2A-fLuc,,normal
read_004589,0,0,0,0,TN,CMV-eGFP-HA-T2A-fLuc,,normal
read_004590,0,0,0,0,TN,CMV-eGFP-HA-T2A-fLuc,,normal
read_004591,0,0,0,0,TN,CMV-eGFP-HA-T2A-fLuc,,normal
read_004592,0,0,0,0,TN,CMV-eGFP-HA-T2A-fLuc,,normal
read_004593,0,0,0,0,TN,CMV-eGFP-HA-T2A-fLuc,,normal
read_004594,0,0,0,0,TN,CMV-eGFP-HA-T2A-fLuc,,normal
read_004595,0,0,0,0,TN,CMV-eGFP-HA-T2A-fLuc,,normal
read_004596,0,0,0,0,TN,CMV-eGFP-HA-T2A-fLuc,,normal
read_004597,0,0,0,0,TN,CMV-eGFP-HA-T2A-fLuc,,normal
read_004598,0,0,0,0,TN,CMV-eGFP-HA-T2A-fLuc,,normal
read_004599,0,0,0,0,TN,CMV-eGFP-HA-T2A-fLuc,,normal
read_004600,0,0,0,0,TN,CMV-eGFP-HA-T2A-fLuc,,normal
read_004601,0,0,0,0,TN,CMV-eGFP-HA-T2A-fLuc,,normal
read_004602,0,0,0,0,TN,CMV-eGFP-HA-T2A-fLuc,,normal
read_004603,0,0,0,0,TN,CMV-eGFP-HA-T2A-fLuc,,normal
read_004604,0,0,0,0,TN,CMV-eGFP-HA-T2A-fLuc,,normal
read_004605,0,0,0,0,TN,CMV-eGFP-HA-T2A-fLuc,,normal
read_004606,0,0,0,0,TN,CMV-eGFP-HA-T2A-fLuc,,normal
read_004607,0,0,0,0,TN,CMV-eGFP-HA-T2A-fLuc,,normal
read_004608,0,0,0,0,TN,CMV-eGFP-HA-T2A-fLuc,,normal
read_004609,0,0,0,0,TN,CMV-eGFP-HA-T2A-fLuc,,normal
read_004610,0,0,0,0,TN,CMV-eGFP-HA-T2A-fLuc,,normal
read_004611,0,0,0,0,TN,CMV-eGFP-HA-T2A-fLuc,,normal
read_004612,0,0,0,0,TN,CMV-eGFP-HA-T2A-fLuc,,normal
read_004613,0,0,0,0,TN,CMV-eGFP-HA-T2A-fLuc,,normal
read_004614,0,0,0,0,TN,CMV-eGFP-HA-T2A-fLuc,,normal
read_004615,0,0,0,0,TN,CMV-eGFP-HA-T2A-fLuc,,normal
read_004616,0,0,0,0,TN,CMV-eGFP-HA-T2A-fLuc,,normal
read_004617,0,0,0,0,TN,CMV-eGFP-HA-T2A-fLuc,,normal
read_004618,0,0,0,0,TN,CMV-eGFP-HA-T2A-fLuc,,normal
read_004619,0,0,0,0,TN,CMV-eGFP-HA-T2A-fLuc,,normal
read_004620,0,0,0,0,TN,CMV-eGFP-HA-T2A-fLuc,,normal
read_004621,0,0,0,0,TN,CMV-eGFP-HA-T2A-fLuc,,normal
read_004622,0,0,0,0,TN,CMV-eGFP-HA-T2A-fLuc,,normal
read_004623,0,0,0,0,TN,CMV-eGFP-HA-T2A-fLuc,,normal
read_004624,0,0,0,0,TN,CMV-eGFP-HA-T2A-fLuc,,normal
read_004625,0,0,0,0,TN,CMV-eGFP-HA-T2A-fLuc,,normal
read_004626,0,0,0,0,TN,CMV-eGFP-HA-T2A-fLuc,,normal
read_004627,0,0,0,0,TN,CMV-eGFP-HA-T2A-fLuc,,normal
read_004628,0,0,0,0,TN,CMV-eGFP-HA-T2A-fLuc,,normal
read_004629,0,0,0,0,TN,CMV-eGFP-HA-T2A-fLuc,,normal
read_004630,0,0,0,0,TN,CMV-eGFP-HA-T2A-fLuc,,normal
read_004631,0,0,0,0,TN,CMV-eGFP-HA-T2A-fLuc,,normal
read_004632,0,0,0,0,TN,CMV-eGFP-HA-T2A-fLuc,,normal
read_004633,0,0,0,0,TN,CMV-eGFP-HA-T2A-fLuc,,normal
read_004634,0,0,0,0,TN,CMV-eGFP-HA-T2A-fLuc,,normal
read_004635,0,0,0,0,TN,CMV-eGFP-HA-T2A-fLuc,,normal
read_004636,0,0,0,0,TN,CMV-eGFP-HA-T2A-fLuc,,normal
read_004637,0,0,0,0,TN,CMV-eGFP-HA-T2A-fLuc,,normal
read_004638,0,0,0,0,TN,CMV-eGFP-HA-T2A-fLuc,,normal
read_004639,0,0,0,0,TN,CMV-eGFP-HA-T2A-fLuc,,normal
read_004640,0,0,0,0,TN,CMV-eGFP-HA-T2A-fLuc,,normal
read_004641,0,0,0,0,TN,CMV-eGFP-HA-T2A-fLuc,,normal
read_004642,0,0,0,0,TN,CMV-eGFP-HA-T2A-fLuc,,normal
read_004643,0,0,0,0,TN,CMV-eGFP-HA-T2A-fLuc,,normal
read_004644,0,0,0,0,TN,CMV-eGFP-HA-T2A-fLuc,,normal
read_004645,0,0,0,0,TN,CMV-eGFP-HA-T2A-fLuc,,normal
read_004646,0,0,0,0,TN,CMV-eGFP-HA-T2A-fLuc,,normal
read_004647,0,0,0,0,TN,CMV-eGFP-HA-T2A-fLuc,,normal
read_004648,0,0,0,0,TN,CMV-eGFP-HA-T2A-fLuc,,normal
read_004649,0,0,0,0,TN,CMV-eGFP-HA-T2A-fLuc,,normal
read_004650,0,0,0,0,TN,CMV-eGFP-HA-T2A-fLuc,,normal
read_004651,0,0,0,0,TN,CMV-eGFP-HA-T2A-fLuc,,normal
read_004652,0,0,0,0,TN,CMV-eGFP-HA-T2A-fLuc,,normal
read_004653,0,0,0,0,TN,CMV-eGFP-HA-T2A-fLuc,,normal
read_004654,0,0,0,0,TN,CMV-eGFP-HA-T2A-fLuc,,normal
read_004655,0,0,0,0,TN,CMV-eGFP-HA-T2A-fLuc,,normal
read_004656,0,0,0,0,TN,CMV-eGFP-HA-T2A-fLuc,,normal
read_004657,0,0,0,0,TN,CMV-eGFP-HA-T2A-fLuc,,normal
read_004658,0,0,0,0,TN,CMV-eGFP-HA-T2A-fLuc,,normal
read_004659,0,0,0,0,TN,CMV-eGFP-HA-T2A-fLuc,,normal
read_004660,0,0,0,0,TN,CMV-eGFP-HA-T2A-fLuc,,normal
read_004661,0,0,0,0,TN,CMV-eGFP-HA-T2A-fLuc,,normal
read_004662,0,0,0,0,TN,CMV-eGFP-HA-T2A-fLuc,,normal
read_004663,0,0,0,0,TN,CMV-eGFP-HA-T2A-fLuc,,normal
read_004664,0,0,0,0,TN,CMV-eGFP-HA-T2A-fLuc,,normal
read_004665,0,0,0,0,TN,CMV-eGFP-HA-T2A-fLuc,,normal
read_004666,0,0,0,0,TN,CMV-eGFP-HA-T2A-fLuc,,normal
read_004667,0,0,0,0,TN,CMV-eGFP-HA-T2A-fLuc,,normal
read_004668,0,0,0,0,TN,CMV-eGFP-HA-T2A-fLuc,,normal
read_004669,0,0,0,0,TN,CMV-eGFP-HA-T2A-fLuc,,normal
read_004670,0,0,0,0,TN,CMV-eGFP-HA-T2A-fLuc,,normal
read_004671,0,0,0,0,TN,CMV-eGFP-HA-T2A-fLuc,,normal
read_004672,0,0,0,0,TN,CMV-eGFP-HA-T2A-fLuc,,normal
read_004673,0,0,0,0,TN,CMV-eGFP-HA-T2A-fLuc,,normal
read_004674,0,0,0,0,TN,CMV-eGFP-HA-T2A-fLuc,,normal
read_004675,0,0,0,0,TN,CMV-eGFP-HA-T2A-fLuc,,normal
read_004676,0,0,0,0,TN,CMV-eGFP-HA-T2A-fLuc,,normal
read_004677,0,0,0,0,TN,CMV-eGFP-HA-T2A-fLuc,,normal
read_004678,0,0,0,0,TN,CMV-eGFP-HA-T2A-fLuc,,normal
read_004679,0,0,0,0,TN,CMV-eGFP-HA-T2A-fLuc,,normal
read_004680,0,0,0,0,TN,CMV-eGFP-HA-T2A-fLuc,,normal
read_004681,0,0,0,0,TN,CMV-eGFP-HA-T2A-fLuc,,normal
read_004682,0,0,0,0,TN,CMV-eGFP-HA-T2A-fLuc,,normal
read_004683,0,0,0,0,TN,CMV-eGFP-HA-T2A-fLuc,,normal
read_004684,0,0,0,0,TN,CMV-eGFP-HA-T2A-fLuc,,normal
read_004685,0,0,0,0,TN,CMV-eGFP-HA-T2A-fLuc,,normal
read_004686,0,0,0,0,TN,CMV-eGFP-HA-T2A-fLuc,,normal
read_004687,0,0,0,0,TN,CMV-eGFP-HA-T2A-fLuc,,normal
read_004688,0,0,0,0,TN,CMV-eGFP-HA-T2A-fLuc,,normal
read_004689,0,0,0,0,TN,CMV-eGFP-HA-T2A-fLuc,,normal
read_004690,0,0,0,0,TN,CMV-eGFP-HA-T2A-fLuc,,normal
read_004691,0,0,0,0,TN,CMV-eGFP-HA-T2A-fLuc,,normal
read_004692,0,0,0,0,TN,CMV-eGFP-HA-T2A-fLuc,,normal
read_004693,0,0,0,0,TN,CMV-eGFP-HA-T2A-fLuc,,normal
read_004694,0,0,0,0,TN,CMV-eGFP-HA-T2A-fLuc,,normal
read_004695,0,0,0,0,TN,CMV-eGFP-HA-T2A-fLuc,,normal
read_004696,0,0,0,0,TN,CMV-eGFP-HA-T2A-fLuc,,normal
read_004697,0,0,0,0,TN,CMV-eGFP-HA-T2A-fLuc,,normal
read_004698,0,0,0,0,TN,CMV-eGFP-HA-T2A-fLuc,,normal
read_004699,0,0,0,0,TN,CMV-eGFP-HA-T2A-fLuc,,normal
read_004700,0,0,0,0,TN,CMV-eGFP-HA-T2A-fLuc,,normal
read_004701,0,0,0,0,TN,CMV-eGFP-HA-T2A-fLuc,,normal
read_004702,0,0,0,0,TN,CMV-eGFP-HA-T2A-fLuc,,normal
read_004703,0,0,0,0,TN,CMV-eGFP-HA-T2A-fLuc,,normal
read_004704,0,0,0,0,TN,CMV-eGFP-HA-T2A-fLuc,,normal
read_004705,0,0,0,0,TN,CMV-eGFP-HA-T2A-fLuc,,normal
read_004706,0,0,0,0,TN,CMV-eGFP-HA-T2A-fLuc,,normal
read_004707,0,0,0,0,TN,CMV-eGFP-HA-T2A-fLuc,,normal
read_004708,0,0,0,0,TN,CMV-eGFP-HA-T2A-fLuc,,normal
read_004709,0,0,0,0,TN,CMV-eGFP-HA-T2A-fLuc,,normal
read_004710,0,0,0,0,TN,CMV-eGFP-HA-T2A-fLuc,,normal
read_004711,0,0,0,0,TN,CMV-eGFP-HA-T2A-fLuc,,normal
read_004712,0,0,0,0,TN,CMV-eGFP-HA-T2A-fLuc,,normal
read_004713,0,0,0,0,TN,CMV-eGFP-HA-T2A-fLuc,,normal
read_004714,0,0,0,0,TN,CMV-eGFP-HA-T2A-fLuc,,normal
read_004715,0,0,0,0,TN,CMV-eGFP-HA-T2A-fLuc,,normal
read_004716,0,0,0,0,TN,CMV-eGFP-HA-T2A-fLuc,,normal
read_004717,0,0,0,0,TN,CMV-eGFP-HA-T2A-fLuc,,normal
read_004718,0,0,0,0,TN,CMV-eGFP-HA-T2A-fLuc,,normal
read_004719,0,0,0,0,TN,CMV-eGFP-HA-T2A-fLuc,,normal
read_004720,0,0,0,0,TN,CMV-eGFP-HA-T2A-fLuc,,normal
read_004721,0,0,0,0,TN,CMV-eGFP-HA-T2A-fLuc,,normal
read_004722,0,0,0,0,TN,CMV-eGFP-HA-T2A-fLuc,,normal
read_004723,0,0,0,0,TN,CMV-eGFP-HA-T2A-fLuc,,normal
read_004724,0,0,0,0,TN,CMV-eGFP-HA-T2A-fLuc,,normal
read_004725,0,0,0,0,TN,CMV-eGFP-HA-T2A-fLuc,,normal
read_004726,0,0,0,0,TN,CMV-eGFP-HA-T2A-fLuc,,normal
read_004727,0,0,0,0,TN,CMV-eGFP-HA-T2A-fLuc,,normal
read_004728,0,0,0,0,TN,CMV-eGFP-HA-T2A-fLuc,,normal
read_004729,0,0,0,0,TN,CMV-eGFP-HA-T2A-fLuc,,normal
read_004730,0,0,0,0,TN,CMV-eGFP-HA-T2A-fLuc,,normal
read_004731,0,0,0,0,TN,CMV-eGFP-HA-T2A-fLuc,,normal
read_004732,0,0,0,0,TN,CMV-eGFP-HA-T2A-fLuc,,normal
read_004733,0,0,0,0,TN,CMV-eGFP-HA-T2A-fLuc,,normal
read_004734,0,0,0,0,TN,CMV-eGFP-HA-T2A-fLuc,,normal
read_004735,0,0,0,0,TN,CMV-eGFP-HA-T2A-fLuc,,normal
read_004736,0,0,0,0,TN,CMV-eGFP-HA-T2A-fLuc,,normal
read_004737,0,0,0,0,TN,CMV-eGFP-HA-T2A-fLuc,,normal
read_004738,0,0,0,0,TN,CMV-eGFP-HA-T2A-fLuc,,normal
read_004739,0,0,0,0,TN,CMV-eGFP-HA-T2A-fLuc,,normal
read_004740,0,0,0,0,TN,CMV-eGFP-HA-T2A-fLuc,,normal
read_004741,0,0,0,0,TN,CMV-eGFP-HA-T2A-fLuc,,normal
read_004742,0,0,0,0,TN,CMV-eGFP-HA-T2A-fLuc,,normal
read_004743,0,0,0,0,TN,CMV-eGFP-HA-T2A-fLuc,,normal
read_004744,0,0,0,0,TN,CMV-eGFP-HA-T2A-fLuc,,normal
read_004745,0,0,0,0,TN,CMV-eGFP-HA-T2A-fLuc,,normal
read_004746,0,0,0,0,TN,CMV-eGFP-HA-T2A-fLuc,,normal
read_004747,0,0,0,0,TN,CMV-eGFP-HA-T2A-fLuc,,normal
read_004748,0,0,0,0,TN,CMV-eGFP-HA-T2A-fLuc,,normal
read_004749,0,0,0,0,TN,CMV-eGFP-HA-T2A-fLuc,,normal
read_004750,0,0,0,0,TN,CMV-eGFP-HA-T2A-fLuc,,normal
read_004751,0,0,0,0,TN,CMV-eGFP-HA-T2A-fLuc,,normal
read_004752,0,0,0,0,TN,CMV-eGFP-HA-T2A-fLuc,,normal
read_004753,0,0,0,0,TN,CMV-eGFP-HA-T2A-fLuc,,normal
read_004754,0,0,0,0,TN,CMV-eGFP-HA-T2A-fLuc,,normal
read_004755,0,0,0,0,TN,CMV-eGFP-HA-T2A-fLuc,,normal
read_004756,0,0,0,0,TN,CMV-eGFP-HA-T2A-fLuc,,normal
read_004757,0,0,0,0,TN,CMV-eGFP-HA-T2A-fLuc,,normal
read_004758,0,0,0,0,TN,CMV-eGFP-HA-T2A-fLuc,,normal
read_004759,0,0,0,0,TN,CMV-eGFP-HA-T2A-fLuc,,normal
read_004760,0,0,0,0,TN,CMV-eGFP-HA-T2A-fLuc,,normal
read_004761,0,0,0,0,TN,CMV-eGFP-HA-T2A-fLuc,,normal
read_004762,0,0,0,0,TN,CMV-eGFP-HA-T2A-fLuc,,normal
read_004763,0,0,0,0,TN,CMV-eGFP-HA-T2A-fLuc,,normal
read_004764,0,0,0,0,TN,CMV-eGFP-HA-T2A-fLuc,,normal
read_004765,0,0,0,0,TN,CMV-eGFP-HA-T2A-fLuc,,normal
read_004766,0,0,0,0,TN,CMV-eGFP-HA-T2A-fLuc,,normal
read_004767,0,0,0,0,TN,CMV-eGFP-HA-T2A-fLuc,,normal
read_004768,0,0,0,0,TN,CMV-eGFP-HA-T2A-fLuc,,normal
read_004769,0,0,0,0,TN,CMV-eGFP-HA-T2A-fLuc,,normal
read_004770,0,0,0,0,TN,CMV-eGFP-HA-T2A-fLuc,,normal
read_004771,0,0,0,0,TN,CMV-eGFP-HA-T2A-fLuc,,normal
read_004772,0,0,0,0,TN,CMV-eGFP-HA-T2A-fLuc,,normal
read_004773,0,0,0,0,TN,CMV-eGFP-HA-T2A-fLuc,,normal
read_004774,0,0,0,0,TN,CMV-eGFP-HA-T2A-fLuc,,normal
read_004775,0,0,0,0,TN,CMV-eGFP-HA-T2A-fLuc,,normal
read_004776,0,0,0,0,TN,CMV-eGFP-HA-T2A-fLuc,,normal
read_004777,0,0,0,0,TN,CMV-eGFP-HA-T2A-fLuc,,normal
read_004778,0,0,0,0,TN,CMV-eGFP-HA-T2A-fLuc,,normal
read_004779,0,0,0,0,TN,CMV-eGFP-HA-T2A-fLuc,,normal
read_004780,0,0,0,0,TN,CMV-eGFP-HA-T2A-fLuc,,normal
read_004781,0,0,0,0,TN,CMV-eGFP-HA-T2A-fLuc,,normal
read_004782,0,0,0,0,TN,CMV-eGFP-HA-T2A-fLuc,,normal
read_004783,0,0,0,0,TN,CMV-eGFP-HA-T2A-fLuc,,normal
read_004784,0,0,0,0,TN,CMV-eGFP-HA-T2A-fLuc,,normal
read_004785,0,0,0,0,TN,CMV-eGFP-HA-T2A-fLuc,,normal
read_004786,0,0,0,0,TN,CMV-eGFP-HA-T2A-fLuc,,normal
read_004787,0,0,0,0,TN,CMV-eGFP-HA-T2A-fLuc,,normal
read_004788,0,0,0,0,TN,CMV-eGFP-HA-T2A-fLuc,,normal
read_004789,0,0,0,0,TN,CMV-eGFP-HA-T2A-fLuc,,normal
read_004790,0,0,0,0,TN,CMV-eGFP-HA-T2A-fLuc,,normal
read_004791,0,0,0,0,TN,CMV-eGFP-HA-T2A-fLuc,,normal
read_004792,0,0,0,0,TN,CMV-eGFP-HA-T2A-fLuc,,normal
read_004793,0,0,0,0,TN,CMV-eGFP-HA-T2A-fLuc,,normal
read_004794,0,0,0,0,TN,CMV-eGFP-HA-T2A-fLuc,,normal
read_004795,0,0,0,0,TN,CMV-eGFP-HA-T2A-fLuc,,normal
read_004796,0,0,0,0,TN,CMV-eGFP-HA-T2A-fLuc,,normal
read_004797,0,0,0,0,TN,CMV-eGFP-HA-T2A-fLuc,,normal
read_004798,0,0,0,0,TN,CMV-eGFP-HA-T2A-fLuc,,normal
read_004799,0,0,0,0,TN,CMV-eGFP-HA-T2A-fLuc,,normal
read_004800,0,0,0,0,TN,CMV-eGFP-HA-T2A-fLuc,,normal
read_004801,0,0,0,0,TN,CMV-eGFP-HA-T2A-fLuc,,normal
read_004802,0,0,0,0,TN,CMV-eGFP-HA-T2A-fLuc,,normal
read_004803,0,0,0,0,TN,CMV-eGFP-HA-T2A-fLuc,,normal
read_004804,0,0,0,0,TN,CMV-eGFP-HA-T2A-fLuc,,normal
read_004805,0,0,0,0,TN,CMV-eGFP-HA-T2A-fLuc,,normal
read_004806,0,0,0,0,TN,CMV-eGFP-HA-T2A-fLuc,,normal
read_004807,0,0,0,0,TN,CMV-eGFP-HA-T2A-fLuc,,normal
read_004808,0,0,0,0,TN,CMV-eGFP-HA-T2A-fLuc,,normal
read_004809,0,0,0,0,TN,CMV-eGFP-HA-T2A-fLuc,,normal
read_004810,0,0,0,0,TN,CMV-eGFP-HA-T2A-fLuc,,normal
read_004811,0,0,0,0,TN,CMV-eGFP-HA-T2A-fLuc,,normal
read_004812,0,0,0,0,TN,CMV-eGFP-HA-T2A-fLuc,,normal
read_004813,0,0,0,0,TN,CMV-eGFP-HA-T2A-fLuc,,normal
read_004814,0,0,0,0,TN,CMV-eGFP-HA-T2A-fLuc,,normal
read_004815,0,0,0,0,TN,CMV-eGFP-HA-T2A-fLuc,,normal
read_004816,0,0,0,0,TN,CMV-eGFP-HA-T2A-fLuc,,normal
read_004817,0,0,0,0,TN,CMV-eGFP-HA-T2A-fLuc,,normal
read_004818,0,0,0,0,TN,CMV-eGFP-HA-T2A-fLuc,,normal
read_004819,0,0,0,0,TN,CMV-eGFP-HA-T2A-fLuc,,normal
read_004820,0,0,0,0,TN,CMV-eGFP-HA-T2A-fLuc,,normal
read_004821,0,0,0,0,TN,CMV-eGFP-HA-T2A-fLuc,,normal
read_004822,0,0,0,0,TN,CMV-eGFP-HA-T2A-fLuc,,normal
read_004823,0,0,0,0,TN,CMV-eGFP-HA-T2A-fLuc,,normal
read_004824,0,0,0,0,TN,CMV-eGFP-HA-T2A-fLuc,,normal
read_004825,0,0,0,0,TN,CMV-eGFP-HA-T2A-fLuc,,normal
read_004826,0,0,0,0,TN,CMV-eGFP-HA-T2A-fLuc,,normal
read_004827,0,0,0,0,TN,CMV-eGFP-HA-T2A-fLuc,,normal
read_004828,0,0,0,0,TN,CMV-eGFP-HA-T2A-fLuc,,normal
read_004829,0,0,0,0,TN,CMV-eGFP-HA-T2A-fLuc,,normal
read_004830,0,0,0,0,TN,CMV-eGFP-HA-T2A-fLuc,,normal
read_004831,0,0,0,0,TN,CMV-eGFP-HA-T2A-fLuc,,normal
read_004832,0,0,0,0,TN,CMV-eGFP-HA-T2A-fLuc,,normal
read_004833,0,0,0,0,TN,CMV-eGFP-HA-T2A-fLuc,,normal
read_004834,0,0,0,0,TN,CMV-eGFP-HA-T2A-fLuc,,normal
read_004835,0,0,0,0,TN,CMV-eGFP-HA-T2A-fLuc,,normal
read_004836,0,0,0,0,TN,CMV-eGFP-HA-T2A-fLuc,,normal
read_004837,0,0,0,0,TN,CMV-eGFP-HA-T2A-fLuc,,normal
read_004838,0,0,0,0,TN,CMV-eGFP-HA-T2A-fLuc,,normal
read_004839,0,0,0,0,TN,CMV-eGFP-HA-T2A-fLuc,,normal
read_004840,0,0,0,0,TN,CMV-eGFP-HA-T2A-fLuc,,normal
read_004841,0,0,0,0,TN,CMV-eGFP-HA-T2A-fLuc,,normal
read_004842,0,0,0,0,TN,CMV-eGFP-HA-T2A-fLuc,,normal
read_004843,0,0,0,0,TN,CMV-eGFP-HA-T2A-fLuc,,normal
read_004844,0,0,0,0,TN,CMV-eGFP-HA-T2A-fLuc,,normal
read_004845,0,0,0,0,TN,CMV-eGFP-HA-T2A-fLuc,,normal
read_004846,0,0,0,0,TN,CMV-eGFP-HA-T2A-fLuc,,normal
read_004847,0,0,0,0,TN,CMV-eGFP-HA-T2A-fLuc,,normal
read_004848,0,0,0,0,TN,CMV-eGFP-HA-T2A-fLuc,,normal
read_004849,0,0,0,0,TN,CMV-eGFP-HA-T2A-fLuc,,normal
read_004850,0,0,0,0,TN,CMV-eGFP-HA-T2A-fLuc,,normal
read_004851,0,0,0,0,TN,CMV-eGFP-HA-T2A-fLuc,,normal
read_004852,0,0,0,0,TN,CMV-eGFP-HA-T2A-fLuc,,normal
read_004853,0,0,0,0,TN,CMV-eGFP-HA-T2A-fLuc,,normal
read_004854,0,0,0,0,TN,CMV-eGFP-HA-T2A-fLuc,,normal
read_004855,0,0,0,0,TN,CMV-eGFP-HA-T2A-fLuc,,normal
read_004856,0,0,0,0,TN,CMV-eGFP-HA-T2A-fLuc,,normal
read_004857,0,0,0,0,TN,CMV-eGFP-HA-T2A-fLuc,,normal
read_004858,0,0,0,0,TN,CMV-eGFP-HA-T2A-fLuc,,normal
read_004859,0,0,0,0,TN,CMV-eGFP-HA-T2A-fLuc,,normal
read_004860,0,0,0,0,TN,CMV-eGFP-HA-T2A-fLuc,,normal
read_004861,0,0,0,0,TN,CMV-eGFP-HA-T2A-fLuc,,normal
read_004862,0,0,0,0,TN,CMV-eGFP-HA-T2A-fLuc,,normal
read_004863,0,0,0,0,TN,CMV-eGFP-HA-T2A-fLuc,,normal
read_004864,0,0,0,0,TN,CMV-eGFP-HA-T2A-fLuc,,normal
read_004865,0,0,0,0,TN,CMV-eGFP-HA-T2A-fLuc,,normal
read_004866,0,0,0,0,TN,CMV-eGFP-HA-T2A-fLuc,,normal
read_004867,0,0,0,0,TN,CMV-eGFP-HA-T2A-fLuc,,normal
read_004868,0,0,0,0,TN,CMV-eGFP-HA-T2A-fLuc,,normal
read_004869,0,0,0,0,TN,CMV-eGFP-HA-T2A-fLuc,,normal
read_004870,0,0,0,0,TN,CMV-eGFP-HA-T2A-fLuc,,normal
read_004871,0,0,0,0,TN,CMV-eGFP-HA-T2A-fLuc,,normal
read_004872,0,0,0,0,TN,CMV-eGFP-HA-T2A-fLuc,,normal
read_004873,0,0,0,0,TN,CMV-eGFP-HA-T2A-fLuc,,normal
read_004874,0,0,0,0,TN,CMV-eGFP-HA-T2A-fLuc,,normal
read_004875,0,0,0,0,TN,CMV-eGFP-HA-T2A-fLuc,,normal
read_004876,0,0,0,0,TN,CMV-eGFP-HA-T2A-fLuc,,normal
read_004877,0,0,0,0,TN,CMV-eGFP-HA-T2A-fLuc,,normal
read_004878,0,0,0,0,TN,CMV-eGFP-HA-T2A-fLuc,,normal
read_004879,0,0,0,0,TN,CMV-eGFP-HA-T2A-fLuc,,normal
read_004880,0,0,0,0,TN,CMV-eGFP-HA-T2A-fLuc,,normal
read_004881,0,0,0,0,TN,CMV-eGFP-HA-T2A-fLuc,,normal
read_004882,0,0,0,0,TN,CMV-eGFP-HA-T2A-fLuc,,normal
read_004883,0,0,0,0,TN,CMV-eGFP-HA-T2A-fLuc,,normal
read_004884,0,0,0,0,TN,CMV-eGFP-HA-T2A-fLuc,,normal
read_004885,0,0,0,0,TN,CMV-eGFP-HA-T2A-fLuc,,normal
read_004886,0,0,0,0,TN,CMV-eGFP-HA-T2A-fLuc,,normal
read_004887,0,0,0,0,TN,CMV-eGFP-HA-T2A-fLuc,,normal
read_004888,0,0,0,0,TN,CMV-eGFP-HA-T2A-fLuc,,normal
read_004889,0,0,0,0,TN,CMV-eGFP-HA-T2A-fLuc,,normal
read_004890,0,0,0,0,TN,CMV-eGFP-HA-T2A-fLuc,,normal
read_004891,0,0,0,0,TN,CMV-eGFP-HA-T2A-fLuc,,normal
read_004892,0,0,0,0,TN,CMV-eGFP-HA-T2A-fLuc,,normal
read_004893,0,0,0,0,TN,CMV-eGFP-HA-T2A-fLuc,,normal
read_004894,0,0,0,0,TN,CMV-eGFP-HA-T2A-fLuc,,normal
read_004895,0,0,0,0,TN,CMV-eGFP-HA-T2A-fLuc,,normal
read_004896,0,0,0,0,TN,CMV-eGFP-HA-T2A-fLuc,,normal
read_004897,0,0,0,0,TN,CMV-eGFP-HA-T2A-fLuc,,normal
read_004898,0,0,0,0,TN,CMV-eGFP-HA-T2A-fLuc,,normal
read_004899,0,0,0,0,TN,CMV-eGFP-HA-T2A-fLuc,,normal
read_004900,0,0,0,0,TN,CMV-eGFP-HA-T2A-fLuc,,normal
read_004901,0,0,0,0,TN,CMV-eGFP-HA-T2A-fLuc,,normal
read_004902,0,0,0,0,TN,CMV-eGFP-HA-T2A-fLuc,,normal
read_004903,0,0,0,0,TN,CMV-eGFP-HA-T2A-fLuc,,normal
read_004904,0,0,0,0,TN,CMV-eGFP-HA-T2A-fLuc,,normal
read_004905,0,0,0,0,TN,CMV-eGFP-HA-T2A-fLuc,,normal
read_004906,0,0,0,0,TN,CMV-eGFP-HA-T2A-fLuc,,normal
read_004907,0,0,0,0,TN,CMV-eGFP-HA-T2A-fLuc,,normal
read_004908,0,0,0,0,TN,CMV-eGFP-HA-T2A-fLuc,,normal
read_004909,0,0,0,0,TN,CMV-eGFP-HA-T2A-fLuc,,normal
read_004910,0,0,0,0,TN,CMV-eGFP-HA-T2A-fLuc,,normal
read_004911,0,0,0,0,TN,CMV-eGFP-HA-T2A-fLuc,,normal
read_004912,0,0,0,0,TN,CMV-eGFP-HA-T2A-fLuc,,normal
read_004913,0,0,0,0,TN,CMV-eGFP-HA-T2A-fLuc,,normal
read_004914,0,0,0,0,TN,CMV-eGFP-HA-T2A-fLuc,,normal
read_004915,0,0,0,0,TN,CMV-eGFP-HA-T2A-fLuc,,normal
read_004916,0,0,0,0,TN,CMV-eGFP-HA-T2A-fLuc,,normal
read_004917,0,0,0,0,TN,CMV-eGFP-HA-T2A-fLuc,,normal
read_004918,0,0,0,0,TN,CMV-eGFP-HA-T2A-fLuc,,normal
read_004919,0,0,0,0,TN,CMV-eGFP-HA-T2A-fLuc,,normal
read_004920,0,0,0,0,TN,CMV-eGFP-HA-T2A-fLuc,,normal
read_004921,0,0,0,0,TN,CMV-eGFP-HA-T2A-fLuc,,normal
read_004922,0,0,0,0,TN,CMV-eGFP-HA-T2A-fLuc,,normal
read_004923,0,0,0,0,TN,CMV-eGFP-HA-T2A-fLuc,,normal
read_004924,0,0,0,0,TN,CMV-eGFP-HA-T2A-fLuc,,normal
read_004925,0,0,0,0,TN,CMV-eGFP-HA-T2A-fLuc,,normal
read_004926,0,0,0,0,TN,CMV-eGFP-HA-T2A-fLuc,,normal
read_004927,0,0,0,0,TN,CMV-eGFP-HA-T2A-fLuc,,normal
read_004928,0,0,0,0,TN,CMV-eGFP-HA-T2A-fLuc,,normal
read_004929,0,0,0,0,TN,CMV-eGFP-HA-T2A-fLuc,,normal
read_004930,0,0,0,0,TN,CMV-eGFP-HA-T2A-fLuc,,normal
read_004931,0,0,0,0,TN,CMV-eGFP-HA-T2A-fLuc,,normal
read_004932,0,0,0,0,TN,CMV-eGFP-HA-T2A-fLuc,,normal
read_004933,0,0,0,0,TN,CMV-eGFP-HA-T2A-fLuc,,normal
read_004934,0,0,0,0,TN,CMV-eGFP-HA-T2A-fLuc,,normal
read_004935,0,0,0,0,TN,CMV-eGFP-HA-T2A-fLuc,,normal
read_004936,0,0,0,0,TN,CMV-eGFP-HA-T2A-fLuc,,normal
read_004937,0,0,0,0,TN,CMV-eGFP-HA-T2A-fLuc,,normal
read_004938,0,0,0,0,TN,CMV-eGFP-HA-T2A-fLuc,,normal
read_004939,0,0,0,0,TN,CMV-eGFP-HA-T2A-fLuc,,normal
read_004940,0,0,0,0,TN,CMV-eGFP-HA-T2A-fLuc,,normal
read_004941,0,0,0,0,TN,CMV-eGFP-HA-T2A-fLuc,,normal
read_004942,0,0,0,0,TN,CMV-eGFP-HA-T2A-fLuc,,normal
read_004943,0,0,0,0,TN,CMV-eGFP-HA-T2A-fLuc,,normal
read_004944,0,0,0,0,TN,CMV-eGFP-HA-T2A-fLuc,,normal
read_004945,0,0,0,0,TN,CMV-eGFP-HA-T2A-fLuc,,normal
read_004946,0,0,0,0,TN,CMV-eGFP-HA-T2A-fLuc,,normal
read_004947,0,0,0,0,TN,CMV-eGFP-HA-T2A-fLuc,,normal
read_004948,0,0,0,0,TN,CMV-eGFP-HA-T2A-fLuc,,normal
read_004949,0,0,0,0,TN,CMV-eGFP-HA-T2A-fLuc,,normal
read_004950,0,0,0,0,TN,CMV-eGFP-HA-T2A-fLuc,,normal
read_004951,0,0,0,0,TN,CMV-eGFP-HA-T2A-fLuc,,normal
read_004952,0,0,0,0,TN,CMV-eGFP-HA-T2A-fLuc,,normal
read_004953,0,0,0,0,TN,CMV-eGFP-HA-T2A-fLuc,,normal
read_004954,0,0,0,0,TN,CMV-eGFP-HA-T2A-fLuc,,normal
read_004955,0,0,0,0,TN,CMV-eGFP-HA-T2A-fLuc,,normal
read_004956,0,0,0,0,TN,CMV-eGFP-HA-T2A-fLuc,,normal
read_004957,0,0,0,0,TN,CMV-eGFP-HA-T2A-fLuc,,normal
read_004958,0,0,0,0,TN,CMV-eGFP-HA-T2A-fLuc,,normal
read_004959,0,0,0,0,TN,CMV-eGFP-HA-T2A-fLuc,,normal
read_004960,0,0,0,0,TN,CMV-eGFP-HA-T2A-fLuc,,normal
read_004961,0,0,0,0,TN,CMV-eGFP-HA-T2A-fLuc,,normal
read_004962,0,0,0,0,TN,CMV-eGFP-HA-T2A-fLuc,,normal
read_004963,0,0,0,0,TN,CMV-eGFP-HA-T2A-fLuc,,normal
read_004964,0,0,0,0,TN,CMV-eGFP-HA-T2A-fLuc,,normal
read_004965,0,0,0,0,TN,CMV-eGFP-HA-T2A-fLuc,,normal
read_004966,0,0,0,0,TN,CMV-eGFP-HA-T2A-fLuc,,normal
read_004967,0,0,0,0,TN,CMV-eGFP-HA-T2A-fLuc,,normal
read_004968,0,0,0,0,TN,CMV-eGFP-HA-T2A-fLuc,,normal
read_004969,0,0,0,0,TN,CMV-eGFP-HA-T2A-fLuc,,normal
read_004970,0,0,0,0,TN,CMV-eGFP-HA-T2A-fLuc,,normal
read_004971,0,0,0,0,TN,CMV-eGFP-HA-T2A-fLuc,,normal
read_004972,0,0,0,0,TN,CMV-eGFP-HA-T2A-fLuc,,normal
read_004973,0,0,0,0,TN,CMV-eGFP-HA-T2A-fLuc,,normal
read_004974,0,0,0,0,TN,CMV-eGFP-HA-T2A-fLuc,,normal
read_004975,0,0,0,0,TN,CMV-eGFP-HA-T2A-fLuc,,normal
read_004976,0,0,0,0,TN,CMV-eGFP-HA-T2A-fLuc,,normal
read_004977,0,0,0,0,TN,CMV-eGFP-HA-T2A-fLuc,,normal
read_004978,0,0,0,0,TN,CMV-eGFP-HA-T2A-fLuc,,normal
read_004979,0,0,0,0,TN,CMV-eGFP-HA-T2A-fLuc,,normal
read_004980,0,0,0,0,TN,CMV-eGFP-HA-T2A-fLuc,,normal
read_004981,0,0,0,0,TN,CMV-eGFP-HA-T2A-fLuc,,normal
read_004982,0,0,0,0,TN,CMV-eGFP-HA-T2A-fLuc,,normal
read_004983,0,0,0,0,TN,CMV-eGFP-HA-T2A-fLuc,,normal
read_004984,0,0,0,0,TN,CMV-eGFP-HA-T2A-fLuc,,normal
read_004985,0,0,0,0,TN,CMV-eGFP-HA-T2A-fLuc,,normal
read_004986,0,0,0,0,TN,CMV-eGFP-HA-T2A-fLuc,,normal
read_004987,0,0,0,0,TN,CMV-eGFP-HA-T2A-fLuc,,normal
read_004988,0,0,0,0,TN,CMV-eGFP-HA-T2A-fLuc,,normal
read_004989,0,0,0,0,TN,CMV-eGFP-HA-T2A-fLuc,,normal
read_004990,0,0,0,0,TN,CMV-eGFP-HA-T2A-fLuc,,normal
read_004991,0,0,0,0,TN,CMV-eGFP-HA-T2A-fLuc,,normal
read_004992,0,0,0,0,TN,CMV-eGFP-HA-T2A-fLuc,,normal
read_004993,0,0,0,0,TN,CMV-eGFP-HA-T2A-fLuc,,normal
read_004994,0,0,0,0,TN,CMV-eGFP-HA-T2A-fLuc,,normal
read_004995,0,0,0,0,TN,CMV-eGFP-HA-T2A-fLuc,,normal
read_004996,0,0,0,0,TN,CMV-eGFP-HA-T2A-fLuc,,normal
read_004997,0,0,0,0,TN,CMV-eGFP-HA-T2A-fLuc,,normal
read_004998,0,0,0,0,TN,CMV-eGFP-HA-T2A-fLuc,,normal
read_004999,0,0,0,0,TN,CMV-eGFP-HA-T2A-fLuc,,normal
read_005000,0,0,0,0,TN,CMV-eGFP-HA-T2A-fLuc,,normal
read_005001,0,0,0,0,TN,CMV-eGFP-HA-T2A-fLuc,,normal
read_005002,0,0,0,0,TN,CMV-eGFP-HA-T2A-fLuc,,normal
read_005003,0,0,0,0,TN,CMV-eGFP-HA-T2A-fLuc,,normal
read_005004,0,0,0,0,TN,CMV-eGFP-HA-T2A-fLuc,,normal
read_005005,0,0,0,0,TN,CMV-eGFP-HA-T2A-fLuc,,normal
read_005006,0,0,0,0,TN,CMV-eGFP-HA-T2A-fLuc,,normal
read_005007,0,0,0,0,TN,CMV-eGFP-HA-T2A-fLuc,,normal
read_005008,0,0,0,0,TN,CMV-eGFP-HA-T2A-fLuc,,normal
read_005009,0,0,0,0,TN,CMV-eGFP-HA-T2A-fLuc,,normal
read_005010,0,0,0,0,TN,CMV-eGFP-HA-T2A-fLuc,,normal
read_005011,0,0,0,0,TN,CMV-eGFP-HA-T2A-fLuc,,normal
read_005012,0,0,0,0,TN,CMV-eGFP-HA-T2A-fLuc,,normal
read_005013,0,0,0,0,TN,CMV-eGFP-HA-T2A-fLuc,,normal
read_005014,0,0,0,0,TN,CMV-eGFP-HA-T2A-fLuc,,normal
read_005015,0,0,0,0,TN,CMV-eGFP-HA-T2A-fLuc,,normal
read_005016,0,0,0,0,TN,CMV-eGFP-HA-T2A-fLuc,,normal
read_005017,0,0,0,0,TN,CMV-eGFP-HA-T2A-fLuc,,normal
read_005018,0,0,0,0,TN,CMV-eGFP-HA-T2A-fLuc,,normal
read_005019,0,0,0,0,TN,CMV-eGFP-HA-T2A-fLuc,,normal
read_005020,0,0,0,0,TN,CMV-eGFP-HA-T2A-fLuc,,normal
read_005021,0,0,0,0,TN,CMV-eGFP-HA-T2A-fLuc,,normal
read_005022,0,0,0,0,TN,CMV-eGFP-HA-T2A-fLuc,,normal
read_005023,0,0,0,0,TN,CMV-eGFP-HA-T2A-fLuc,,normal
read_005024,0,0,0,0,TN,CMV-eGFP-HA-T2A-fLuc,,normal
read_005025,0,0,0,0,TN,CMV-eGFP-HA-T2A-fLuc,,normal
read_005026,0,0,0,0,TN,CMV-eGFP-HA-T2A-fLuc,,normal
read_005027,0,0,0,0,TN,CMV-eGFP-HA-T2A-fLuc,,normal
read_005028,0,0,0,0,TN,CMV-eGFP-HA-T2A-fLuc,,normal
read_005029,0,0,0,0,TN,CMV-eGFP-HA-T2A-fLuc,,normal
read_005030,0,0,0,0,TN,CMV-eGFP-HA-T2A-fLuc,,normal
read_005031,0,0,0,0,TN,CMV-eGFP-HA-T2A-fLuc,,normal
read_005032,0,0,0,0,TN,CMV-eGFP-HA-T2A-fLuc,,normal
read_005033,0,0,0,0,TN,CMV-eGFP-HA-T2A-fLuc,,normal
read_005034,0,0,0,0,TN,CMV-eGFP-HA-T2A-fLuc,,normal
read_005035,0,0,0,0,TN,CMV-eGFP-HA-T2A-fLuc,,normal
read_005036,0,0,0,0,TN,CMV-eGFP-HA-T2A-fLuc,,normal
read_005037,0,0,0,0,TN,CMV-eGFP-HA-T2A-fLuc,,normal
read_005038,0,0,0,0,TN,CMV-eGFP-HA-T2A-fLuc,,normal
read_005039,0,0,0,0,TN,CMV-eGFP-HA-T2A-fLuc,,normal
read_005040,0,0,0,0,TN,CMV-eGFP-HA-T2A-fLuc,,normal
read_005041,0,0,0,0,TN,CMV-eGFP-HA-T2A-fLuc,,normal
read_005042,0,0,0,0,TN,CMV-eGFP-HA-T2A-fLuc,,normal
read_005043,0,0,0,0,TN,CMV-eGFP-HA-T2A-fLuc,,normal
read_005044,0,0,0,0,TN,CMV-eGFP-HA-T2A-fLuc,,normal
read_005045,0,0,0,0,TN,CMV-eGFP-HA-T2A-fLuc,,normal
read_005046,0,0,0,0,TN,CMV-eGFP-HA-T2A-fLuc,,normal
read_005047,0,0,0,0,TN,CMV-eGFP-HA-T2A-fLuc,,normal
read_005048,0,0,0,0,TN,CMV-eGFP-HA-T2A-fLuc,,normal
read_005049,0,0,0,0,TN,CMV-eGFP-HA-T2A-fLuc,,normal
read_005050,0,0,0,0,TN,CMV-eGFP-HA-T2A-fLuc,,normal
read_005051,0,0,0,0,TN,CMV-eGFP-HA-T2A-fLuc,,normal
read_005052,0,0,0,0,TN,CMV-eGFP-HA-T2A-fLuc,,normal
read_005053,0,0,0,0,TN,CMV-eGFP-HA-T2A-fLuc,,normal
read_005054,0,0,0,0,TN,CMV-eGFP-HA-T2A-fLuc,,normal
read_005055,0,0,0,0,TN,CMV-eGFP-HA-T2A-fLuc,,normal
read_005056,0,0,0,0,TN,CMV-eGFP-HA-T2A-fLuc,,normal
read_005057,0,0,0,0,TN,CMV-eGFP-HA-T2A-fLuc,,normal
read_005058,0,0,0,0,TN,CMV-eGFP-HA-T2A-fLuc,,normal
read_005059,0,0,0,0,TN,CMV-eGFP-HA-T2A-fLuc,,normal
read_005060,0,0,0,0,TN,CMV-eGFP-HA-T2A-fLuc,,normal
read_005061,0,0,0,0,TN,CMV-eGFP-HA-T2A-fLuc,,normal
read_005062,0,0,0,0,TN,CMV-eGFP-HA-T2A-fLuc,,normal
read_005063,0,0,0,0,TN,CMV-eGFP-HA-T2A-fLuc,,normal
read_005064,0,0,0,0,TN,CMV-eGFP-HA-T2A-fLuc,,normal
read_005065,0,0,0,0,TN,CMV-eGFP-HA-T2A-fLuc,,normal
read_005066,0,0,0,0,TN,CMV-eGFP-HA-T2A-fLuc,,normal
read_005067,0,0,0,0,TN,CMV-eGFP-HA-T2A-fLuc,,normal
read_005068,0,0,0,0,TN,CMV-eGFP-HA-T2A-fLuc,,normal
read_005069,0,0,0,0,TN,CMV-eGFP-HA-T2A-fLuc,,normal
read_005070,0,0,0,0,TN,CMV-eGFP-HA-T2A-fLuc,,normal
